{
"type": "FeatureCollection",
"name": "caqueta28",
"crs": { "type": "name", "properties": { "name": "urn:ogc:def:crs:OGC:1.3:CRS84" } },
"features": [
{ "type": "Feature", "properties": { "dpto_ccdgo": "18", "mpio_ccdgo": "001", "mpio_cdpmp": "18001", "dpto_cnmbr": "CAQUETÁ", "mpio_cnmbr": "FLORENCIA", "mpio_crslc": "Decreto 642 de Junio 17 de 1912", "mpio_tipo": "MUNICIPIO", "mpio_narea": 2547.6312109400001, "mpio_nano": 2024, "shape_Leng": 2.9421012536000002, "shape_Area": 0.20692725571000001 }, "geometry": { "type": "MultiPolygon", "coordinates": [ [ [ [ -75.47782770482479, 1.520796061048549 ], [ -75.473966217141935, 1.510614872695267 ], [ -75.470938619133904, 1.509623664532714 ], [ -75.475104219122102, 1.503064943534153 ], [ -75.471296285445931, 1.50042718861902 ], [ -75.464190016590635, 1.498895689196598 ], [ -75.464781379810063, 1.493735243764415 ], [ -75.463150514959864, 1.489735216889873 ], [ -75.46625769927391, 1.487978301236926 ], [ -75.466944928081944, 1.485950775973795 ], [ -75.463977263920754, 1.480515478185019 ], [ -75.459852722363621, 1.478977049152959 ], [ -75.458425550666391, 1.472763247362417 ], [ -75.462236197256914, 1.470455213046834 ], [ -75.460468888087803, 1.46746647618903 ], [ -75.463379502894782, 1.463689280191497 ], [ -75.463484233065628, 1.458606490584264 ], [ -75.460876468430058, 1.452592289219042 ], [ -75.457207673122468, 1.454982635331319 ], [ -75.456102913325878, 1.453597167954454 ], [ -75.460250008902847, 1.448736610047532 ], [ -75.458871310336974, 1.444980861344502 ], [ -75.460303500027351, 1.429700156740117 ], [ -75.464811186833231, 1.424959397356622 ], [ -75.463018174148431, 1.421522117845287 ], [ -75.457399078210926, 1.419639339137558 ], [ -75.456778591586783, 1.417395096037807 ], [ -75.460339609635639, 1.411526596137854 ], [ -75.468020815103955, 1.403670891888391 ], [ -75.470159616566661, 1.398048763236273 ], [ -75.468535638206959, 1.392556936218247 ], [ -75.472126764214863, 1.381268077524615 ], [ -75.478992414637958, 1.371913940864679 ], [ -75.479136706645477, 1.361727580007894 ], [ -75.476445140805197, 1.352012047227948 ], [ -75.477279738353047, 1.346162533236637 ], [ -75.47923311032531, 1.343174706372965 ], [ -75.567899275571165, 1.321787847879155 ], [ -75.571083981861079, 1.322851818739406 ], [ -75.575808517657777, 1.321906687899415 ], [ -75.57628317166251, 1.326635199642596 ], [ -75.584055381033238, 1.327733587683777 ], [ -75.579501375257735, 1.3299486391068 ], [ -75.579411612828096, 1.331855023762363 ], [ -75.583767736656796, 1.332138916771179 ], [ -75.590782435670633, 1.338835970348927 ], [ -75.590393263619831, 1.340057291138056 ], [ -75.585985080582304, 1.34027239829411 ], [ -75.583969643957573, 1.345716231881538 ], [ -75.588593405767085, 1.344028862056658 ], [ -75.588002224007482, 1.349660368229551 ], [ -75.593957368282474, 1.354735717983617 ], [ -75.597658081655879, 1.355744099253214 ], [ -75.597185384183376, 1.361155918654986 ], [ -75.603068606584486, 1.36227144656544 ], [ -75.599721298810323, 1.367828337713016 ], [ -75.602376762228857, 1.371307107745434 ], [ -75.601975428776086, 1.373023516533335 ], [ -75.599698815757506, 1.373755777922396 ], [ -75.597812312631561, 1.369343533598389 ], [ -75.595295385709903, 1.36970036357824 ], [ -75.598516693885301, 1.375243761121136 ], [ -75.595362703714329, 1.374295362207589 ], [ -75.595055026891089, 1.376771866705753 ], [ -75.592241530823514, 1.377949663186362 ], [ -75.592856988674669, 1.382339374151818 ], [ -75.589193400904946, 1.384685595880567 ], [ -75.592840834258084, 1.386474965893963 ], [ -75.591382558369332, 1.393036486943464 ], [ -75.596735798584973, 1.394819016280514 ], [ -75.601758305798853, 1.408372949123714 ], [ -75.602171282325344, 1.413622231720026 ], [ -75.600328072640764, 1.42285932229673 ], [ -75.605360164886349, 1.421805739562696 ], [ -75.60741629342931, 1.424506432293404 ], [ -75.611703422995902, 1.424283695739511 ], [ -75.613145470806046, 1.427291420302609 ], [ -75.618650966600512, 1.427974413550645 ], [ -75.618553492128001, 1.429372460046466 ], [ -75.614347760770784, 1.430160518537242 ], [ -75.615337984379039, 1.436129684626513 ], [ -75.618511653060295, 1.436237399901417 ], [ -75.619931963419901, 1.440016282936356 ], [ -75.62253474329998, 1.440784089791261 ], [ -75.62690812018576, 1.438364337304664 ], [ -75.629224993032494, 1.44557219132626 ], [ -75.632209202377794, 1.448579331085619 ], [ -75.63326848582517, 1.446629718565816 ], [ -75.631086743959372, 1.441832302392229 ], [ -75.632195208411133, 1.440626150567057 ], [ -75.633501138889358, 1.441266754978026 ], [ -75.635119789336954, 1.447959891897949 ], [ -75.634562761551649, 1.453888776599445 ], [ -75.636134985231706, 1.45497268378672 ], [ -75.638843104340879, 1.454005493000678 ], [ -75.64042663781936, 1.455363894116485 ], [ -75.641434192638258, 1.458173445678389 ], [ -75.64016589531218, 1.46162882266386 ], [ -75.644078878061407, 1.466920789643287 ], [ -75.645945551759894, 1.466632440088775 ], [ -75.647306884979173, 1.463422041961296 ], [ -75.64997486912614, 1.463974521572651 ], [ -75.649422674280913, 1.474712758372489 ], [ -75.652957792082873, 1.47319116557888 ], [ -75.651196480071349, 1.478119699057558 ], [ -75.655726404689801, 1.481156858741035 ], [ -75.659648065171609, 1.481053888371209 ], [ -75.6605360038252, 1.485574711251811 ], [ -75.664578044939219, 1.488853378700276 ], [ -75.663547009038439, 1.496430160323268 ], [ -75.671520081866731, 1.492248386155583 ], [ -75.672013096552178, 1.496273636845115 ], [ -75.673888652799292, 1.497423107625627 ], [ -75.675012914137938, 1.492733703171231 ], [ -75.679812514117941, 1.494083011532411 ], [ -75.68199341695663, 1.49049702658713 ], [ -75.686698538347912, 1.492866354799973 ], [ -75.69550137129238, 1.488564800973494 ], [ -75.696583824106085, 1.495510070041785 ], [ -75.70307975281645, 1.501779952801885 ], [ -75.705082583372757, 1.508707681351959 ], [ -75.707652215392443, 1.502710865994549 ], [ -75.711583316277085, 1.500154368253221 ], [ -75.729842995739943, 1.498044680313811 ], [ -75.731496139725266, 1.492745009376408 ], [ -75.727376193054454, 1.487555071331616 ], [ -75.729502455822455, 1.486627040834996 ], [ -75.733381368140783, 1.488805072655715 ], [ -75.734583192777791, 1.492301775770419 ], [ -75.732473638687395, 1.501321858354363 ], [ -75.735436584892966, 1.511217242980628 ], [ -75.734727617736041, 1.513514183093619 ], [ -75.736771383654172, 1.514764826713622 ], [ -75.735981204239295, 1.516448286168929 ], [ -75.740271971087395, 1.524976213755883 ], [ -75.7389586097392, 1.528735802759766 ], [ -75.740443417390964, 1.531575476653805 ], [ -75.73737955975588, 1.534417751172676 ], [ -75.747881613109939, 1.541590628362485 ], [ -75.749922590655217, 1.544794757142549 ], [ -75.755167395146486, 1.543881586589223 ], [ -75.7569782447938, 1.54492061301079 ], [ -75.759522822780241, 1.548078062596529 ], [ -75.758529262826357, 1.550537415547343 ], [ -75.759782949042688, 1.552529364801879 ], [ -75.759518662678829, 1.555452945003594 ], [ -75.756934521059122, 1.555934725349103 ], [ -75.757574545157979, 1.558605875161569 ], [ -75.759763517569297, 1.559289943693883 ], [ -75.763799790596238, 1.556452582963536 ], [ -75.765971427305431, 1.559957349362685 ], [ -75.769669943397844, 1.560511957084601 ], [ -75.768056539115776, 1.566092565571227 ], [ -75.765556974845765, 1.567032937133053 ], [ -75.768982636436363, 1.5691560683714 ], [ -75.770240621993082, 1.574590423826684 ], [ -75.772051521946139, 1.576148349010908 ], [ -75.770329268714306, 1.577666902801475 ], [ -75.773631409159975, 1.582837042859926 ], [ -75.775184408877578, 1.582795303505299 ], [ -75.776408129967137, 1.579782251029991 ], [ -75.778776472727429, 1.582602538366432 ], [ -75.785477619033031, 1.581557577669391 ], [ -75.786018126787042, 1.577502874791504 ], [ -75.787510373393616, 1.57705771070445 ], [ -75.787944257326672, 1.585522975360482 ], [ -75.782608687885102, 1.594929475758313 ], [ -75.785824791217522, 1.593941267072845 ], [ -75.786064541876499, 1.597189245351829 ], [ -75.788433287980638, 1.598063267293887 ], [ -75.788611839065425, 1.600172553686044 ], [ -75.793456027858383, 1.605156496193911 ], [ -75.79743638700262, 1.605585379201777 ], [ -75.799572455788052, 1.602202798151662 ], [ -75.805471203784577, 1.606633625938763 ], [ -75.804397246345275, 1.609115944338091 ], [ -75.801416421854697, 1.609117018724074 ], [ -75.800147156143964, 1.611202189823175 ], [ -75.804400915067845, 1.613449008394944 ], [ -75.805144028114171, 1.615360296059196 ], [ -75.801717364002911, 1.616132634019996 ], [ -75.803146918932498, 1.622040799062936 ], [ -75.799825472777627, 1.62161201397149 ], [ -75.800455648638206, 1.623786777718599 ], [ -75.798493983412527, 1.624804330794502 ], [ -75.798799731551355, 1.62726252851095 ], [ -75.795446319719986, 1.626743511170541 ], [ -75.797958192715839, 1.633192280087366 ], [ -75.794777146165302, 1.634482806242782 ], [ -75.794243497952209, 1.635925349923374 ], [ -75.795716209779016, 1.636359030836961 ], [ -75.792989974331078, 1.641353869917918 ], [ -75.789288170402074, 1.642629141769393 ], [ -75.788493774291908, 1.645479405910738 ], [ -75.781360123866591, 1.648079074922428 ], [ -75.779898443360253, 1.650336505301085 ], [ -75.782226564021641, 1.653692029971582 ], [ -75.781154778710459, 1.656860962730737 ], [ -75.776231146443763, 1.661283238549495 ], [ -75.770680862410131, 1.660657587506711 ], [ -75.763293017302999, 1.670843273728177 ], [ -75.762945077956601, 1.675723049309305 ], [ -75.761256411861666, 1.677025637153722 ], [ -75.758677440050519, 1.676629183353428 ], [ -75.758094031419319, 1.678123888650809 ], [ -75.758080119199406, 1.681137996647418 ], [ -75.76018229811541, 1.683567466218209 ], [ -75.758180347010466, 1.684708945579533 ], [ -75.758139500581933, 1.686643581374997 ], [ -75.760400314018739, 1.686483649685959 ], [ -75.764768928931403, 1.69100780801383 ], [ -75.762997939361583, 1.694508726925585 ], [ -75.767355213933058, 1.694716228938396 ], [ -75.765648589603018, 1.697933723762245 ], [ -75.768543007772507, 1.699453528906962 ], [ -75.768955626769184, 1.708804112727087 ], [ -75.772905463830682, 1.714765785064271 ], [ -75.771245279742857, 1.718918488827871 ], [ -75.772829233633217, 1.723550299548582 ], [ -75.783155957263659, 1.722800898290245 ], [ -75.78658466863709, 1.726199012122271 ], [ -75.785979931289091, 1.737046851558935 ], [ -75.787588375070243, 1.747222765898975 ], [ -75.786029707876935, 1.752159387814918 ], [ -75.786770206823746, 1.757685364315642 ], [ -75.785661577081839, 1.7632291643042 ], [ -75.7797084522212, 1.761121135554444 ], [ -75.773648231923687, 1.762160286841902 ], [ -75.770198013966876, 1.766681264232866 ], [ -75.761027158025229, 1.769383123876083 ], [ -75.7570486961244, 1.776274044826384 ], [ -75.744675500848018, 1.778710612890148 ], [ -75.737149243211604, 1.782464397874406 ], [ -75.734282017067414, 1.78651524428171 ], [ -75.73401700396596, 1.796482834649757 ], [ -75.731686165000326, 1.800068424336089 ], [ -75.7334109353136, 1.808272703939597 ], [ -75.730669797701523, 1.82334896799209 ], [ -75.725358836728446, 1.829373764096277 ], [ -75.718306122778074, 1.831915025499988 ], [ -75.707912631810927, 1.839681591649329 ], [ -75.703429722356987, 1.850646138504031 ], [ -75.702658782175888, 1.863209697720194 ], [ -75.701002672849427, 1.867863924120059 ], [ -75.697833237033194, 1.871061914706913 ], [ -75.691759598589613, 1.873874086656573 ], [ -75.688198325418966, 1.880709009282365 ], [ -75.674733428267416, 1.885624217141515 ], [ -75.66802334731085, 1.890364105158485 ], [ -75.659685712696842, 1.891049388213991 ], [ -75.656145075641405, 1.897502487013916 ], [ -75.651758622867931, 1.901053837385853 ], [ -75.649691981332865, 1.907182132968004 ], [ -75.642981902172949, 1.914463280592033 ], [ -75.641268687796696, 1.922543933049294 ], [ -75.641240140212574, 1.926141676951048 ], [ -75.647379027838838, 1.935774461352694 ], [ -75.641582783986109, 1.949469912203529 ], [ -75.641038525762781, 1.958031066702678 ], [ -75.631531938589148, 1.964774606336728 ], [ -75.623927166337637, 1.974804409579409 ], [ -75.616225216956252, 1.987934501662409 ], [ -75.616136049211775, 1.997007417803577 ], [ -75.601133411138107, 2.00572366117019 ], [ -75.594122520085818, 2.006905147034588 ], [ -75.588059046986018, 2.011118373042061 ], [ -75.58959253168689, 2.021319342313703 ], [ -75.588146718136045, 2.024180061056629 ], [ -75.583835133712967, 2.02716390658383 ], [ -75.58436028834825, 2.031165510901273 ], [ -75.57951069618457, 2.037680846830297 ], [ -75.569829757553464, 2.041384450086165 ], [ -75.571619115888836, 2.049741118219274 ], [ -75.564981848833952, 2.05996033318711 ], [ -75.562075665419798, 2.063376436695417 ], [ -75.557864694185355, 2.065347757021341 ], [ -75.555413144007275, 2.069250586104685 ], [ -75.555645574289088, 2.076069346228994 ], [ -75.554140133217118, 2.080326982284596 ], [ -75.551255318944015, 2.082986824993523 ], [ -75.544610391050298, 2.084015142590029 ], [ -75.540993610934038, 2.089749644285555 ], [ -75.541795433422578, 2.097640812254045 ], [ -75.540645960845438, 2.103918373819313 ], [ -75.535798266823463, 2.10892088901048 ], [ -75.534984281136246, 2.117660721256949 ], [ -75.526246901292154, 2.122895537372442 ], [ -75.518251186409032, 2.121839106078371 ], [ -75.514882594833921, 2.123428537899664 ], [ -75.50137201292381, 2.122988336110176 ], [ -75.493299694143843, 2.127741307201384 ], [ -75.492100048821442, 2.130927804733335 ], [ -75.486627286763678, 2.135240575831703 ], [ -75.482924548586027, 2.136401174950811 ], [ -75.476322084987942, 2.135477236283587 ], [ -75.468335181686484, 2.1420517820168 ], [ -75.461194446242928, 2.144208642325966 ], [ -75.452945567046356, 2.145895209954639 ], [ -75.444400151043283, 2.144552289518511 ], [ -75.440981113634848, 2.151058218282356 ], [ -75.442101625402472, 2.153830116030834 ], [ -75.43910411918381, 2.163166133657008 ], [ -75.435924130849457, 2.167458583050839 ], [ -75.435234086719106, 2.172384067644992 ], [ -75.427857758023094, 2.179510553999977 ], [ -75.425701575942412, 2.195036597687118 ], [ -75.416594462707451, 2.193833996006811 ], [ -75.415452322185445, 2.192463427200791 ], [ -75.413145673073075, 2.184283315890978 ], [ -75.40600729031911, 2.173361591759955 ], [ -75.406614049776465, 2.163332161318469 ], [ -75.403223320101802, 2.153052888536077 ], [ -75.398868906666792, 2.14823448051418 ], [ -75.399297209362544, 2.137598289717002 ], [ -75.395371100419936, 2.134814321296435 ], [ -75.392546606269548, 2.126055255206075 ], [ -75.385305978985116, 2.126450514246093 ], [ -75.383670096141714, 2.124933609763688 ], [ -75.388845427568469, 2.108604556912595 ], [ -75.391968467159984, 2.103905122760037 ], [ -75.393009484249831, 2.087754529365429 ], [ -75.384147904133897, 2.068965639371164 ], [ -75.377587799728474, 2.059743514739066 ], [ -75.387581535584047, 2.046418532999879 ], [ -75.386112467326939, 2.039219672918013 ], [ -75.388087420442844, 2.034389368497363 ], [ -75.387825676313298, 2.025442595685537 ], [ -75.39132348705175, 2.016900329178601 ], [ -75.390395497877648, 2.009071904091185 ], [ -75.392846341081054, 2.00457472129443 ], [ -75.392679779819957, 1.995413797134759 ], [ -75.385563288128537, 1.984617706987899 ], [ -75.383279001694689, 1.986997164612043 ], [ -75.378824650604656, 1.988063164768136 ], [ -75.364281387977201, 1.984084705562384 ], [ -75.361406999559563, 1.987720521892905 ], [ -75.354285367704051, 1.990024812925658 ], [ -75.353438822553471, 1.986070124059641 ], [ -75.356048958743258, 1.980248034757496 ], [ -75.355450106263334, 1.977822365961708 ], [ -75.341261340689073, 1.973169612800125 ], [ -75.345782858866357, 1.965285307067553 ], [ -75.345511424602137, 1.957054260342229 ], [ -75.34764645044271, 1.953434040574136 ], [ -75.348867879029797, 1.943495640086173 ], [ -75.352881211761087, 1.93237877836371 ], [ -75.352289667980131, 1.928935834970028 ], [ -75.347289520749769, 1.924311450627694 ], [ -75.346718770289272, 1.921385269801191 ], [ -75.353607103191393, 1.90729471981059 ], [ -75.352054789787189, 1.896960445834461 ], [ -75.355376138923873, 1.884613892814473 ], [ -75.353267192095132, 1.873522536079908 ], [ -75.355404636202366, 1.868922154741109 ], [ -75.35493182374546, 1.866692441902593 ], [ -75.367007246132459, 1.85572034021033 ], [ -75.365147826335658, 1.854254438517156 ], [ -75.368874812757099, 1.844268747081673 ], [ -75.371586118193136, 1.843692896881297 ], [ -75.372527058388982, 1.835567647526188 ], [ -75.375381223916861, 1.82874126878384 ], [ -75.379721591282873, 1.830172994044792 ], [ -75.381908875758427, 1.82784268149244 ], [ -75.383781887974635, 1.828159140252924 ], [ -75.383395488127064, 1.824880889623037 ], [ -75.393847804419124, 1.81448444319659 ], [ -75.398964096721784, 1.81577835780002 ], [ -75.397004557810078, 1.812190025554981 ], [ -75.397601478012291, 1.809819884366141 ], [ -75.400572129972488, 1.810163536050226 ], [ -75.402776060243525, 1.808725687867442 ], [ -75.405630923762885, 1.810438500696322 ], [ -75.408416362726825, 1.809020965234942 ], [ -75.407846817806444, 1.796644446189773 ], [ -75.409850257420999, 1.791580319097433 ], [ -75.407265848103123, 1.786327555526571 ], [ -75.40697535786154, 1.782134573968487 ], [ -75.408976923588966, 1.775601744233685 ], [ -75.407987622551218, 1.772350196945261 ], [ -75.405501017387849, 1.773399442609655 ], [ -75.403814968087431, 1.772329170062638 ], [ -75.405228443160581, 1.766958881606145 ], [ -75.407139410126092, 1.764738925377727 ], [ -75.409879889272588, 1.766509046275912 ], [ -75.418408644208796, 1.762524716575121 ], [ -75.42012318000792, 1.759557491690532 ], [ -75.427454910009487, 1.756783472119672 ], [ -75.42695384731104, 1.755124301332405 ], [ -75.424155177949046, 1.755862747627126 ], [ -75.425586355237272, 1.752428278946517 ], [ -75.422766146054244, 1.747592273812514 ], [ -75.418811360169911, 1.745443465109637 ], [ -75.417646744679928, 1.740938232503228 ], [ -75.419213381732789, 1.732500310789557 ], [ -75.423733643166031, 1.729414893570558 ], [ -75.42400945402585, 1.726140775194326 ], [ -75.429114469767683, 1.72181243987294 ], [ -75.432352262939958, 1.72229104107813 ], [ -75.431158940863895, 1.717042033366475 ], [ -75.432539406417277, 1.713752817891547 ], [ -75.434909199957929, 1.71365548265802 ], [ -75.433034417160911, 1.710733072063707 ], [ -75.431843707387713, 1.712275247971838 ], [ -75.426291512635999, 1.712684050023821 ], [ -75.422556821358228, 1.711414725922601 ], [ -75.422297193661166, 1.707081410337315 ], [ -75.418285768953069, 1.702954914044686 ], [ -75.418473894289775, 1.699199560600716 ], [ -75.421471275642546, 1.698543472815235 ], [ -75.421688710335445, 1.695545721356373 ], [ -75.426991478666594, 1.695229309308335 ], [ -75.427756049787263, 1.693408272757611 ], [ -75.43357933923977, 1.694082581984883 ], [ -75.441051626949275, 1.69213333238473 ], [ -75.443288394263334, 1.685348858287209 ], [ -75.441759584398937, 1.68378033207583 ], [ -75.439728365260407, 1.684407405152929 ], [ -75.439244445126121, 1.68243095813758 ], [ -75.44528313728074, 1.675982067948104 ], [ -75.44934665713032, 1.675774989042127 ], [ -75.447293754440125, 1.671960194028457 ], [ -75.44886895783435, 1.67014194225735 ], [ -75.452640792682075, 1.671321612625142 ], [ -75.452590956805352, 1.668781249537421 ], [ -75.455935110592009, 1.663508493944012 ], [ -75.454541586218909, 1.661282185723147 ], [ -75.455269240145242, 1.654288114739853 ], [ -75.451522411719964, 1.649929594204264 ], [ -75.451700591800261, 1.648013437667225 ], [ -75.453831637202654, 1.646559093707722 ], [ -75.454572870971958, 1.640289625071254 ], [ -75.459760349427654, 1.637494914587956 ], [ -75.461587002250042, 1.633584678889218 ], [ -75.473857112172198, 1.634262668517145 ], [ -75.473746047975169, 1.630909045581591 ], [ -75.469263678409163, 1.630199747844454 ], [ -75.473545832203456, 1.624028987966723 ], [ -75.471090757033323, 1.621596164982327 ], [ -75.471206876054453, 1.618129636302039 ], [ -75.474656654734702, 1.616532768220883 ], [ -75.471219333900706, 1.61449599569288 ], [ -75.470802643735908, 1.612530299723457 ], [ -75.472102388410178, 1.611372831235571 ], [ -75.474832378819031, 1.611907650852702 ], [ -75.479351723071659, 1.604972628875052 ], [ -75.480842171249606, 1.601451834721803 ], [ -75.4793723259491, 1.597004669261647 ], [ -75.480496070756033, 1.594433289119102 ], [ -75.48556757392123, 1.594587150886938 ], [ -75.484128386349198, 1.586717573045222 ], [ -75.479566105286722, 1.583147020270466 ], [ -75.482011599916689, 1.574409636833364 ], [ -75.478697522648019, 1.574848031211091 ], [ -75.479230561802865, 1.569182813933654 ], [ -75.485403625861352, 1.564561167658485 ], [ -75.484359645226959, 1.559350132662517 ], [ -75.481674913774839, 1.557609703803092 ], [ -75.479759998710506, 1.552775385706496 ], [ -75.47791383087133, 1.544535619926039 ], [ -75.481297064098953, 1.538499935333664 ], [ -75.480255226846566, 1.537274713158097 ], [ -75.477660868678981, 1.537519393775217 ], [ -75.477267577849318, 1.535329372130921 ], [ -75.480216021641354, 1.53395353380327 ], [ -75.47974086188475, 1.530001432087303 ], [ -75.482339309186784, 1.527362988163774 ], [ -75.47782770482479, 1.520796061048549 ] ] ] ] } },
{ "type": "Feature", "properties": { "dpto_ccdgo": "18", "mpio_ccdgo": "029", "mpio_cdpmp": "18029", "dpto_cnmbr": "CAQUETÁ", "mpio_cnmbr": "ALBANIA", "mpio_crslc": "Ordenanza 3 de Noviembre 12 de 1985", "mpio_tipo": "MUNICIPIO", "mpio_narea": 412.84907091600002, "mpio_nano": 2024, "shape_Leng": 1.1210543732, "shape_Area": 0.03351423963 }, "geometry": { "type": "MultiPolygon", "coordinates": [ [ [ [ -75.895307628639785, 1.365743154037485 ], [ -75.891096857729792, 1.36675499831519 ], [ -75.888752241291684, 1.363550220052682 ], [ -75.88766237826934, 1.364688173523716 ], [ -75.886141504128489, 1.361932539786445 ], [ -75.882818447293062, 1.360511285296807 ], [ -75.883281388155467, 1.356266765553156 ], [ -75.879664645768514, 1.355702749767701 ], [ -75.879316445012137, 1.353805094947054 ], [ -75.876024784320919, 1.354465438953776 ], [ -75.867657500787402, 1.350024649740591 ], [ -75.863822622122768, 1.351212616954925 ], [ -75.861514419822015, 1.346733319629772 ], [ -75.857526365702995, 1.345872510119388 ], [ -75.853679964338994, 1.341813630970405 ], [ -75.853194515270957, 1.338531681973603 ], [ -75.856113264329281, 1.338531681973603 ], [ -75.856921921205924, 1.335726652534405 ], [ -75.851829906791522, 1.329604175345013 ], [ -75.854974903022708, 1.326752353523743 ], [ -75.848402391076718, 1.322455966810882 ], [ -75.847242119842917, 1.313745033390151 ], [ -75.836818022351338, 1.306429212565109 ], [ -75.838154201824238, 1.302818682931749 ], [ -75.835699801289479, 1.299795695979761 ], [ -75.828639844217207, 1.296166213675416 ], [ -75.828649319654403, 1.294394119177025 ], [ -75.831577542353273, 1.293872912640585 ], [ -75.832731827209273, 1.29126596816758 ], [ -75.829398485553952, 1.286496943271164 ], [ -75.827905945198097, 1.286155790702139 ], [ -75.825599904245621, 1.288550739785687 ], [ -75.822039127843766, 1.286663740789423 ], [ -75.821047654677955, 1.277660518698437 ], [ -75.828025283783745, 1.271173294670334 ], [ -75.827140421862453, 1.26913704406393 ], [ -75.823537000603437, 1.269478197531252 ], [ -75.821106291356557, 1.267916358384215 ], [ -75.820290391357958, 1.264147858983888 ], [ -75.818527323138653, 1.262924506203974 ], [ -75.818648797021467, 1.257647243759184 ], [ -75.821530569596575, 1.254133192365863 ], [ -75.821658823070209, 1.251900429744575 ], [ -75.815056672086143, 1.252192943892094 ], [ -75.811965751783248, 1.245475725815119 ], [ -75.810468202417326, 1.246720479177093 ], [ -75.810262349712673, 1.250032521759917 ], [ -75.808661504786528, 1.251060447690714 ], [ -75.806961778625009, 1.249891044176483 ], [ -75.807986410431056, 1.242861560678141 ], [ -75.805028234283498, 1.242079670923351 ], [ -75.803425606200108, 1.244398132891049 ], [ -75.799166247174298, 1.239088731394719 ], [ -75.801992539753314, 1.233209353786305 ], [ -75.796318319552768, 1.232193939600751 ], [ -75.793892778317797, 1.229930696219276 ], [ -75.794259493366894, 1.226932940268816 ], [ -75.797290893946581, 1.229376621198693 ], [ -75.799381566333011, 1.227927068856717 ], [ -75.791769798894791, 1.218346141542859 ], [ -75.792248477355201, 1.216421875907342 ], [ -75.79510182272054, 1.214840519946872 ], [ -75.792485112654219, 1.212621925565525 ], [ -75.789847055904829, 1.214730621764061 ], [ -75.787967364709175, 1.214215645049068 ], [ -75.787639579082224, 1.212418469567965 ], [ -75.789646480806653, 1.21022763764262 ], [ -75.78659986365227, 1.2069131246908 ], [ -75.782890306357842, 1.208226855246847 ], [ -75.778574658851483, 1.21297691309925 ], [ -75.777016456087551, 1.210684405277438 ], [ -75.778769526948111, 1.207585153992035 ], [ -75.776607394422228, 1.205593331400033 ], [ -75.759146323273285, 1.199502916007034 ], [ -75.758771180223448, 1.197660020733072 ], [ -75.760610867611035, 1.195448057720431 ], [ -75.757508877360067, 1.192019231362655 ], [ -75.759062828394349, 1.188917090194729 ], [ -75.758059520813504, 1.188034176720917 ], [ -75.756693018684018, 1.189063103375667 ], [ -75.755430958365935, 1.186927094777476 ], [ -75.757261126298829, 1.184986804082805 ], [ -75.761222336040873, 1.187085479566377 ], [ -75.759849164813375, 1.188991726779552 ], [ -75.76176326690171, 1.188840674944202 ], [ -75.762222016221642, 1.184959005694207 ], [ -75.764196398008608, 1.186613307608793 ], [ -75.76900092884506, 1.184658572891172 ], [ -75.769159486110652, 1.180096726613811 ], [ -75.770902836293772, 1.179450627203883 ], [ -75.772317227649239, 1.181564403379395 ], [ -75.778030398831504, 1.178053768281798 ], [ -75.778959784886979, 1.173079346126918 ], [ -75.777488589417601, 1.172636956937982 ], [ -75.775240646154145, 1.167395183365091 ], [ -75.776817800690708, 1.168842362356205 ], [ -75.777740645209064, 1.165882838734702 ], [ -75.780015277440896, 1.166108370847982 ], [ -75.781477981129171, 1.168859679193762 ], [ -75.782139545947359, 1.165998791567385 ], [ -75.784602960184884, 1.165648127628562 ], [ -75.785174532604515, 1.167469071652749 ], [ -75.78679584386407, 1.166143975602642 ], [ -75.78497005611996, 1.168776357689811 ], [ -75.787424236567347, 1.170296847351334 ], [ -75.789572639231437, 1.169818441979057 ], [ -75.78721384197695, 1.172156171028297 ], [ -75.791480647144112, 1.17093122822904 ], [ -75.791371955399654, 1.173336972375947 ], [ -75.794394354853068, 1.173817997237685 ], [ -75.796376428919871, 1.176727021126932 ], [ -75.803978561020642, 1.172746272113711 ], [ -75.803179949113485, 1.174636702677145 ], [ -75.805111077883339, 1.174224895758121 ], [ -75.806259261377022, 1.175679929624328 ], [ -75.807485486971586, 1.173094134204949 ], [ -75.808110260359683, 1.174073890635156 ], [ -75.810197760792278, 1.172554295696321 ], [ -75.810026836410316, 1.168515103142465 ], [ -75.814810185853844, 1.160739478374566 ], [ -75.818854442215127, 1.157997679601994 ], [ -75.81665748557117, 1.153379137008587 ], [ -75.818331748067351, 1.150016721356047 ], [ -75.816821537835722, 1.147692605387491 ], [ -75.817973470900426, 1.143494577988392 ], [ -75.817176493030104, 1.141275232614877 ], [ -75.819160097827364, 1.136547653323746 ], [ -75.814794447357542, 1.125512336236236 ], [ -75.816159937084876, 1.12105529289333 ], [ -75.813252532859337, 1.112922938756951 ], [ -75.814076314682495, 1.111362285387052 ], [ -75.857976341170513, 1.111912017948104 ], [ -75.860327421890588, 1.108618417792735 ], [ -75.865594776808393, 1.108305404972446 ], [ -75.870353730684315, 1.100463100902783 ], [ -75.873049214080652, 1.099710630098689 ], [ -75.877441172632871, 1.100193262047802 ], [ -75.879286903890488, 1.102626956398721 ], [ -75.884748901427599, 1.104832457824339 ], [ -75.886283216172444, 1.107455023114238 ], [ -75.893213680094959, 1.107615711185333 ], [ -75.911443582179061, 1.094508351887048 ], [ -75.912973304732475, 1.09681992197436 ], [ -75.919291401010867, 1.094932460345372 ], [ -75.920162162964175, 1.098347458026635 ], [ -75.918435329219051, 1.101763011765511 ], [ -75.922162248266829, 1.107448611832955 ], [ -75.919726478805899, 1.118607805798557 ], [ -75.917693314813164, 1.121240936182893 ], [ -75.919110570000043, 1.125483071795894 ], [ -75.914498624639236, 1.129398047908233 ], [ -75.914510952229705, 1.132933277101235 ], [ -75.909243677261998, 1.145641465193387 ], [ -75.911391087286972, 1.15110397117714 ], [ -75.939157485077544, 1.174934386633173 ], [ -75.949598311908005, 1.177350998607048 ], [ -75.955621719215856, 1.181911468664304 ], [ -75.956748962065262, 1.183938979554354 ], [ -75.955088615382294, 1.184755326015924 ], [ -75.955471038384985, 1.187034607032983 ], [ -75.958836555024448, 1.194383620634212 ], [ -75.957960129188734, 1.198751449520197 ], [ -75.959205626356379, 1.198808669554447 ], [ -75.962256432358345, 1.203744889024779 ], [ -75.963769913358476, 1.203876495013773 ], [ -75.963262557956398, 1.206741332535558 ], [ -75.966690062891473, 1.208351136367134 ], [ -75.969258972665102, 1.213023468325926 ], [ -75.973411307220942, 1.214928244097523 ], [ -75.97356033335376, 1.217468262231865 ], [ -75.975900045884828, 1.216855606228321 ], [ -75.981020925887265, 1.224067687725041 ], [ -75.981154440797695, 1.229265212946699 ], [ -75.978555679085105, 1.231006621868856 ], [ -75.978955268008235, 1.232408523936966 ], [ -75.976821898662365, 1.234975814945056 ], [ -75.973721503820627, 1.2361831669204 ], [ -75.978721507320358, 1.245260110212183 ], [ -75.977201461426887, 1.250051497787121 ], [ -75.981069819430502, 1.255310745402877 ], [ -75.990494476591664, 1.255317261787119 ], [ -75.971668242702378, 1.274076460640971 ], [ -75.969972611065202, 1.273817062014484 ], [ -75.96859359719042, 1.27557945290347 ], [ -75.966848373120172, 1.284105300888843 ], [ -75.964427947794832, 1.28726386977635 ], [ -75.964025497735236, 1.293628692859542 ], [ -75.96181678842305, 1.293447495335833 ], [ -75.958630438214868, 1.296991969997108 ], [ -75.947607039983666, 1.324892044394153 ], [ -75.90880584702677, 1.357065201390353 ], [ -75.906057759143778, 1.360841247543348 ], [ -75.902159761203734, 1.362108084207592 ], [ -75.900898353063042, 1.36453453274161 ], [ -75.897927278894372, 1.364059719734991 ], [ -75.895662729361334, 1.3671069252863 ], [ -75.895307628639785, 1.365743154037485 ] ] ] ] } },
{ "type": "Feature", "properties": { "dpto_ccdgo": "18", "mpio_ccdgo": "094", "mpio_cdpmp": "18094", "dpto_cnmbr": "CAQUETÁ", "mpio_cnmbr": "BELÉN DE LOS ANDAQUÍES", "mpio_crslc": "Decreto 963 de Marzo 14 de 1950", "mpio_tipo": "MUNICIPIO", "mpio_narea": 1191.619366, "mpio_nano": 2024, "shape_Leng": 2.2338829288, "shape_Area": 0.09674466817000001 }, "geometry": { "type": "MultiPolygon", "coordinates": [ [ [ [ -75.787052958072934, 1.749820714635539 ], [ -75.78640223862385, 1.725690068497579 ], [ -75.782692933756209, 1.722725790987802 ], [ -75.772829233633217, 1.723550299548582 ], [ -75.771245279742857, 1.718918488827871 ], [ -75.772905463830682, 1.714765785064271 ], [ -75.768955626769184, 1.708804112727087 ], [ -75.768543007772507, 1.699453528906962 ], [ -75.765648589603018, 1.697933723762245 ], [ -75.767355213933058, 1.694716228938396 ], [ -75.762997939361583, 1.694508726925585 ], [ -75.764768928931403, 1.69100780801383 ], [ -75.760400314018739, 1.686483649685959 ], [ -75.758139500581933, 1.686643581374997 ], [ -75.758180347010466, 1.684708945579533 ], [ -75.76018229811541, 1.683567466218209 ], [ -75.758080119199406, 1.681137996647418 ], [ -75.758094031419319, 1.678123888650809 ], [ -75.758677440050519, 1.676629183353428 ], [ -75.761256411861666, 1.677025637153722 ], [ -75.762945077956601, 1.675723049309305 ], [ -75.763293017302999, 1.670843273728177 ], [ -75.770680862410131, 1.660657587506711 ], [ -75.776231146443763, 1.661283238549495 ], [ -75.781154778710459, 1.656860962730737 ], [ -75.782226564021641, 1.653692029971582 ], [ -75.779963711407561, 1.650147228323257 ], [ -75.781591931615424, 1.647902731000068 ], [ -75.788816474551936, 1.645258070729821 ], [ -75.789324626760276, 1.642600813374288 ], [ -75.792989974331078, 1.641353869917918 ], [ -75.795716209779016, 1.636359030836961 ], [ -75.794243497952209, 1.635925349923374 ], [ -75.794777146165302, 1.634482806242782 ], [ -75.797958192715839, 1.633192280087366 ], [ -75.795446319719986, 1.626743511170541 ], [ -75.798667290128549, 1.627366205855441 ], [ -75.798493983412527, 1.624804330794502 ], [ -75.800455648638206, 1.623786777718599 ], [ -75.799825472777627, 1.62161201397149 ], [ -75.803146918932498, 1.622040799062936 ], [ -75.801678457936987, 1.616221411895296 ], [ -75.805099954934576, 1.614599090030297 ], [ -75.800175312960675, 1.610898009245818 ], [ -75.801457564727514, 1.609099647089235 ], [ -75.804299318223173, 1.609197492566283 ], [ -75.80554923061402, 1.606716754304746 ], [ -75.799572455788052, 1.602202798151662 ], [ -75.79743638700262, 1.605585379201777 ], [ -75.793456027858383, 1.605156496193911 ], [ -75.788611839065425, 1.600172553686044 ], [ -75.788433287980638, 1.598063267293887 ], [ -75.786064541876499, 1.597189245351829 ], [ -75.785824791217522, 1.593941267072845 ], [ -75.782597953008917, 1.594903907888304 ], [ -75.787922274635832, 1.585601295939256 ], [ -75.787719267796263, 1.577356723269833 ], [ -75.786018126787042, 1.577502874791504 ], [ -75.785610231135877, 1.581494620090829 ], [ -75.778891130188413, 1.582606190919321 ], [ -75.808548616109761, 1.533855521239415 ], [ -75.804125936048649, 1.536149391806653 ], [ -75.796352722360609, 1.536575314863279 ], [ -75.794446980899295, 1.533488228573144 ], [ -75.795927405667271, 1.532287043537188 ], [ -75.795125867046579, 1.531084482281077 ], [ -75.78687255915213, 1.529482713886185 ], [ -75.786445553624731, 1.528047141137785 ], [ -75.784181219687525, 1.528404598142156 ], [ -75.784376472263375, 1.529822088687797 ], [ -75.782398428042143, 1.528439398904006 ], [ -75.783985511665435, 1.527740647396684 ], [ -75.782916934240689, 1.525927921167303 ], [ -75.784041681568283, 1.523237391983773 ], [ -75.781314375327668, 1.522697501372875 ], [ -75.779610452233783, 1.519691314726726 ], [ -75.780797508555793, 1.518614942614098 ], [ -75.778276364938847, 1.517805055942848 ], [ -75.778692897898338, 1.512846143213708 ], [ -75.777277983722968, 1.509816657843851 ], [ -75.775892098629129, 1.51058872451318 ], [ -75.774582842585005, 1.509102156162092 ], [ -75.775828812266923, 1.505206422876825 ], [ -75.771243351058388, 1.501885755562059 ], [ -75.770871028720819, 1.496619386995411 ], [ -75.773712070750207, 1.493621982286515 ], [ -75.77179009222715, 1.489972313025017 ], [ -75.772813030707539, 1.486206328011181 ], [ -75.770798070190267, 1.481057055833399 ], [ -75.7694601201365, 1.481823749674773 ], [ -75.769121745160533, 1.478647335739906 ], [ -75.770133075601564, 1.474633386763961 ], [ -75.774321756921097, 1.474269822109081 ], [ -75.776342121707444, 1.470150183560828 ], [ -75.77926332227014, 1.470435274923217 ], [ -75.777647587756348, 1.464660445127526 ], [ -75.77973720012983, 1.462489074319981 ], [ -75.778200871360525, 1.461425502311982 ], [ -75.776932831851127, 1.463066009686115 ], [ -75.776150254884556, 1.456996484631651 ], [ -75.777230169955544, 1.456052508127728 ], [ -75.767800893653543, 1.449977966876709 ], [ -75.769815802068479, 1.446253448129441 ], [ -75.767346832644819, 1.443885035300618 ], [ -75.767911038873251, 1.442031586610295 ], [ -75.76564628362587, 1.442797762123302 ], [ -75.762869829618523, 1.435676244354134 ], [ -75.759784539062025, 1.435213965550683 ], [ -75.758401551037252, 1.427462772282986 ], [ -75.748266724772407, 1.426034555844353 ], [ -75.748708282120731, 1.423466103313643 ], [ -75.742346861858323, 1.424911420993997 ], [ -75.737367816070787, 1.422312228988122 ], [ -75.736619756896573, 1.420016417160038 ], [ -75.752646227274965, 1.347175156354331 ], [ -75.757091844038541, 1.33754272139767 ], [ -75.755069514635125, 1.334747050614561 ], [ -75.747944686571259, 1.335818782026723 ], [ -75.741954135171113, 1.322898912057423 ], [ -75.742972450917364, 1.321952237012241 ], [ -75.746739486062722, 1.323851482750522 ], [ -75.748444037079423, 1.323006504263033 ], [ -75.748583862659814, 1.315372481046215 ], [ -75.751985585925638, 1.311835209980935 ], [ -75.750653085955037, 1.307247829071278 ], [ -75.751973199944644, 1.302287968618752 ], [ -75.754293959804727, 1.29998488582095 ], [ -75.753721233049021, 1.297760384113603 ], [ -75.749040321273924, 1.294303129647703 ], [ -75.745727834922889, 1.286317819959091 ], [ -75.748928270725969, 1.283530914045204 ], [ -75.748534645722771, 1.278594345129898 ], [ -75.741892454099627, 1.278236886328878 ], [ -75.739819076092886, 1.276425737542389 ], [ -75.73981000669454, 1.266743764051585 ], [ -75.744728844648762, 1.262698744121828 ], [ -75.742637362879634, 1.257130663550116 ], [ -75.740284640936295, 1.256635232394679 ], [ -75.738411058289387, 1.25077763266106 ], [ -75.734646097355721, 1.250013463986017 ], [ -75.733356668942349, 1.247188479355185 ], [ -75.733404752204592, 1.244746118051524 ], [ -75.735775666843551, 1.242653127111638 ], [ -75.735327546398537, 1.235020175585743 ], [ -75.7344597596678, 1.233398409778405 ], [ -75.732769741607342, 1.233550457846238 ], [ -75.731142420613764, 1.237107112774164 ], [ -75.728956086556536, 1.23727286016102 ], [ -75.727039728796683, 1.234315354157222 ], [ -75.727126701955171, 1.229210752539247 ], [ -75.722607848183088, 1.229116079914325 ], [ -75.720799403327703, 1.226250563265569 ], [ -75.717521174257286, 1.225193113281159 ], [ -75.719740313018235, 1.219273034771436 ], [ -75.720038906968398, 1.214231724905498 ], [ -75.718623379243184, 1.210954607950421 ], [ -75.72304888271151, 1.21011199293236 ], [ -75.721298868820327, 1.208295860288681 ], [ -75.717802743322636, 1.208149609952283 ], [ -75.716246839349367, 1.20605090212936 ], [ -75.720244449754034, 1.205374042582996 ], [ -75.721085886181584, 1.199873153353167 ], [ -75.724594866581185, 1.20027404663107 ], [ -75.727766222098694, 1.196184869080025 ], [ -75.732529177972424, 1.196864117248699 ], [ -75.733949210752371, 1.191318720952669 ], [ -75.740423972442841, 1.187018573888989 ], [ -75.741520669853344, 1.190712087259522 ], [ -75.744873390879661, 1.190883360188097 ], [ -75.750393949636816, 1.193766362557743 ], [ -75.758434749203332, 1.188116704113486 ], [ -75.759096853011158, 1.18959761756537 ], [ -75.757565859340559, 1.192466528051933 ], [ -75.760622178307756, 1.195530349754254 ], [ -75.758771180223448, 1.197660020733072 ], [ -75.759146323273285, 1.199502916007034 ], [ -75.776607394422228, 1.205593331400033 ], [ -75.778769526948111, 1.207585153992035 ], [ -75.777016456087551, 1.210684405277438 ], [ -75.778574658851483, 1.21297691309925 ], [ -75.782890306357842, 1.208226855246847 ], [ -75.78659986365227, 1.2069131246908 ], [ -75.789646480806653, 1.21022763764262 ], [ -75.787639579082224, 1.212418469567965 ], [ -75.787967364709175, 1.214215645049068 ], [ -75.789847055904829, 1.214730621764061 ], [ -75.792485112654219, 1.212621925565525 ], [ -75.79510182272054, 1.214840519946872 ], [ -75.792328335850982, 1.216338947865809 ], [ -75.791732506204369, 1.218209838259581 ], [ -75.799341502337711, 1.227342354972342 ], [ -75.797504815325567, 1.229399200371403 ], [ -75.793988155222451, 1.227066651012148 ], [ -75.794191810646225, 1.230527455622916 ], [ -75.802116100424143, 1.233448491793673 ], [ -75.801524757865991, 1.236146784224048 ], [ -75.799026076640644, 1.237892841033215 ], [ -75.79950699819608, 1.239891280620887 ], [ -75.803425606200108, 1.244398132891049 ], [ -75.805028234283498, 1.242079670923351 ], [ -75.807986410431056, 1.242861560678141 ], [ -75.806364174804344, 1.248526757294253 ], [ -75.80818024456596, 1.250902247056588 ], [ -75.810296087766687, 1.24999464157088 ], [ -75.810468202417326, 1.246720479177093 ], [ -75.811904184797868, 1.245470654821285 ], [ -75.815056672086143, 1.252192943892094 ], [ -75.821686077079335, 1.251950420131656 ], [ -75.818648797021467, 1.257647243759184 ], [ -75.818527323138653, 1.262924506203974 ], [ -75.820290391357958, 1.264147858983888 ], [ -75.821106291356557, 1.267916358384215 ], [ -75.823537000603437, 1.269478197531252 ], [ -75.827140421862453, 1.26913704406393 ], [ -75.828025283783745, 1.271173294670334 ], [ -75.821047654677955, 1.277660518698437 ], [ -75.822039127843766, 1.286663740789423 ], [ -75.825599904245621, 1.288550739785687 ], [ -75.829235018093129, 1.286312150686791 ], [ -75.832731827209273, 1.29126596816758 ], [ -75.831577542353273, 1.293872912640585 ], [ -75.828649319654403, 1.294394119177025 ], [ -75.828639844217207, 1.296166213675416 ], [ -75.835235452765914, 1.299302921144741 ], [ -75.838154201824238, 1.302818682931749 ], [ -75.836713780864329, 1.305699527546364 ], [ -75.837557184603895, 1.307452667577181 ], [ -75.847910210028544, 1.314530395136251 ], [ -75.848274458301887, 1.322237417307869 ], [ -75.855033538802957, 1.326874954793107 ], [ -75.851840568005855, 1.330025284326247 ], [ -75.856125899143819, 1.333793455841221 ], [ -75.856884014965715, 1.337103895828278 ], [ -75.855734206418333, 1.338721213174872 ], [ -75.853384042878929, 1.338241069561085 ], [ -75.85308611458089, 1.340756688534575 ], [ -75.857313886121176, 1.345709066014793 ], [ -75.861514419822015, 1.346733319629772 ], [ -75.86412045699592, 1.35136516628309 ], [ -75.867657500787402, 1.350024649740591 ], [ -75.876024784320919, 1.354465438953776 ], [ -75.879316445012137, 1.353805094947054 ], [ -75.879413352647305, 1.355533960682906 ], [ -75.881005509061026, 1.355309864078601 ], [ -75.881493570432042, 1.356785931115615 ], [ -75.883281388155467, 1.356266765553156 ], [ -75.882818447293062, 1.360511285296807 ], [ -75.886141504128489, 1.361932539786445 ], [ -75.88766237826934, 1.364688173523716 ], [ -75.888458959982358, 1.363564129577593 ], [ -75.8889470797439, 1.364927755299241 ], [ -75.889896989625015, 1.364394117866012 ], [ -75.890963303293461, 1.366728913015169 ], [ -75.892954177263846, 1.36692458600295 ], [ -75.893778849318153, 1.3654772803493 ], [ -75.895786609832669, 1.367058578817487 ], [ -75.897927278894372, 1.364059719734991 ], [ -75.900898353063042, 1.36453453274161 ], [ -75.902159761203734, 1.362108084207592 ], [ -75.904226676725159, 1.362052872807908 ], [ -75.907789229996069, 1.358516693196586 ], [ -75.911417961308416, 1.358966827666042 ], [ -75.913554191790752, 1.357624054553728 ], [ -75.916140554945912, 1.359766005512281 ], [ -75.917304992569314, 1.358091354045337 ], [ -75.919490813688128, 1.358400345104893 ], [ -75.918155669973544, 1.359016419200818 ], [ -75.917327880762684, 1.363765717077912 ], [ -75.922391891074142, 1.365703583217676 ], [ -75.924013137654924, 1.369413375870734 ], [ -75.934664724690322, 1.376470566129496 ], [ -75.940982819172064, 1.376432419140526 ], [ -75.942238807772299, 1.378959656034809 ], [ -75.945808411027201, 1.379419327026941 ], [ -75.948606491093869, 1.382490158289058 ], [ -75.956197892810053, 1.382978411899666 ], [ -75.959003447764189, 1.393621445169785 ], [ -75.962371826438414, 1.394723891802649 ], [ -75.965827941839734, 1.393541336043868 ], [ -75.969067572966537, 1.39899825989202 ], [ -75.972085953354167, 1.399454116634408 ], [ -75.976299286261337, 1.402681350102027 ], [ -75.980098126284702, 1.403089249346425 ], [ -75.981491089210294, 1.404785156766551 ], [ -75.981017113434177, 1.411073684075268 ], [ -75.984640120676943, 1.414140701087652 ], [ -75.992588043352214, 1.417463303375029 ], [ -75.995541573409412, 1.421573639861127 ], [ -75.996323941068397, 1.428998924084012 ], [ -75.995352584791021, 1.431274777127214 ], [ -75.998791380659895, 1.436277711831907 ], [ -75.997958015601625, 1.439089114823129 ], [ -75.994091894404846, 1.441690788876139 ], [ -75.993564281977001, 1.443901301108415 ], [ -75.999200258170447, 1.451353291367656 ], [ -75.9989805606196, 1.456467477119038 ], [ -76.005299553417331, 1.464628405789068 ], [ -76.01195985059951, 1.468170112738764 ], [ -76.014404570881027, 1.473529690573538 ], [ -76.003177876552513, 1.491871273997096 ], [ -76.003435631260743, 1.494869872567964 ], [ -76.007171733792916, 1.502329810228829 ], [ -76.012892500237001, 1.50634288424501 ], [ -76.013039788128367, 1.512228011075824 ], [ -76.015654688986217, 1.517690485618568 ], [ -76.023657521226994, 1.522656626198226 ], [ -76.025409426073395, 1.529122622120966 ], [ -76.035674270104494, 1.527162594525427 ], [ -76.044280009823638, 1.529969266086297 ], [ -76.046646387966803, 1.529399070785082 ], [ -76.053413263155846, 1.523700039995128 ], [ -76.055537987108494, 1.518859281871138 ], [ -76.059194188924096, 1.518824458651423 ], [ -76.063520838106513, 1.513243514194613 ], [ -76.076429526737002, 1.50427260003861 ], [ -76.082774684784908, 1.506016229597926 ], [ -76.086850029167977, 1.504406726702286 ], [ -76.091544409394885, 1.505789245805981 ], [ -76.097525656037874, 1.51128124799565 ], [ -76.102605411133823, 1.520839485643988 ], [ -76.102018465832487, 1.526024132607519 ], [ -76.099668412785945, 1.528308465753739 ], [ -76.096848343740191, 1.536328464813042 ], [ -76.097783781750593, 1.548158998173176 ], [ -76.095893989889817, 1.554492117888148 ], [ -76.099038168653408, 1.564323496601155 ], [ -76.089910830732038, 1.568543456385354 ], [ -76.087447493749664, 1.577151152636437 ], [ -76.080965840178862, 1.577541388293363 ], [ -76.076197401882609, 1.580806006079587 ], [ -76.074579368578156, 1.584832056270326 ], [ -76.065147185325543, 1.585726734090511 ], [ -76.062376764408498, 1.582389553032748 ], [ -76.05561506531626, 1.580342803807276 ], [ -76.046354201704673, 1.584340296532401 ], [ -76.040129530290301, 1.58161343675487 ], [ -76.03437752939891, 1.582767257181456 ], [ -76.030516509738675, 1.587300348363699 ], [ -76.023520895448257, 1.590845744697191 ], [ -76.020142060375804, 1.596937165305796 ], [ -76.016501484766991, 1.600125644522854 ], [ -76.015549700100394, 1.603672229328424 ], [ -76.01258012971266, 1.605371166768411 ], [ -76.011023965227707, 1.609782685253063 ], [ -76.006027096850801, 1.61475100155415 ], [ -75.999895358023252, 1.615825084757602 ], [ -75.994063167157492, 1.61475100155415 ], [ -75.989157669195833, 1.619566077721959 ], [ -75.983429515000978, 1.621334016610597 ], [ -75.980728826761776, 1.624581982313137 ], [ -75.981276103326877, 1.631494313726927 ], [ -75.977528446654276, 1.642356554965695 ], [ -75.97847144040054, 1.648262952122781 ], [ -75.981876392214076, 1.652660455979498 ], [ -75.979993573082083, 1.657589866214597 ], [ -75.972473044905087, 1.661124859150493 ], [ -75.962790067994945, 1.659155549255778 ], [ -75.952651186731714, 1.66380025620101 ], [ -75.951861548103068, 1.670273211377744 ], [ -75.942746882725487, 1.675376970375365 ], [ -75.93868072003022, 1.682375875197089 ], [ -75.938291121279349, 1.686717793954699 ], [ -75.93583433032569, 1.687990805643109 ], [ -75.933702605796441, 1.692964438178215 ], [ -75.930808257695617, 1.69493434904633 ], [ -75.92717491981881, 1.694660377039402 ], [ -75.923510554107452, 1.696345039339881 ], [ -75.921188199736434, 1.699452613522996 ], [ -75.920650378845551, 1.704211520686318 ], [ -75.912236604764075, 1.711959046129737 ], [ -75.903660647813581, 1.716763065824269 ], [ -75.899953230307858, 1.717104929859564 ], [ -75.891634636399829, 1.716914573105866 ], [ -75.883342514965989, 1.713296379938671 ], [ -75.873341340155662, 1.71424957585975 ], [ -75.870505023268379, 1.716648074189755 ], [ -75.862104351125765, 1.719436573716222 ], [ -75.858225829574906, 1.723481658324695 ], [ -75.853493734449046, 1.725649147508841 ], [ -75.847327898241133, 1.72217295294839 ], [ -75.84402044695122, 1.722648843934172 ], [ -75.840697096366512, 1.725304242673906 ], [ -75.841640985733818, 1.728145402382605 ], [ -75.837280543700103, 1.740225752930767 ], [ -75.830320250296495, 1.747400987301759 ], [ -75.816449676334287, 1.753619540285694 ], [ -75.813141034775697, 1.75153067980275 ], [ -75.806636526249235, 1.751855336594996 ], [ -75.799402964220121, 1.749987460949755 ], [ -75.791871729014701, 1.759790457368733 ], [ -75.785661577081839, 1.7632291643042 ], [ -75.787052958072934, 1.749820714635539 ] ] ] ] } },
{ "type": "Feature", "properties": { "dpto_ccdgo": "18", "mpio_ccdgo": "150", "mpio_cdpmp": "18150", "dpto_cnmbr": "CAQUETÁ", "mpio_cnmbr": "CARTAGENA DEL CHAIRÁ", "mpio_crslc": "Ordenanza 3 de Noviembre 12 de 1985", "mpio_tipo": "MUNICIPIO", "mpio_narea": 12785.618789100001, "mpio_nano": 2024, "shape_Leng": 9.6684407643100005, "shape_Area": 1.03872666259 }, "geometry": { "type": "MultiPolygon", "coordinates": [ [ [ [ -74.787221464917934, 1.567372832059682 ], [ -74.608960859587683, 1.283407188982531 ], [ -74.606843422774375, 1.28159662589807 ], [ -74.602715960791954, 1.283131001728339 ], [ -74.598095899146017, 1.282832168826074 ], [ -74.595540361704366, 1.274951392577149 ], [ -74.590186574414304, 1.268198487100416 ], [ -74.586060584771815, 1.264415143028241 ], [ -74.581420643392789, 1.263472873324712 ], [ -74.577808616266509, 1.259675254112914 ], [ -74.572369172749234, 1.247896920997173 ], [ -74.570755897824597, 1.238260108546672 ], [ -74.572569048059222, 1.23671821381144 ], [ -74.57255476483482, 1.233448833153747 ], [ -74.566715571595864, 1.227880893617729 ], [ -74.562075621233703, 1.226110575090038 ], [ -74.555436926754737, 1.218786593064184 ], [ -74.54240223762713, 1.212847463068703 ], [ -74.539603994066908, 1.214389357803872 ], [ -74.534364417774782, 1.211905193365168 ], [ -74.527325973574079, 1.206137378519112 ], [ -74.525384337202013, 1.199641455198853 ], [ -74.518088902760098, 1.19504433474713 ], [ -74.514619654877151, 1.195101443390163 ], [ -74.511064741783798, 1.191889172273914 ], [ -74.505525353424957, 1.195201381943477 ], [ -74.503269620863477, 1.193402509543419 ], [ -74.498015779313278, 1.193802252976899 ], [ -74.497073508711424, 1.192188987035509 ], [ -74.493789852015766, 1.191318095724683 ], [ -74.491933870074263, 1.185350408263588 ], [ -74.483225045000893, 1.181438577155613 ], [ -74.481483283040461, 1.176398876173646 ], [ -74.482268500157772, 1.173557802703228 ], [ -74.480797993696683, 1.172330004157465 ], [ -74.47642930691876, 1.17157333462435 ], [ -74.473188481929981, 1.175942019605536 ], [ -74.470361681802444, 1.175370951141147 ], [ -74.469376580392009, 1.171330624912551 ], [ -74.466449841711153, 1.173200881993492 ], [ -74.465407644234062, 1.171387730860632 ], [ -74.466578336831788, 1.16798986316721 ], [ -74.46522204316534, 1.162793120378726 ], [ -74.466419388798784, 1.16200646415922 ], [ -74.465891143956469, 1.159765015720567 ], [ -74.464049445239368, 1.161007089405902 ], [ -74.46302152110519, 1.158365887652289 ], [ -74.461336856109767, 1.160735833008216 ], [ -74.459637925856214, 1.159822120770356 ], [ -74.460237542803043, 1.155924563005243 ], [ -74.457325088244943, 1.155624751836894 ], [ -74.454755267578889, 1.148814732327289 ], [ -74.450400855940529, 1.148072335238799 ], [ -74.448059468948429, 1.144017736565524 ], [ -74.448459218670109, 1.141347978244592 ], [ -74.447374179604651, 1.141776287228524 ], [ -74.444404610115271, 1.139020867290429 ], [ -74.446017885938147, 1.136165516883864 ], [ -74.444418893339673, 1.135608723559091 ], [ -74.445489649180672, 1.133038903791478 ], [ -74.444547378578818, 1.129512540079066 ], [ -74.440635549267313, 1.126971278675361 ], [ -74.439193591288756, 1.128156257192393 ], [ -74.438622522824403, 1.125900521936042 ], [ -74.43593849205871, 1.126714299213885 ], [ -74.433725591204109, 1.119276104393451 ], [ -74.42927124101243, 1.117562890017252 ], [ -74.428914322099331, 1.116163763745619 ], [ -74.427215391845778, 1.116791948039585 ], [ -74.425930478368684, 1.115021630410199 ], [ -74.42346059625595, 1.115278608075074 ], [ -74.423746134081398, 1.116963264087313 ], [ -74.420348266387805, 1.116406470762481 ], [ -74.418749264806138, 1.117591448381222 ], [ -74.418249577429435, 1.113536839826511 ], [ -74.419834303871539, 1.112009225620741 ], [ -74.418692158857993, 1.111066965798699 ], [ -74.415793977642807, 1.111780801828285 ], [ -74.413980827408182, 1.110453064729195 ], [ -74.412024907811713, 1.112337597847997 ], [ -74.4078846439279, 1.108211608205646 ], [ -74.403501682908768, 1.107840414152941 ], [ -74.403915707770011, 1.105613241752148 ], [ -74.39683443186243, 1.105984433109849 ], [ -74.393208131393237, 1.102372414068527 ], [ -74.390895292883613, 1.103985690789703 ], [ -74.389396237940105, 1.103129083601637 ], [ -74.390181455057359, 1.101715683088742 ], [ -74.388211261219624, 1.098446303329405 ], [ -74.386198234776714, 1.098931714668178 ], [ -74.38644094179358, 1.101244544194526 ], [ -74.38492760362567, 1.09848913234133 ], [ -74.383000242393166, 1.099174413600193 ], [ -74.382657597721277, 1.097875234865066 ], [ -74.38452785390399, 1.096875856518452 ], [ -74.381872379705669, 1.09294974488097 ], [ -74.384013892286077, 1.090708295543965 ], [ -74.38258621843022, 1.089965899353828 ], [ -74.383485656426899, 1.088766657375315 ], [ -74.382257856084436, 1.086882118866559 ], [ -74.380030680988568, 1.0873247002951 ], [ -74.3824862798769, 1.08221362002207 ], [ -74.380316210729177, 1.080300528539307 ], [ -74.381601125104623, 1.077916312535349 ], [ -74.379816523352474, 1.07511806717863 ], [ -74.380630297935397, 1.072619627600307 ], [ -74.377946266271465, 1.070835035729705 ], [ -74.380487536658393, 1.069450195377422 ], [ -74.380616022795891, 1.063625274583273 ], [ -74.3762187785523, 1.062854323622414 ], [ -74.3740201609221, 1.060127459353341 ], [ -74.37007977324663, 1.062140483999536 ], [ -74.370265365332216, 1.0588853838713 ], [ -74.367638448599564, 1.058085887122914 ], [ -74.368266623012005, 1.059841929612743 ], [ -74.366182217278038, 1.05955639088895 ], [ -74.365739634951183, 1.056001477795773 ], [ -74.362341766359293, 1.055230535818046 ], [ -74.363840821302801, 1.053060465772097 ], [ -74.360514341883402, 1.050747629059204 ], [ -74.35823005185631, 1.051747002914224 ], [ -74.359001003715491, 1.049919580235037 ], [ -74.357730372564447, 1.04840624116888 ], [ -74.360928365846348, 1.046121950243511 ], [ -74.361171072863215, 1.044394462524405 ], [ -74.357758921046923, 1.043495034409185 ], [ -74.354875014971299, 1.044979814213139 ], [ -74.354717971368189, 1.041610494103838 ], [ -74.35129154531063, 1.039397603130743 ], [ -74.352733503289187, 1.034586326839577 ], [ -74.343810518783073, 1.031031411949751 ], [ -74.344552914074995, 1.029746509252428 ], [ -74.345909207741443, 1.031117075363507 ], [ -74.346780089170807, 1.030388958804466 ], [ -74.341883156652273, 1.027505050932291 ], [ -74.340484040262027, 1.023764535871981 ], [ -74.342782594648952, 1.023222025771614 ], [ -74.340755294863072, 1.019210251618731 ], [ -74.339341895248481, 1.021508814988661 ], [ -74.337742893666814, 1.021508814988661 ], [ -74.335587107743436, 1.019809873955435 ], [ -74.333902442748013, 1.014841563942602 ], [ -74.330890051433187, 1.015455462317163 ], [ -74.329833568935101, 1.014127724319775 ], [ -74.325393492984631, 1.020723588888244 ], [ -74.326050223964444, 1.014684521237793 ], [ -74.324850973002754, 1.014541749181006 ], [ -74.32308065357671, 1.017625533261464 ], [ -74.322523861150216, 1.014184832962809 ], [ -74.323623173558587, 1.012400236600666 ], [ -74.320053988020618, 1.013242564157584 ], [ -74.319283036161437, 1.011729222396475 ], [ -74.321495936117742, 1.009973187991485 ], [ -74.319639954176239, 1.006875121584924 ], [ -74.315927999276425, 1.007631790219732 ], [ -74.313315346903494, 1.003063229928563 ], [ -74.309374959228023, 1.002991849739214 ], [ -74.308789617420757, 0.999679634679703 ], [ -74.3073476594422, 0.999065735406787 ], [ -74.3068622552899, 1.000993096639284 ], [ -74.305634445964301, 0.999993721885905 ], [ -74.305006271551804, 0.998323341911594 ], [ -74.307304836718458, 0.997209752567051 ], [ -74.307490428804101, 0.994340130614219 ], [ -74.297339645752118, 0.993783336391088 ], [ -74.295911970997963, 0.995896292404118 ], [ -74.29334215212856, 0.995111071693584 ], [ -74.295412282722964, 0.9933407531659 ], [ -74.293699070143361, 0.990428290523055 ], [ -74.289101959572918, 0.991470499678194 ], [ -74.287874151145616, 0.989971433056649 ], [ -74.286375097100404, 0.991342002760914 ], [ -74.286489308996636, 0.989057719920442 ], [ -74.283876126617258, 0.98966257584612 ], [ -74.281424580032422, 0.984142643215429 ], [ -74.284587863282411, 0.978812506789168 ], [ -74.280920966116526, 0.974919289687049 ], [ -74.26194714609494, 0.968637515019683 ], [ -74.26331771490095, 0.965111159392116 ], [ -74.266929733044094, 0.96225580269736 ], [ -74.265701933599928, 0.955445783187702 ], [ -74.261790103390126, 0.954018107535298 ], [ -74.25710732042279, 0.95740170098751 ], [ -74.250668502152109, 0.95747309016 ], [ -74.249754789015867, 0.955602833079046 ], [ -74.253152657607757, 0.952733202143025 ], [ -74.252895677247977, 0.950506027945581 ], [ -74.24662817592332, 0.947593562607739 ], [ -74.246114214305408, 0.949520925636831 ], [ -74.24896956291542, 0.952618990246797 ], [ -74.247170695006901, 0.954831882118193 ], [ -74.240217906135172, 0.948721424396904 ], [ -74.240446338012475, 0.947550730900861 ], [ -74.245214776308728, 0.947279476299828 ], [ -74.246271257010221, 0.945580537063193 ], [ -74.240232180376381, 0.936314916868689 ], [ -74.240032314049586, 0.929490623117816 ], [ -74.237905066727251, 0.929533455722989 ], [ -74.228596616622156, 0.93680033180076 ], [ -74.226298061336934, 0.93714297557428 ], [ -74.223771073276112, 0.934830137963089 ], [ -74.222314841954642, 0.926992192522694 ], [ -74.217860490864609, 0.924422373653369 ], [ -74.204797253254526, 0.926292629836022 ], [ -74.204069133102166, 0.923351618710644 ], [ -74.210108209736006, 0.922666329366893 ], [ -74.211578716197039, 0.92095311588905 ], [ -74.210279527580383, 0.916698641007499 ], [ -74.206481909266813, 0.912701148282369 ], [ -74.207738266176591, 0.90971730275517 ], [ -74.202527247350133, 0.906490753804414 ], [ -74.198943776791111, 0.910502527957296 ], [ -74.197287670159653, 0.907889877381099 ], [ -74.192990362672731, 0.907218872160045 ], [ -74.189321238581499, 0.90459194734264 ], [ -74.189778096047917, 0.903435527189509 ], [ -74.193689926257775, 0.903849552050739 ], [ -74.194532259204664, 0.902764521070218 ], [ -74.189264132633411, 0.900651557870649 ], [ -74.180426813337647, 0.902950114952444 ], [ -74.180883669007471, 0.914342980672563 ], [ -74.178927749411002, 0.917983553586256 ], [ -74.176743406022013, 0.917726574124779 ], [ -74.177699949966836, 0.906690625521094 ], [ -74.176243717747013, 0.900451685255616 ], [ -74.179199013893481, 0.892371031001709 ], [ -74.174544788391813, 0.886417627663304 ], [ -74.175101581716604, 0.881863329935266 ], [ -74.1683343930153, 0.876994954882508 ], [ -74.168034580948643, 0.869314054841865 ], [ -74.162480916551942, 0.867143984795855 ], [ -74.158968836962117, 0.876852186418962 ], [ -74.151302210264134, 0.882520063610009 ], [ -74.149446228322631, 0.880264339133438 ], [ -74.149731766148079, 0.876009861556937 ], [ -74.144949046424074, 0.874339480684272 ], [ -74.147090567089322, 0.870698906872231 ], [ -74.146833585831189, 0.868043423690858 ], [ -74.130072656782716, 0.865716310041752 ], [ -74.130243983610228, 0.861361898403533 ], [ -74.135140907145683, 0.85623654388924 ], [ -74.116880924051998, 0.851882128657784 ], [ -74.11835143859787, 0.845971548941423 ], [ -74.113397401029488, 0.84514348933747 ], [ -74.106630213226538, 0.83980398527199 ], [ -74.104474418320024, 0.839775426908024 ], [ -74.100305605953793, 0.842330971536133 ], [ -74.097250373050599, 0.84899822527714 ], [ -74.090368971554767, 0.855322828956435 ], [ -74.087042484050528, 0.849455079150298 ], [ -74.091482560000998, 0.84801312207009 ], [ -74.091753823585179, 0.846085759040998 ], [ -74.076940561304127, 0.840375961035503 ], [ -74.07739434113995, 0.829333982036525 ], [ -74.07551871662082, 0.826369285911518 ], [ -74.075488464931198, 0.823041566816158 ], [ -74.080117021053184, 0.82473568029926 ], [ -74.082748944999253, 0.822769298914672 ], [ -74.084745576276873, 0.813330675634986 ], [ -74.080207777020348, 0.803922304943207 ], [ -74.076335521223598, 0.800534081570309 ], [ -74.074459896704468, 0.795209729400809 ], [ -74.08286995265604, 0.796329053594661 ], [ -74.086258176029048, 0.794907208911401 ], [ -74.086469939653, 0.792910575837259 ], [ -74.083596000393356, 0.788584542899769 ], [ -74.08386826829485, 0.785438333043793 ], [ -74.071797721068776, 0.786587909825565 ], [ -74.072523768806093, 0.784470269992933 ], [ -74.076305268635679, 0.782261873294837 ], [ -74.077031317271292, 0.779357682345671 ], [ -74.074732164605962, 0.775182906059643 ], [ -74.071253186164085, 0.774003079384841 ], [ -74.071464948889741, 0.772308966800095 ], [ -74.075669976865527, 0.770221578657082 ], [ -74.072947296952293, 0.765048486732281 ], [ -74.068984286086675, 0.761872026983328 ], [ -74.071253186164085, 0.757757755873136 ], [ -74.055975926601036, 0.756608179989657 ], [ -74.052829719439899, 0.755095580237534 ], [ -74.052224679359369, 0.752040129942018 ], [ -74.05812381902166, 0.745505695814842 ], [ -74.051861654592415, 0.738880510212103 ], [ -74.046749066944983, 0.737186399423953 ], [ -74.046839822912148, 0.728806594263925 ], [ -74.044205882246672, 0.727942548121044 ], [ -74.03694741979632, 0.731680534421772 ], [ -74.029142404823574, 0.732255321914359 ], [ -74.030685257163668, 0.727808277726853 ], [ -74.029928956838432, 0.725599881927057 ], [ -74.027357537169905, 0.724813331708877 ], [ -74.022849988704706, 0.728050295735365 ], [ -74.023182760883742, 0.722544430733187 ], [ -74.025784433140188, 0.718067135754405 ], [ -74.024846620880624, 0.715253699874098 ], [ -74.016708833728842, 0.71310580925014 ], [ -74.012685317687385, 0.714830172626208 ], [ -74.010991206000881, 0.714194879059432 ], [ -74.011293725591997, 0.710594892960939 ], [ -74.013986153815608, 0.707751202696069 ], [ -74.019582773886782, 0.708235236018091 ], [ -74.020429830179182, 0.7019730733857 ], [ -74.016981101630336, 0.695196623944962 ], [ -74.008298778675567, 0.696194939583744 ], [ -74.009387851179895, 0.689055469867656 ], [ -74.005061814648968, 0.685879010118705 ], [ -74.006907186580179, 0.681401715139868 ], [ -74.00990213529326, 0.683216833584746 ], [ -74.01201977422761, 0.682611796199183 ], [ -74.010386165920352, 0.678739537707611 ], [ -74.005939122630991, 0.677650466101677 ], [ -74.004547531433957, 0.675744591689634 ], [ -74.010870198344094, 0.669452174672623 ], [ -74.009206339245566, 0.66306900528175 ], [ -74.013320610355834, 0.663734547843203 ], [ -74.013471869702244, 0.661284135831546 ], [ -74.010658433821845, 0.657442131724489 ], [ -74.003942489556778, 0.659529518969204 ], [ -73.999495446267417, 0.657926165046566 ], [ -73.998950909566133, 0.660225315915225 ], [ -74.003549214896793, 0.663674045362256 ], [ -74.000735779016395, 0.664974878795485 ], [ -73.996651758697396, 0.662433711715019 ], [ -73.993868575404917, 0.655324493688503 ], [ -73.987606411873969, 0.655082478374937 ], [ -73.987818176396217, 0.651300976748878 ], [ -73.984732471716029, 0.649425354924701 ], [ -73.989905562742706, 0.646188389101621 ], [ -73.992658496142155, 0.641862355265781 ], [ -73.99132740832431, 0.638443878406662 ], [ -73.985458521249996, 0.6353279211386 ], [ -73.971058568770616, 0.632363225013596 ], [ -73.970816554355395, 0.630487604087775 ], [ -73.974900572877743, 0.629580042619563 ], [ -73.973539231573682, 0.625405268130135 ], [ -73.971330836672109, 0.623045611187337 ], [ -73.966187998233409, 0.621986791271025 ], [ -73.962769416271158, 0.615689377820432 ], [ -73.960760410690625, 0.615187124853269 ], [ -73.94452756838092, 0.620262426098303 ], [ -73.93847716757557, 0.618538063620589 ], [ -73.93618597129506, 0.616084003547632 ], [ -73.932132084986279, 0.616406878979285 ], [ -73.925710443415824, 0.622756771152278 ], [ -73.925892337134485, 0.631153147547521 ], [ -73.923986461824029, 0.635116159311314 ], [ -73.915697414427541, 0.637778334946919 ], [ -73.912067173944308, 0.633482549207457 ], [ -73.905562995099842, 0.631334660380143 ], [ -73.904020142759748, 0.632211964768896 ], [ -73.903324346711997, 0.6353279211386 ], [ -73.901085699222563, 0.635358172828225 ], [ -73.897273947703354, 0.631788439317655 ], [ -73.896729411900367, 0.621896036202155 ], [ -73.884356345083177, 0.61766075653689 ], [ -73.884489958808388, 0.614074996170572 ], [ -73.888687344809966, 0.610523362829086 ], [ -73.888712632405372, 0.607012053096175 ], [ -73.893996858595983, 0.607832731237542 ], [ -73.895037236983171, 0.606864103145933 ], [ -73.892736148446829, 0.598057461341914 ], [ -73.875976540821227, 0.592642355001836 ], [ -73.873737894230032, 0.581600374206265 ], [ -73.867747997702281, 0.58444406087784 ], [ -73.871529498430164, 0.578333160286747 ], [ -73.870168158024399, 0.574793675770848 ], [ -73.861667347003959, 0.575307958087606 ], [ -73.851381667431554, 0.581025585815379 ], [ -73.844998496243818, 0.582538187364094 ], [ -73.841549766796618, 0.57506594367233 ], [ -73.83586239255493, 0.575005437598148 ], [ -73.834712816671413, 0.573734854057879 ], [ -73.835106092229694, 0.571768473571655 ], [ -73.839069103095255, 0.568531512240109 ], [ -73.834380045390674, 0.567321432079085 ], [ -73.835650628930978, 0.56332816772739 ], [ -73.829116196600239, 0.561331537348131 ], [ -73.824094365818269, 0.562783631924415 ], [ -73.816712878093426, 0.561301284760213 ], [ -73.812628858672724, 0.564023963775054 ], [ -73.808333074729774, 0.564659254646839 ], [ -73.800044028231582, 0.57654829083654 ], [ -73.795717991700712, 0.579452482684008 ], [ -73.795929756222961, 0.580904579056893 ], [ -73.801465872016593, 0.58223566687469 ], [ -73.801465872016593, 0.584232299050541 ], [ -73.798803696380901, 0.586501198229584 ], [ -73.795778495978254, 0.584958346787835 ], [ -73.791361704378517, 0.57679030704841 ], [ -73.789425575581845, 0.576760057155434 ], [ -73.786309621008627, 0.580420546633165 ], [ -73.784524753354958, 0.580632311155406 ], [ -73.784101225208758, 0.576518039146919 ], [ -73.786400376975791, 0.573039058908563 ], [ -73.785523068993768, 0.570528142619366 ], [ -73.777143264731819, 0.571496205670167 ], [ -73.776447469582422, 0.574460901795176 ], [ -73.778232337236091, 0.583324736683984 ], [ -73.774571845961589, 0.586833968611958 ], [ -73.778716368761536, 0.589254128933999 ], [ -73.773180253866201, 0.591523030807985 ], [ -73.770518078230509, 0.594608733691477 ], [ -73.769186990412663, 0.594578482001857 ], [ -73.767946657663686, 0.591160006041038 ], [ -73.766161790010017, 0.591523030807985 ], [ -73.765375237995158, 0.594064197888507 ], [ -73.767129853959204, 0.599570061992332 ], [ -73.763741630586196, 0.606739785194687 ], [ -73.761684495031034, 0.607102809961636 ], [ -73.760504666559598, 0.605832224624779 ], [ -73.760897943016175, 0.593761679195695 ], [ -73.758417279314813, 0.591976810643789 ], [ -73.754424014962979, 0.592884370315406 ], [ -73.756360142861354, 0.602655764875829 ], [ -73.751761840225583, 0.621169986668216 ], [ -73.749432435870631, 0.620867467077161 ], [ -73.748555127888608, 0.619203607978633 ], [ -73.74701227644681, 0.606558273260366 ], [ -73.741355152098095, 0.605015421818619 ], [ -73.737089620743063, 0.608040620424576 ], [ -73.734639686635433, 0.612926994136693 ], [ -73.734608957041701, 0.616662439101519 ], [ -73.736514833250453, 0.619506129366336 ], [ -73.742050948145788, 0.619415371602577 ], [ -73.743926571766622, 0.620746457623731 ], [ -73.74226271176974, 0.628067442867436 ], [ -73.740296333080039, 0.62812794624668 ], [ -73.735092988567146, 0.622440572005126 ], [ -73.728104777298881, 0.621623768300667 ], [ -73.726561925857084, 0.616601934823917 ], [ -73.719785478212771, 0.60934145565446 ], [ -73.716306497974301, 0.608766668161866 ], [ -73.709711563162614, 0.613425475074968 ], [ -73.706414094858474, 0.612880941967005 ], [ -73.703721666634863, 0.609129692030514 ], [ -73.706414094858474, 0.605227183645912 ], [ -73.711647691060989, 0.603533072857822 ], [ -73.718424137807006, 0.604017107078196 ], [ -73.719906485869558, 0.601959969726452 ], [ -73.719301445789029, 0.599993589240221 ], [ -73.715852718138478, 0.596998639628942 ], [ -73.704447715270476, 0.596575113279408 ], [ -73.698699835852892, 0.593459157807997 ], [ -73.696158667873988, 0.586924726375771 ], [ -73.700877979963138, 0.580753317913896 ], [ -73.692286412077237, 0.576306273726322 ], [ -73.684693160728443, 0.570316379893717 ], [ -73.685963745167101, 0.561301284760213 ], [ -73.689714993307064, 0.555825673244298 ], [ -73.69231666376686, 0.555674413897899 ], [ -73.697671267626163, 0.562420609852425 ], [ -73.699849411736409, 0.561573551763401 ], [ -73.699879664324385, 0.558911377924445 ], [ -73.693829264417332, 0.550047543035638 ], [ -73.684178876615078, 0.544450922066294 ], [ -73.676494870197473, 0.544934952693428 ], [ -73.676404114230309, 0.538158505947637 ], [ -73.665725159099622, 0.532864407264349 ], [ -73.658071402574933, 0.526420730002689 ], [ -73.649389079620164, 0.523244272050335 ], [ -73.645274807611543, 0.511809015696487 ], [ -73.644639514943094, 0.497893095641372 ], [ -73.637651304573126, 0.499254436945388 ], [ -73.629574021698943, 0.504760300150914 ], [ -73.615930371341449, 0.508904824747314 ], [ -73.614145502789484, 0.502975433395601 ], [ -73.599745552106754, 0.495926718748381 ], [ -73.599866559763541, 0.492841014068238 ], [ -73.606098470706513, 0.49014858494642 ], [ -73.606552251440689, 0.487577165277976 ], [ -73.604767383787021, 0.485217509233476 ], [ -73.59575228775492, 0.48152676716777 ], [ -73.594965735740061, 0.491509925352138 ], [ -73.591244741086314, 0.493415801560826 ], [ -73.583500228594517, 0.488393969880724 ], [ -73.58062629023317, 0.484491462394484 ], [ -73.59299935705036, 0.466370516160307 ], [ -73.591789276889301, 0.462407502599927 ], [ -73.583893505051094, 0.461590698895473 ], [ -73.576027985800806, 0.463073047856275 ], [ -73.569886829926645, 0.461409187859446 ], [ -73.569614562025151, 0.464010859217517 ], [ -73.575664961932148, 0.469365463974935 ], [ -73.577782601764852, 0.477624258783232 ], [ -73.575090174439538, 0.480982229568212 ], [ -73.569493554368364, 0.483795666346813 ], [ -73.562777611001593, 0.472874694106321 ], [ -73.555305368207883, 0.467489838557569 ], [ -73.557457010199528, 0.459345949145447 ], [ -73.562595373227907, 0.453077146161157 ], [ -73.561053863870256, 0.450816266249058 ], [ -73.557251474600378, 0.450816266249064 ], [ -73.546769213842765, 0.455338025174959 ], [ -73.541733618164756, 0.454413118123076 ], [ -73.538753366799767, 0.45204947086056 ], [ -73.53834229829647, 0.449257183135522 ], [ -73.542956556821025, 0.446117548952665 ], [ -73.549752658721104, 0.445668750279107 ], [ -73.553236196116643, 0.438402478767995 ], [ -73.550253283939696, 0.434394155046901 ], [ -73.539120548973187, 0.43254878311575 ], [ -73.540562311118833, 0.430241360553362 ], [ -73.547046571602721, 0.429009297701503 ], [ -73.547893627895121, 0.426377375552171 ], [ -73.546804556289146, 0.422595876621004 ], [ -73.540723904692527, 0.417241272761885 ], [ -73.537849965432883, 0.410979108332787 ], [ -73.534613001406285, 0.40901272874491 ], [ -73.527715546105185, 0.40846819294194 ], [ -73.524932361914409, 0.409799280759742 ], [ -73.523540769819022, 0.414306828326495 ], [ -73.525476897717397, 0.419721935564804 ], [ -73.524024802242764, 0.421930332262958 ], [ -73.520152546446013, 0.420145462812702 ], [ -73.519063474840038, 0.414579096227924 ], [ -73.520666829661081, 0.409284996646341 ], [ -73.52677773384562, 0.401903510718384 ], [ -73.532011329149839, 0.399211080698214 ], [ -73.540149117199917, 0.400784185626233 ], [ -73.540754157280446, 0.394975801931299 ], [ -73.538787776794152, 0.392827910409046 ], [ -73.520182798135636, 0.384296845902613 ], [ -73.515433235255159, 0.384871636090152 ], [ -73.508626535022927, 0.390362372552578 ], [ -73.50632738415419, 0.39015060713198 ], [ -73.505540832139332, 0.375750658246371 ], [ -73.502364372390275, 0.372725456945477 ], [ -73.499218164330841, 0.366281782378764 ], [ -73.506448391810977, 0.360231381573613 ], [ -73.503392939718708, 0.349764192762168 ], [ -73.509050063169127, 0.343592784300295 ], [ -73.501668576342581, 0.329858376179439 ], [ -73.485120733239228, 0.324715537740908 ], [ -73.480098901558961, 0.324806293708066 ], [ -73.472384641655083, 0.330433164570381 ], [ -73.469026670869994, 0.338843221419976 ], [ -73.466546007168631, 0.339932292127615 ], [ -73.46427710709122, 0.338782718040733 ], [ -73.46300652265262, 0.331491986283289 ], [ -73.458256959772143, 0.329344092964442 ], [ -73.456895620264675, 0.32371722210213 ], [ -73.4500284157549, 0.321024793878605 ], [ -73.4500284157549, 0.305656779247194 ], [ -73.451601519784617, 0.30075595522388 ], [ -73.456199824216981, 0.294221524689951 ], [ -73.455050248333464, 0.282816520025731 ], [ -73.453265379781499, 0.280971148094575 ], [ -73.44760825633108, 0.279821573109396 ], [ -73.44700321625055, 0.275132515404968 ], [ -73.444280537235613, 0.27452747532446 ], [ -73.441043573209015, 0.278278719870998 ], [ -73.445097340940094, 0.288050118024665 ], [ -73.443645244567165, 0.28922994380117 ], [ -73.440226768606237, 0.286477013995003 ], [ -73.436747789266065, 0.278702248915535 ], [ -73.432119234042375, 0.276584609082904 ], [ -73.432905786057233, 0.267206489182454 ], [ -73.429275545574058, 0.261609870908057 ], [ -73.435053676681264, 0.25737459124279 ], [ -73.43463014943336, 0.254409895117778 ], [ -73.432149485731998, 0.253653595690872 ], [ -73.425403289777307, 0.255710732144259 ], [ -73.415117611103199, 0.264756078967392 ], [ -73.407826880243874, 0.265633386051086 ], [ -73.404468907662135, 0.265088850248114 ], [ -73.399265564047539, 0.260823318893229 ], [ -73.3957563330178, 0.253441831168628 ], [ -73.390946264961428, 0.260127522845552 ], [ -73.391006769239027, 0.266540946620994 ], [ -73.389826940767534, 0.268235059205741 ], [ -73.387134513442277, 0.267720774194099 ], [ -73.380448821765071, 0.261519114940899 ], [ -73.377030345804144, 0.254621659640025 ], [ -73.375063966216146, 0.253623344001248 ], [ -73.373188341697016, 0.254107374628382 ], [ -73.367652226801681, 0.262154409405972 ], [ -73.360543006978332, 0.26242667461251 ], [ -73.35836486376644, 0.252625028362465 ], [ -73.352798496283185, 0.247784707718394 ], [ -73.348109436781954, 0.247270425401698 ], [ -73.34151450107197, 0.252171246730067 ], [ -73.338549804946865, 0.250900663189805 ], [ -73.33906408906023, 0.24784521289423 ], [ -73.342906093167358, 0.245092280393174 ], [ -73.343934661394087, 0.240675489691933 ], [ -73.342452313331535, 0.237529280734247 ], [ -73.338459048979701, 0.234988112755423 ], [ -73.338459048979701, 0.232961229788252 ], [ -73.345205244934391, 0.230994850200317 ], [ -73.347534649289344, 0.22830242287515 ], [ -73.356327159684668, 0.226511614657828 ], [ -73.337927916051399, 0.21127604234757 ], [ -73.322546499443092, 0.215657087258527 ], [ -73.32206246701935, 0.219952869404746 ], [ -73.323847333774665, 0.225458732610276 ], [ -73.322304483231221, 0.227001585848615 ], [ -73.315830555178024, 0.226850324705619 ], [ -73.316223830736305, 0.232567952433388 ], [ -73.314741482673753, 0.23462508888678 ], [ -73.307541507781536, 0.229542752030842 ], [ -73.302186903922234, 0.223371347162207 ], [ -73.298556665235651, 0.222161266102835 ], [ -73.29501718071964, 0.22409739400115 ], [ -73.289178545334892, 0.233021733167493 ], [ -73.286607125666364, 0.234050303190839 ], [ -73.285034021636648, 0.230994850200317 ], [ -73.289057536779808, 0.219952869404746 ], [ -73.288270984764949, 0.215324313282913 ], [ -73.283884445753131, 0.214386502819966 ], [ -73.278802109795322, 0.223159580843318 ], [ -73.274385319093881, 0.223522605610257 ], [ -73.271874402804599, 0.217472206601763 ], [ -73.271602134903105, 0.210332735089024 ], [ -73.274929853998572, 0.208184845363415 ], [ -73.286123094140919, 0.20791257656364 ], [ -73.291356689445138, 0.209152905719327 ], [ -73.293928109113665, 0.205583172208759 ], [ -73.294321384671946, 0.200440331075227 ], [ -73.290388624597654, 0.195630263019066 ], [ -73.28019370189071, 0.194389932066729 ], [ -73.277017242141653, 0.195479002774368 ], [ -73.273084482965658, 0.199744536824205 ], [ -73.27066432264354, 0.199563023991531 ], [ -73.270634070953918, 0.195569759639823 ], [ -73.27674497424016, 0.187159703688531 ], [ -73.273810530702974, 0.18171434386224 ], [ -73.263797119032063, 0.18116980895757 ], [ -73.259047556151586, 0.18304543437499 ], [ -73.256778656074175, 0.185828618565679 ], [ -73.254328244062435, 0.185798365079404 ], [ -73.254207236405648, 0.175663945752042 ], [ -73.255659331880281, 0.169704301812407 ], [ -73.253874464226612, 0.168131198681036 ], [ -73.250032461017781, 0.171216904259479 ], [ -73.248308096743358, 0.183015180888719 ], [ -73.24304424885122, 0.183922740560337 ], [ -73.235693013714297, 0.178537886808237 ], [ -73.235662762024674, 0.174484118178943 ], [ -73.238718213218647, 0.166890866830396 ], [ -73.235662762024674, 0.161385002726571 ], [ -73.232819073556357, 0.159176606926772 ], [ -73.227887997843254, 0.157452245347353 ], [ -73.218751895052662, 0.157089218783764 ], [ -73.210130076375435, 0.160991727168301 ], [ -73.206862859760918, 0.16056819902211 ], [ -73.206560340169801, 0.15500182974245 ], [ -73.214516615387254, 0.144413632375873 ], [ -73.211551920160446, 0.140208604400225 ], [ -73.205804039844566, 0.140269108677767 ], [ -73.196032645283822, 0.143717836328201 ], [ -73.192946940603633, 0.149949747271022 ], [ -73.183962098057748, 0.15227915342255 ], [ -73.180876394275856, 0.157361487583597 ], [ -73.180876394275856, 0.163472390869581 ], [ -73.178214217741868, 0.164712721821922 ], [ -73.173767175350804, 0.160628702401357 ], [ -73.173283142927062, 0.156605188156686 ], [ -73.181662946290714, 0.146864042590937 ], [ -73.187350322329053, 0.143082542761473 ], [ -73.187168810394724, 0.138393484158696 ], [ -73.181662946290714, 0.138211973122727 ], [ -73.172768858813697, 0.145623711638594 ], [ -73.166657954629159, 0.147408579292203 ], [ -73.154103375877639, 0.141569945704297 ], [ -73.146056344693022, 0.129771664583459 ], [ -73.148022725179317, 0.120363293891677 ], [ -73.153770603698604, 0.111590214071739 ], [ -73.151955485253666, 0.101244032018784 ], [ -73.157310088214615, 0.095859175571688 ], [ -73.158368908130967, 0.092954983724219 ], [ -73.15594874780885, 0.089778523975262 ], [ -73.155434463695485, 0.086420553190338 ], [ -73.149656332588279, 0.080309649904301 ], [ -73.143938704860318, 0.081701241999642 ], [ -73.138069817785947, 0.078645789009122 ], [ -73.143757192925989, 0.070023971230534 ], [ -73.147145417197294, 0.04884757200589 ], [ -73.145316062240397, 0.042764485973076 ], [ -73.146993709591243, 0.040438124214492 ], [ -73.15088043815706, 0.04451192888383 ], [ -73.155236491917094, 0.042345608408851 ], [ -73.158690848415688, 0.044092100002922 ], [ -73.159664545704516, 0.051719364290193 ], [ -73.164032100604288, 0.059259353584744 ], [ -73.16657371684289, 0.059590172824781 ], [ -73.172408907185797, 0.05710799995267 ], [ -73.171778645086931, 0.054878616796156 ], [ -73.167126892649151, 0.055379464797103 ], [ -73.165908433894742, 0.053739961740284 ], [ -73.167929402349444, 0.048937798864901 ], [ -73.173692601648099, 0.047442823174403 ], [ -73.175821404853707, 0.051360164552718 ], [ -73.180806921211399, 0.054272637975404 ], [ -73.180600767570866, 0.060357190059904 ], [ -73.186127340553639, 0.060376399649268 ], [ -73.186756260568359, 0.054791049850805 ], [ -73.188161973292949, 0.054846209148144 ], [ -73.189162905726278, 0.058083910692078 ], [ -73.191279209763081, 0.058935470242536 ], [ -73.193917809993707, 0.054966822444165 ], [ -73.195433838618044, 0.054733892698674 ], [ -73.197959540290356, 0.061286218585589 ], [ -73.199343599107806, 0.061788616181625 ], [ -73.202438372287986, 0.060322030869996 ], [ -73.199970920120052, 0.056434994181884 ], [ -73.200812476921897, 0.053324152823452 ], [ -73.20376638786513, 0.054364547380343 ], [ -73.20706065457108, 0.051875327219128 ], [ -73.218274024178356, 0.05349290417899 ], [ -73.22041069124225, 0.045577384660451 ], [ -73.216089590957779, 0.043721490754001 ], [ -73.214733241595695, 0.040016574160164 ], [ -73.215123859036964, 0.037308747003715 ], [ -73.218112771066444, 0.035469380315045 ], [ -73.222788117773973, 0.036292672555982 ], [ -73.224475175883242, 0.039966945794432 ], [ -73.232863039836332, 0.046155419565374 ], [ -73.236170397701358, 0.046605499237557 ], [ -73.24142953123112, 0.044724224310813 ], [ -73.243893489848119, 0.055299530842771 ], [ -73.248216619428433, 0.05960371763344 ], [ -73.260904086065864, 0.057715535554989 ], [ -73.262133230289066, 0.055608071846038 ], [ -73.260240668021709, 0.052087907412312 ], [ -73.262535133274184, 0.05061348429357 ], [ -73.263199497245068, 0.047796700389501 ], [ -73.266017854998836, 0.048276762256535 ], [ -73.266481225256257, 0.04284053021912 ], [ -73.268294038622344, 0.040592430648784 ], [ -73.272700963119121, 0.042484704556576 ], [ -73.274688572609193, 0.045516238086953 ], [ -73.277846843255872, 0.044895392136421 ], [ -73.284362430713543, 0.049753280248193 ], [ -73.289789165754428, 0.045465767999109 ], [ -73.286699409669041, 0.042831246123297 ], [ -73.287355475895026, 0.038121109433909 ], [ -73.28524598558505, 0.032000901390713 ], [ -73.289137364732824, 0.025528715172483 ], [ -73.294531374121789, 0.026185768647667 ], [ -73.292606125728469, 0.028922925821477 ], [ -73.294860615020639, 0.034580829009997 ], [ -73.303504217860848, 0.035659592439817 ], [ -73.302106866661575, 0.041481460756239 ], [ -73.307573302778053, 0.046401582403868 ], [ -73.309216188892947, 0.046306385162388 ], [ -73.312461326696848, 0.041440281950822 ], [ -73.31797086760821, 0.041378624235507 ], [ -73.321062229882614, 0.043219631249195 ], [ -73.32126255165565, 0.048975626951662 ], [ -73.325291401897516, 0.044098861627468 ], [ -73.324612861601906, 0.04162894717546 ], [ -73.320744413766647, 0.037996269561059 ], [ -73.323173819557041, 0.033586889966756 ], [ -73.32587099717739, 0.037947842243791 ], [ -73.328735265166927, 0.037966282874665 ], [ -73.333846139725779, 0.035309322861765 ], [ -73.33709375778011, 0.040300038672263 ], [ -73.346800685591461, 0.040652550447047 ], [ -73.348408622722388, 0.042029623959234 ], [ -73.351255452601777, 0.041514700244868 ], [ -73.352990490666912, 0.043559468683593 ], [ -73.355909474185694, 0.043072729633768 ], [ -73.357469573294679, 0.044724679757058 ], [ -73.355334226755303, 0.047952720810723 ], [ -73.358980775267185, 0.05157595802223 ], [ -73.362732907350107, 0.046028094950447 ], [ -73.364505141985831, 0.048369902354347 ], [ -73.367982339965408, 0.047335858891669 ], [ -73.369973062120323, 0.049698950096521 ], [ -73.371505724862061, 0.049247574154342 ], [ -73.371759314977282, 0.045997919617738 ], [ -73.375192349945621, 0.048654392743332 ], [ -73.375731918959445, 0.045974134006672 ], [ -73.382262791263884, 0.040819818682869 ], [ -73.383765397250556, 0.045695531180764 ], [ -73.38754594576352, 0.043338305979365 ], [ -73.394573185268712, 0.043050315751202 ], [ -73.395094554400373, 0.0472839209555 ], [ -73.392155011123236, 0.045791834249225 ], [ -73.387514855945085, 0.047812443377452 ], [ -73.385912555747041, 0.053695054025121 ], [ -73.387645871740403, 0.054847288923965 ], [ -73.391514126437698, 0.052385249110026 ], [ -73.394948887071052, 0.054802439599327 ], [ -73.396556295093887, 0.058887430099496 ], [ -73.392824103829525, 0.059530892053623 ], [ -73.392194496603054, 0.061119501017488 ], [ -73.396082453166855, 0.063771342425806 ], [ -73.39309641485022, 0.06531425225808 ], [ -73.393246813609892, 0.067199916356804 ], [ -73.404210116297293, 0.06384086938925 ], [ -73.412393942144092, 0.06675990321368 ], [ -73.421554650708231, 0.064872251141669 ], [ -73.419816609572649, 0.067393745101803 ], [ -73.421244098375439, 0.071059602017601 ], [ -73.418126311237586, 0.072703042393462 ], [ -73.417339910139845, 0.07465783280666 ], [ -73.418796604992338, 0.0791906877318 ], [ -73.416494038726228, 0.088947222348929 ], [ -73.419044443190216, 0.092565305023259 ], [ -73.417769527970165, 0.095847078848429 ], [ -73.418589271862913, 0.09817668622276 ], [ -73.420203147760958, 0.098532938585372 ], [ -73.422026349253258, 0.09324235411429 ], [ -73.426387153308326, 0.089748735816722 ], [ -73.431180995981038, 0.092043871212845 ], [ -73.434454771200706, 0.089225300558284 ], [ -73.439249022607214, 0.095603884944325 ], [ -73.443818730946361, 0.092702332349245 ], [ -73.44542386533135, 0.094033922325677 ], [ -73.447924792346726, 0.092373394182877 ], [ -73.4494360598963, 0.093475167977077 ], [ -73.454941458672636, 0.090431889863314 ], [ -73.45622930515151, 0.091931508949223 ], [ -73.453450702372322, 0.094871753811047 ], [ -73.453253528298546, 0.097695579614216 ], [ -73.462672059842873, 0.098725698334349 ], [ -73.46336873534193, 0.101051810361092 ], [ -73.460017077023394, 0.102422945106158 ], [ -73.459196809412447, 0.106683481824065 ], [ -73.462762843657856, 0.113864724132492 ], [ -73.46494686365304, 0.114611781684433 ], [ -73.468622604739949, 0.109808806731355 ], [ -73.469485397732058, 0.106046188605912 ], [ -73.47473837240733, 0.112672510578397 ], [ -73.48275506566398, 0.11451892455611 ], [ -73.48088518587565, 0.111526271938841 ], [ -73.480305283371763, 0.105992631005991 ], [ -73.489779215860437, 0.104448194036497 ], [ -73.492316302789789, 0.106031757159401 ], [ -73.492934267840894, 0.108220549907411 ], [ -73.491471308132589, 0.110568856627588 ], [ -73.488459382145436, 0.111433572015891 ], [ -73.488280015389762, 0.113835738170164 ], [ -73.489655550984935, 0.115927466976062 ], [ -73.494034485751797, 0.115405501362607 ], [ -73.496200257355781, 0.112517389371517 ], [ -73.496097505276737, 0.106428655626086 ], [ -73.499638434284918, 0.1047040227552 ], [ -73.503409039338067, 0.10774298625719 ], [ -73.504341526380358, 0.105569698443316 ], [ -73.502712818386897, 0.104454052853464 ], [ -73.506440386018767, 0.102389942772938 ], [ -73.505234685148253, 0.099139083594562 ], [ -73.507604494858583, 0.099189612072927 ], [ -73.507759911611402, 0.095913876727896 ], [ -73.509264950237821, 0.096900796329908 ], [ -73.510903934966336, 0.094327497384389 ], [ -73.513583132791894, 0.095801974402057 ], [ -73.51491110435154, 0.094340289404227 ], [ -73.517128945944137, 0.094980868662326 ], [ -73.517483052229863, 0.092931578999186 ], [ -73.515881015238449, 0.091513786619367 ], [ -73.517960362555016, 0.089102314809698 ], [ -73.523016809045714, 0.090605654720462 ], [ -73.522810627557362, 0.086571121731697 ], [ -73.525840906140388, 0.087515197948748 ], [ -73.527292717747173, 0.085878591960987 ], [ -73.530523984653655, 0.08643388599642 ], [ -73.53314765936392, 0.083692090817094 ], [ -73.534197538341118, 0.078101661939949 ], [ -73.536922649097448, 0.077629839427284 ], [ -73.536591574735667, 0.081665402784527 ], [ -73.541184211692382, 0.081141407875177 ], [ -73.545413193264324, 0.07660663863871 ], [ -73.545667334945563, 0.07412636300995 ], [ -73.548161130230199, 0.073130401857418 ], [ -73.550954280338715, 0.075529055596073 ], [ -73.554041978382145, 0.074897871825023 ], [ -73.55407524302359, 0.07744209407827 ], [ -73.562255931052562, 0.073275434975611 ], [ -73.56527753100471, 0.07819065630944 ], [ -73.567052377045115, 0.074620851831906 ], [ -73.570553569943286, 0.075897940976632 ], [ -73.575868065789848, 0.071301404430283 ], [ -73.576127256905295, 0.07301788059184 ], [ -73.579828504776742, 0.072274496254075 ], [ -73.58072269660795, 0.073595619950841 ], [ -73.583334656379293, 0.072377631914035 ], [ -73.585849391409852, 0.07552692568886 ], [ -73.587010714571704, 0.072848178817976 ], [ -73.590052463751761, 0.072945859903182 ], [ -73.592662960166251, 0.069646671324033 ], [ -73.594071266329138, 0.07035292826152 ], [ -73.592879812750368, 0.071180238669896 ], [ -73.594266021237956, 0.073320718186801 ], [ -73.597779637846429, 0.06777029042284 ], [ -73.600867901828906, 0.069748252897312 ], [ -73.60342727418157, 0.067998417771069 ], [ -73.605307411840329, 0.068786751146494 ], [ -73.603770332078795, 0.066004361965481 ], [ -73.607663055107309, 0.064070667605211 ], [ -73.609632188932153, 0.066147284041085 ], [ -73.616467830210979, 0.063710532720851 ], [ -73.622020819074066, 0.066835907035468 ], [ -73.623833277605343, 0.070119117267972 ], [ -73.630584540062273, 0.072748259129343 ], [ -73.631461771687441, 0.071166973237536 ], [ -73.636111622390217, 0.069792882134463 ], [ -73.639525966097551, 0.070080308220174 ], [ -73.640129104443133, 0.071469271842857 ], [ -73.640942985925619, 0.070295300391774 ], [ -73.642149755792218, 0.071744282303104 ], [ -73.644460186814968, 0.07117628877442 ], [ -73.644778352375852, 0.074335126258394 ], [ -73.649448172643304, 0.079500426190227 ], [ -73.649151431918995, 0.081563169033797 ], [ -73.647783846420396, 0.081378265956562 ], [ -73.648658112704481, 0.085472309685393 ], [ -73.650516727610125, 0.088373338562216 ], [ -73.651288919145429, 0.086912832154923 ], [ -73.653474404294059, 0.088559228888736 ], [ -73.651896010081373, 0.094956238634206 ], [ -73.656116078561979, 0.096379818864027 ], [ -73.656892573929213, 0.100939611591024 ], [ -73.66104634758733, 0.101246994664917 ], [ -73.661393116427917, 0.098706445625833 ], [ -73.66618232199346, 0.094264345769561 ], [ -73.666777868670522, 0.091107775635186 ], [ -73.670459569185766, 0.091304514025699 ], [ -73.672636053208066, 0.089023253120178 ], [ -73.671932186689446, 0.087414288315831 ], [ -73.674596491334057, 0.087274089036007 ], [ -73.676603983252051, 0.084181920073957 ], [ -73.679623346397364, 0.083660688384696 ], [ -73.681388231011624, 0.081740034877757 ], [ -73.686596887267058, 0.082882046940535 ], [ -73.686745244154451, 0.085227097265178 ], [ -73.690986432942509, 0.084803012163079 ], [ -73.694265957384516, 0.089858500150449 ], [ -73.691920177627196, 0.093352235229126 ], [ -73.692717307312989, 0.096667018574063 ], [ -73.690916534974519, 0.096777448559911 ], [ -73.692963715391784, 0.102250144142072 ], [ -73.695484243662293, 0.102153287711004 ], [ -73.698318347997201, 0.106334957674011 ], [ -73.702353463094823, 0.104792000230999 ], [ -73.703123247143253, 0.106130553953077 ], [ -73.704968018999352, 0.104789295401483 ], [ -73.70566861474947, 0.105924948285324 ], [ -73.711227775941779, 0.106119180374175 ], [ -73.710911264180652, 0.104607719686744 ], [ -73.715784615005873, 0.098109254132229 ], [ -73.717794110168597, 0.097356347644818 ], [ -73.719237765964408, 0.094401833033387 ], [ -73.723137459925113, 0.093203367199914 ], [ -73.72339348896827, 0.090089192190802 ], [ -73.724819187427215, 0.089381733306489 ], [ -73.724744654148708, 0.087259974694995 ], [ -73.726695156899723, 0.087072209582999 ], [ -73.727492869592538, 0.083083698221271 ], [ -73.729514915128107, 0.080887075750984 ], [ -73.732878494998261, 0.080077840358828 ], [ -73.733366288671107, 0.07792425261481 ], [ -73.738148685899716, 0.077978042878601 ], [ -73.738925127367963, 0.079863247937773 ], [ -73.741909447206126, 0.080405999685205 ], [ -73.749361798588609, 0.078582761361952 ], [ -73.750458506778898, 0.076788673392934 ], [ -73.75482809187281, 0.078557015625419 ], [ -73.757394614820839, 0.077885714858431 ], [ -73.757899314800795, 0.079153900793254 ], [ -73.76035891119534, 0.078024890057959 ], [ -73.765011870071476, 0.082779860800598 ], [ -73.77111047900496, 0.084686573341505 ], [ -73.771461864291496, 0.087803978694921 ], [ -73.774585459042271, 0.088689950036415 ], [ -73.776053027111686, 0.093169698316217 ], [ -73.780284675783832, 0.093980595592962 ], [ -73.781052879694357, 0.092446111964781 ], [ -73.789991817394309, 0.096005514841365 ], [ -73.790382863332297, 0.097735108213171 ], [ -73.792294289337292, 0.098271640918884 ], [ -73.792523620428938, 0.101897080801273 ], [ -73.794784831819698, 0.102010338685931 ], [ -73.795214352631945, 0.105628205764375 ], [ -73.800182764154613, 0.107481125346604 ], [ -73.803790461397796, 0.106355582111025 ], [ -73.806660290861714, 0.113332066762002 ], [ -73.809691306063883, 0.114094834962417 ], [ -73.81020735177492, 0.116821464771036 ], [ -73.814157496060432, 0.118323761736938 ], [ -73.818862825861061, 0.114713810619064 ], [ -73.827852725027697, 0.122451000936902 ], [ -73.829052246382503, 0.125352479870077 ], [ -73.836152700438333, 0.127104470954704 ], [ -73.835819857292336, 0.131500503369847 ], [ -73.840702191277558, 0.14263574014605 ], [ -73.842814605606122, 0.157519855304463 ], [ -73.846368502704024, 0.159636207850291 ], [ -73.857515536166318, 0.159813406969493 ], [ -73.859476737860916, 0.161069881558638 ], [ -73.861568888875411, 0.169232163990831 ], [ -74.511606627554613, 0.169097663627719 ], [ -74.511010723347795, 0.169940955077743 ], [ -74.512390869100727, 0.17014337711363 ], [ -74.511286751600039, 0.171670737095917 ], [ -74.513697406840606, 0.170916256758906 ], [ -74.51307174142471, 0.173934176310299 ], [ -74.515298375734289, 0.176308028442559 ], [ -74.513679004837343, 0.177872193329719 ], [ -74.519751647048508, 0.183245563010054 ], [ -74.520027676199049, 0.185177766165771 ], [ -74.517635422961803, 0.184864932110356 ], [ -74.51767222696833, 0.185840234689872 ], [ -74.521426223955245, 0.186815539065979 ], [ -74.517469805830785, 0.188342899946619 ], [ -74.516862540621503, 0.193808277846677 ], [ -74.51844510930863, 0.192869779273682 ], [ -74.520009273297489, 0.194268327029834 ], [ -74.518353099292312, 0.198555979416189 ], [ -74.520892566759017, 0.199089635714101 ], [ -74.519696441038718, 0.200469782365287 ], [ -74.521518233073209, 0.201371477830048 ], [ -74.52168385110258, 0.205456709078919 ], [ -74.527038816983236, 0.206192787412614 ], [ -74.524701768857426, 0.207388914031221 ], [ -74.526910002960392, 0.210885282972392 ], [ -74.522953583937635, 0.215062526034173 ], [ -74.524977798008024, 0.216479474895233 ], [ -74.519917264179526, 0.222128871929566 ], [ -74.520929370765543, 0.224153086898241 ], [ -74.522824771711441, 0.223306594748264 ], [ -74.524260121677514, 0.225938074027844 ], [ -74.527314846133834, 0.22523880059892 ], [ -74.524830583778567, 0.229876091047271 ], [ -74.527370052143567, 0.23055696516782 ], [ -74.526284336646199, 0.232765196575822 ], [ -74.52887901102099, 0.235875126143478 ], [ -74.529136638168325, 0.238028154236636 ], [ -74.527094022993026, 0.238543407632935 ], [ -74.527094022993026, 0.239721132248287 ], [ -74.532375379962332, 0.239978759395612 ], [ -74.534510006950597, 0.243567139251398 ], [ -74.534767634097875, 0.249308545403683 ], [ -74.537362306676073, 0.248719683095981 ], [ -74.5390920895926, 0.250007819730912 ], [ -74.541631559754308, 0.248204428801386 ], [ -74.54297490239901, 0.250651888048343 ], [ -74.540435433135656, 0.253154553305089 ], [ -74.541687008309395, 0.257324219071436 ], [ -74.538391115651507, 0.257690426571938 ], [ -74.539489746238019, 0.259704592977827 ], [ -74.535278317760742, 0.263488774280523 ], [ -74.536010741745031, 0.264526372379666 ], [ -74.537597651993337, 0.263122556000231 ], [ -74.54437255722911, 0.268676760284629 ], [ -74.543395998803817, 0.270080565884327 ], [ -74.544189454377147, 0.273315434139557 ], [ -74.546081538740339, 0.273071290715429 ], [ -74.545288084065305, 0.277893070117262 ], [ -74.547424313649344, 0.277282718294262 ], [ -74.548095706044592, 0.278686525690565 ], [ -74.548278809794851, 0.281494136889971 ], [ -74.547302242386422, 0.281127931185998 ], [ -74.546508786813092, 0.283874511694666 ], [ -74.547607418297957, 0.285095215340707 ], [ -74.543701173816999, 0.285888668219066 ], [ -74.549194336631103, 0.288696290198203 ], [ -74.547424313649344, 0.290710446722603 ], [ -74.54980468755582, 0.290710446722603 ], [ -74.551696772817365, 0.295898433625005 ], [ -74.548522954117345, 0.298522950955589 ], [ -74.555419921632847, 0.305480961737985 ], [ -74.552795413285367, 0.308288573835688 ], [ -74.554992673560093, 0.308288573835688 ], [ -74.554077146723841, 0.310913083979735 ], [ -74.555725098442679, 0.311096195814828 ], [ -74.555908201294642, 0.314086911662783 ], [ -74.554687499445208, 0.314514157938877 ], [ -74.55639648005814, 0.315490726245621 ], [ -74.55480957070813, 0.317504883668323 ], [ -74.558898926125835, 0.321289063174422 ], [ -74.560485836374198, 0.326293948123162 ], [ -74.554992673560093, 0.330078126730966 ], [ -74.565979007273143, 0.337280271056065 ], [ -74.567871093432984, 0.336914062657201 ], [ -74.567504885932408, 0.339294439258549 ], [ -74.569091795282418, 0.339294439258549 ], [ -74.569885249957395, 0.337280271056065 ], [ -74.575927731208878, 0.342102049559596 ], [ -74.582702636444651, 0.344116207880594 ], [ -74.593811034234079, 0.352294917817495 ], [ -74.593688961174507, 0.362487795956878 ], [ -74.596801759065272, 0.367675782859274 ], [ -74.59367837811368, 0.370230537867613 ], [ -74.593932538659601, 0.37339696432516 ], [ -74.591274702788496, 0.377795134732411 ], [ -74.590438084029699, 0.397339170715808 ], [ -74.59508709929861, 0.409115849133495 ], [ -74.601259989083758, 0.413426136388081 ], [ -74.607129706202102, 0.423372327072425 ], [ -74.617010707891268, 0.432526521048603 ], [ -74.619038826042981, 0.439281232140454 ], [ -74.621262991780213, 0.441812836647143 ], [ -74.620501084166506, 0.452634733616002 ], [ -74.626379085555016, 0.458533377407719 ], [ -74.628216875699195, 0.46297187322013 ], [ -74.631601468977237, 0.465000589650241 ], [ -74.632327433171156, 0.472527916282495 ], [ -74.63480786870025, 0.476921449582582 ], [ -74.632195263938058, 0.484619914395971 ], [ -74.633186015756166, 0.489560233780534 ], [ -74.630956998214174, 0.496844361118731 ], [ -74.631590517606867, 0.502832033415891 ], [ -74.636417650073952, 0.511891236763351 ], [ -74.644077550181692, 0.513690149587605 ], [ -74.645590930570506, 0.515280645015025 ], [ -74.646425538898086, 0.52192083878317 ], [ -74.641982131093584, 0.525091253763792 ], [ -74.641789305767531, 0.527235360680725 ], [ -74.695632800144438, 0.597385847960961 ], [ -74.695521013701409, 0.600534488660037 ], [ -74.700216029037733, 0.602260963976994 ], [ -74.699185114409602, 0.606421891823586 ], [ -74.703432985770348, 0.604372479091145 ], [ -74.702029448767121, 0.608160784562596 ], [ -74.705084935893751, 0.609489799965416 ], [ -74.706553335803733, 0.61398539364113 ], [ -74.709975923357035, 0.616149351545034 ], [ -74.70859354798381, 0.618180809635612 ], [ -74.712247521975712, 0.619540109965702 ], [ -74.711747320762242, 0.621966085985499 ], [ -74.716649299121798, 0.621453379315056 ], [ -74.717299561328105, 0.623929378959704 ], [ -74.721863903127485, 0.62315406667463 ], [ -74.727391132779246, 0.620290409540023 ], [ -74.729979677943959, 0.617164150384095 ], [ -74.736482300905152, 0.616701464643497 ], [ -74.739633572771879, 0.621878552277861 ], [ -74.740809047105699, 0.61936503895707 ], [ -74.745398398920827, 0.619415059886912 ], [ -74.748049468675788, 0.62200360325495 ], [ -74.751901022780316, 0.620390449603068 ], [ -74.75332659817002, 0.622928978329444 ], [ -74.752501264955129, 0.624342045567102 ], [ -74.756090213445077, 0.628018531357877 ], [ -74.757303203251638, 0.635734142328777 ], [ -74.761704978601131, 0.635133901950641 ], [ -74.761917565082513, 0.637759959893113 ], [ -74.76468118035757, 0.63806008008219 ], [ -74.766969602638312, 0.643049594844224 ], [ -74.773059560788681, 0.646288401316838 ], [ -74.773872389444819, 0.638210141075022 ], [ -74.776448428254241, 0.636709536536479 ], [ -74.780074892216987, 0.640373516870196 ], [ -74.779174528056501, 0.641911635983239 ], [ -74.780875213619481, 0.644500182046224 ], [ -74.782388325411773, 0.643037090285468 ], [ -74.78280099201919, 0.645400541715076 ], [ -74.788453271749745, 0.644100019099163 ], [ -74.789391151383029, 0.64592575474087 ], [ -74.791316927986145, 0.6456131308914 ], [ -74.790766705842884, 0.648339227998628 ], [ -74.792554926910157, 0.647814016769482 ], [ -74.793267714605008, 0.650077429932698 ], [ -74.796418987370032, 0.648676863660494 ], [ -74.794493208970323, 0.651915671929761 ], [ -74.800170499614921, 0.655016922866541 ], [ -74.795681188761137, 0.655191994773468 ], [ -74.795743714249681, 0.656692600210362 ], [ -74.799632782928711, 0.661369486631333 ], [ -74.801733631438708, 0.661081872797609 ], [ -74.802058761643536, 0.662832578392022 ], [ -74.805935326662166, 0.662682517399193 ], [ -74.803796963577668, 0.673574411150767 ], [ -74.809974456334032, 0.669547786037787 ], [ -74.810174537358364, 0.666484049675453 ], [ -74.815326615875506, 0.66662160521129 ], [ -74.815276595843955, 0.675725278793952 ], [ -74.817239887919868, 0.679201682662038 ], [ -74.812462961435756, 0.684466306698988 ], [ -74.815013990229374, 0.687905194195985 ], [ -74.817514998991498, 0.688230326197457 ], [ -74.816914756816743, 0.68996852813147 ], [ -74.821804229719248, 0.692932223532463 ], [ -74.823329845171941, 0.692081879403503 ], [ -74.82305473410031, 0.689180707694461 ], [ -74.824930490671932, 0.689643396130007 ], [ -74.827056349197676, 0.693682525801736 ], [ -74.823517420739279, 0.697171433330225 ], [ -74.826493621597422, 0.699259778179815 ], [ -74.829344773275068, 0.69994755496054 ], [ -74.829194712282231, 0.697359011592506 ], [ -74.830707823176169, 0.69907220081583 ], [ -74.831420609972724, 0.696796282195565 ], [ -74.832496044243499, 0.697071392368888 ], [ -74.831983336674682, 0.699684950244264 ], [ -74.827956711561569, 0.702786199384453 ], [ -74.828744530201959, 0.70489955065648 ], [ -74.826693702621753, 0.706925368220872 ], [ -74.824692895073042, 0.706325128741027 ], [ -74.825943400352458, 0.708200884414287 ], [ -74.824692895073042, 0.709288824142026 ], [ -74.825543239202034, 0.712240014086026 ], [ -74.822879663990022, 0.711414681769456 ], [ -74.822441987366801, 0.71490359109454 ], [ -74.82382829826247, 0.719740004962344 ], [ -74.824782587434072, 0.718398841632294 ], [ -74.829425076437246, 0.722551291172512 ], [ -74.828986619177442, 0.726058949250831 ], [ -74.831875279141343, 0.729876106835576 ], [ -74.831694737388318, 0.731810476729523 ], [ -74.828006537556803, 0.736427176876804 ], [ -74.821249136906658, 0.735111802402429 ], [ -74.819108433708948, 0.73789729616356 ], [ -74.829837742146367, 0.744603112813877 ], [ -74.832494277255876, 0.750122519929723 ], [ -74.834222314744466, 0.748239732238856 ], [ -74.836982016955005, 0.751541056115171 ], [ -74.840128592425685, 0.75963961919685 ], [ -74.838013680778658, 0.763456776781598 ], [ -74.842888293737929, 0.763766277186332 ], [ -74.842630378231149, 0.767273935264699 ], [ -74.845364287992709, 0.767867141828535 ], [ -74.845312704891342, 0.770575260039323 ], [ -74.847272867234324, 0.770497885387329 ], [ -74.846473328265063, 0.771684301209931 ], [ -74.847995031551534, 0.771916424267726 ], [ -74.848639822115103, 0.774134503015656 ], [ -74.845751163049499, 0.775656206302129 ], [ -74.845364287992709, 0.779731281190243 ], [ -74.847350241886318, 0.781717235083848 ], [ -74.850393652052617, 0.782181482995965 ], [ -74.850084151647877, 0.7855343917703 ], [ -74.853101770263493, 0.791028003742217 ], [ -74.850806316863441, 0.790537964279363 ], [ -74.846757035322469, 0.796263699309067 ], [ -74.843429918098764, 0.795360995035398 ], [ -74.843636251402472, 0.796573200612095 ], [ -74.842166129420661, 0.796856907669545 ], [ -74.842862503085541, 0.798636527361038 ], [ -74.834686563554953, 0.801705728179625 ], [ -74.834970269714063, 0.804517012593082 ], [ -74.832752191864358, 0.807973091163394 ], [ -74.828393410816943, 0.809830083710279 ], [ -74.824782585637479, 0.813879369742712 ], [ -74.824498877681719, 0.817980234384915 ], [ -74.826123749865872, 0.818831354658869 ], [ -74.826304291618897, 0.821926347926432 ], [ -74.824473087029332, 0.823370679255805 ], [ -74.825169459795916, 0.825769298858512 ], [ -74.82702645683446, 0.826259336524671 ], [ -74.823467214756363, 0.828838497880393 ], [ -74.825943208112847, 0.830334414107786 ], [ -74.824215172420907, 0.833661527738137 ], [ -74.821945509673185, 0.834847942662449 ], [ -74.820475388589728, 0.833532569984783 ], [ -74.819804807373828, 0.836060149137439 ], [ -74.817328813119047, 0.835982775383743 ], [ -74.818205726740359, 0.842611219178661 ], [ -74.816400314599775, 0.841631133964755 ], [ -74.815755524934559, 0.846737871778246 ], [ -74.812325240609766, 0.848801202120492 ], [ -74.813795362591577, 0.849497573988699 ], [ -74.812531573913532, 0.851277198171781 ], [ -74.815213900573724, 0.853933729687964 ], [ -74.814801234864603, 0.857131890056549 ], [ -74.813176363578748, 0.857570350011289 ], [ -74.814723861110849, 0.858988887993392 ], [ -74.813356905331773, 0.859092053297766 ], [ -74.813872738141924, 0.862677086926427 ], [ -74.816761397207529, 0.86675215911965 ], [ -74.815858691137237, 0.867964364696346 ], [ -74.81758672862577, 0.867732240740263 ], [ -74.817689894828504, 0.869228153374355 ], [ -74.824705211883725, 0.868480196608131 ], [ -74.824653628782414, 0.870311400299335 ], [ -74.828367620164556, 0.872245771989863 ], [ -74.830611489565001, 0.876166096675644 ], [ -74.830044074551779, 0.878409966075958 ], [ -74.834144940092415, 0.878977381089167 ], [ -74.836182477087391, 0.881891831705352 ], [ -74.835718228276903, 0.885038408972525 ], [ -74.839174303254026, 0.886508531852584 ], [ -74.839509594311153, 0.891305766566401 ], [ -74.842398254275054, 0.89231163973769 ], [ -74.843172001693688, 0.895174509947461 ], [ -74.847608158291393, 0.897573131346763 ], [ -74.847401824987685, 0.89888849953289 ], [ -74.845080580935246, 0.897934211259615 ], [ -74.845028997833936, 0.899481706995072 ], [ -74.847453408987349, 0.900926036527801 ], [ -74.852947020959448, 0.901106578280871 ], [ -74.855603556068957, 0.906187526340276 ], [ -74.858466423583934, 0.906342274746023 ], [ -74.859446505204573, 0.908895642754419 ], [ -74.862257789618127, 0.90972097417269 ], [ -74.862773623326575, 0.912454884832451 ], [ -74.865301199784426, 0.913847631263871 ], [ -74.864733784771261, 0.915833586954065 ], [ -74.861741957706272, 0.917535831095265 ], [ -74.86468220077154, 0.922771527560413 ], [ -74.860375002825492, 0.927156100158367 ], [ -74.862541497573886, 0.932469174868806 ], [ -74.863753704048918, 0.933836127952895 ], [ -74.866719737766573, 0.93381033370726 ], [ -74.867235569678371, 0.93151488120558 ], [ -74.871052728161601, 0.93651845461299 ], [ -74.875334134556965, 0.935203081036971 ], [ -74.875411509209016, 0.938040157001178 ], [ -74.878506501578329, 0.939278155925146 ], [ -74.877784337261062, 0.940438778400475 ], [ -74.878996542837797, 0.941986273237636 ], [ -74.882994242175755, 0.941908897687288 ], [ -74.882039952105799, 0.945287598910548 ], [ -74.888152563090728, 0.951193875693274 ], [ -74.887198273020772, 0.953386162890579 ], [ -74.889029476712039, 0.95431466230812 ], [ -74.887920438236335, 0.955372118580775 ], [ -74.888642602553603, 0.956739071664858 ], [ -74.890293266288438, 0.955887949594255 ], [ -74.891247554561744, 0.962387433839165 ], [ -74.893104550701992, 0.962490601838491 ], [ -74.892949801397947, 0.964631305934432 ], [ -74.894574672683802, 0.964012305124971 ], [ -74.896663792780146, 0.967571547202945 ], [ -74.900145660206249, 0.967803672955692 ], [ -74.898237080964634, 0.970872873774212 ], [ -74.899629827396097, 0.972600908567745 ], [ -74.898159706312583, 0.974870571315394 ], [ -74.899990910003851, 0.976134360891751 ], [ -74.898669867155547, 0.978726806544458 ], [ -74.900229876432945, 0.980844322409497 ], [ -74.896740067893404, 0.982159872953747 ], [ -74.89798110671876, 0.984967864140777 ], [ -74.896126961833488, 0.983702660615075 ], [ -74.895746275275656, 0.993500138678866 ], [ -74.898215713620289, 0.992006549089898 ], [ -74.902277103562596, 0.994948587888809 ], [ -74.902309293818121, 0.996295379168607 ], [ -74.90620778223871, 0.997061488206192 ], [ -74.90479910776628, 0.998486255111448 ], [ -74.905814674665521, 1.000594784223184 ], [ -74.906971343652174, 0.999642274615559 ], [ -74.905533427197327, 0.998927278860013 ], [ -74.906101065891221, 0.998084990829003 ], [ -74.908815045613949, 0.998881531219444 ], [ -74.907835108622237, 1.000153693999202 ], [ -74.909903608773106, 1.001122634704773 ], [ -74.909735384729004, 1.002724769612616 ], [ -74.911736757318465, 1.002071781915598 ], [ -74.910882524379531, 1.004691909175859 ], [ -74.915203052436709, 1.00449584721732 ], [ -74.913832815109288, 1.006119304553715 ], [ -74.916279773994347, 1.007859726226594 ], [ -74.915672229408813, 1.008860084635944 ], [ -74.920666820554686, 1.010380817741121 ], [ -74.918779154109529, 1.011118903811133 ], [ -74.921971366727973, 1.013285188353462 ], [ -74.919951419658616, 1.014233747167321 ], [ -74.921574877893363, 1.015553898886134 ], [ -74.919675598917308, 1.021614942040934 ], [ -74.920442477811775, 1.024208224025861 ], [ -74.921433224239991, 1.022260737820035 ], [ -74.922917765990178, 1.023594303193376 ], [ -74.922333053004081, 1.025024159058739 ], [ -74.926871481980129, 1.024049257128181 ], [ -74.926672891262001, 1.025907304298067 ], [ -74.932038582137409, 1.026324671793168 ], [ -74.932416057215562, 1.031480801715232 ], [ -74.930480695580741, 1.032292584731592 ], [ -74.934700844011445, 1.035457865836201 ], [ -74.932436069899381, 1.039403639814284 ], [ -74.937121751732491, 1.039293960820609 ], [ -74.936355495371004, 1.042856301190461 ], [ -74.937856278674474, 1.045237697380494 ], [ -74.94008265696408, 1.045516673007539 ], [ -74.939524084973584, 1.047977379720581 ], [ -74.941381689273783, 1.049212845393435 ], [ -74.940572779071999, 1.050632172995313 ], [ -74.943178253900044, 1.050909848759113 ], [ -74.944412451150754, 1.05415651998831 ], [ -74.946833393007807, 1.054063757183177 ], [ -74.944704157712181, 1.055481199219729 ], [ -74.946243459907464, 1.056635213682567 ], [ -74.950996639408118, 1.056257760164004 ], [ -74.949451220579249, 1.058088688072202 ], [ -74.951924227035022, 1.058423777008219 ], [ -74.951285376136866, 1.061617453881592 ], [ -74.952267953279318, 1.062570154830532 ], [ -74.950754854063462, 1.064316682357269 ], [ -74.95199771197872, 1.066315694172229 ], [ -74.951391684648911, 1.068474988019443 ], [ -74.953051700751644, 1.06918873152249 ], [ -74.950068141787142, 1.070220947810486 ], [ -74.949771301349813, 1.072084152212551 ], [ -74.951275869258609, 1.070373319272057 ], [ -74.951834817643544, 1.072566139170755 ], [ -74.953485633193793, 1.072962720531881 ], [ -74.952023435257388, 1.074276485223936 ], [ -74.953013784629945, 1.078283425538443 ], [ -74.951120457895684, 1.078736009715628 ], [ -74.953579520690482, 1.082956324334636 ], [ -74.951504294847723, 1.083995383993918 ], [ -74.955218962661888, 1.08597959335782 ], [ -74.953647747790683, 1.088063073826212 ], [ -74.954728598008614, 1.09015799704387 ], [ -74.951900791767173, 1.091032354057808 ], [ -74.951173866375143, 1.094538447269665 ], [ -74.952557679952292, 1.096071737934222 ], [ -74.954140937647765, 1.093652275603721 ], [ -74.955974005344729, 1.094659648962708 ], [ -74.958117326235254, 1.098189771229269 ], [ -74.956648627185984, 1.098025275196623 ], [ -74.957741289361024, 1.098971781358417 ], [ -74.95684941877829, 1.099808917547195 ], [ -74.960029786201972, 1.1008708636032 ], [ -74.95917457589519, 1.102557081786951 ], [ -74.960363833091378, 1.101762613811496 ], [ -74.963077800237727, 1.105854540209496 ], [ -74.962435168327545, 1.108096574350224 ], [ -74.965481701938586, 1.108052895531405 ], [ -74.96583419305216, 1.109726534596193 ], [ -74.964456516769928, 1.109543692255863 ], [ -74.96394719495413, 1.11108320196209 ], [ -74.966721086065888, 1.112554525890665 ], [ -74.967066440058829, 1.110654663009245 ], [ -74.967133899997179, 1.113012540388089 ], [ -74.969027800755327, 1.114435260929472 ], [ -74.967440257194255, 1.117969707689237 ], [ -74.968814913338065, 1.117029930812586 ], [ -74.969683990948909, 1.119770206939532 ], [ -74.969836613040684, 1.118699144772795 ], [ -74.971619060631042, 1.119205336855592 ], [ -74.971473847849609, 1.117393947320398 ], [ -74.973222249263586, 1.120125121709652 ], [ -74.973649929426358, 1.118365977334706 ], [ -74.975415115874796, 1.119198344363881 ], [ -74.972738755829425, 1.124024539887161 ], [ -74.975263991275767, 1.125990704777557 ], [ -74.975282781351552, 1.12789656840987 ], [ -74.97708395074568, 1.128293939390775 ], [ -74.9764613467907, 1.131848422190582 ], [ -74.977874959306178, 1.130449125238916 ], [ -74.978063523919445, 1.131847921828612 ], [ -74.979465097203899, 1.130790708999602 ], [ -74.982475699073234, 1.132268028289118 ], [ -74.982790692680339, 1.130380393285142 ], [ -74.985261554855811, 1.133110127673811 ], [ -74.984959229300955, 1.136689817220636 ], [ -74.986798030948933, 1.136512085400041 ], [ -74.987180999229452, 1.138527776248142 ], [ -74.988983508012723, 1.138734893781732 ], [ -74.990566788166063, 1.13655364868474 ], [ -74.994414883754018, 1.138006249911193 ], [ -74.994889232331275, 1.141103107184455 ], [ -74.997007509070045, 1.141908749312598 ], [ -74.994538218049229, 1.144188015956574 ], [ -74.997961438915297, 1.145445263097516 ], [ -74.996900466633804, 1.148811388795123 ], [ -74.998805827209196, 1.147998342746469 ], [ -75.002527013204201, 1.152014179084337 ], [ -75.001187978883024, 1.154390932777254 ], [ -75.002196481425244, 1.158952513153099 ], [ -75.000813354161551, 1.157939715762119 ], [ -75.001748697848768, 1.160824180590204 ], [ -75.003424766858359, 1.161183636347718 ], [ -75.005436558116799, 1.159411031605797 ], [ -75.01072836968774, 1.164869443065264 ], [ -75.012752454400584, 1.164254482881161 ], [ -75.013457793259192, 1.16702462082856 ], [ -75.010281023591062, 1.169669956632477 ], [ -75.008409852024386, 1.169403419987056 ], [ -75.00825009999852, 1.172072561164903 ], [ -75.011470060699878, 1.172472056663137 ], [ -75.012829134654339, 1.176611746522868 ], [ -75.020892922127302, 1.174362771992706 ], [ -75.024171743187935, 1.178910429368849 ], [ -75.023920017976764, 1.180768259146316 ], [ -75.02826962542116, 1.18343671401076 ], [ -75.028211505274271, 1.1851054545584 ], [ -75.026570961967479, 1.18438832440404 ], [ -75.028326369347951, 1.187715980617272 ], [ -75.027109971330447, 1.190321687210806 ], [ -75.023861770268979, 1.190700859207846 ], [ -75.0235077062041, 1.193613119729643 ], [ -75.022242544000903, 1.192296300763155 ], [ -75.02132574335252, 1.196487429095385 ], [ -75.023674219854513, 1.200001456234135 ], [ -75.025422745236085, 1.198961220679255 ], [ -75.025705200040989, 1.201158514191619 ], [ -75.027682953207886, 1.201128287654809 ], [ -75.024538242641199, 1.203834781710313 ], [ -75.024587296983043, 1.209913041091184 ], [ -75.02193050944669, 1.21062432859832 ], [ -75.02149963936381, 1.214007378569355 ], [ -75.018740135681128, 1.216332083833239 ], [ -75.020374539896352, 1.218411217350554 ], [ -75.019458112049165, 1.219436137515955 ], [ -75.021734589422067, 1.21995732518777 ], [ -75.021806543635307, 1.22396306804706 ], [ -75.023610178008539, 1.225508972864882 ], [ -75.0250961633526, 1.222920349546696 ], [ -75.026129125242903, 1.225068834855812 ], [ -75.027424405286638, 1.222640721742257 ], [ -75.028728900255942, 1.224126303742362 ], [ -75.030975904779154, 1.223212833151451 ], [ -75.031206409071501, 1.224756663757638 ], [ -75.029790249830171, 1.225264789914795 ], [ -75.033276901687259, 1.22718882468309 ], [ -75.03317593007057, 1.229837445628599 ], [ -75.034956342975192, 1.232198697082329 ], [ -75.036984270683888, 1.232492540737509 ], [ -75.036761093955192, 1.2368323987582 ], [ -75.038394898095362, 1.238412534805527 ], [ -75.043273401661168, 1.237590140880578 ], [ -75.04422004526532, 1.239459840107374 ], [ -75.047067987259936, 1.238301520015951 ], [ -75.046186809332596, 1.236815805065052 ], [ -75.048109802054398, 1.235991856155135 ], [ -75.048032278281937, 1.238390589843947 ], [ -75.050975231566554, 1.239825570602127 ], [ -75.050782535598046, 1.241687792246453 ], [ -75.052041992596344, 1.241432201581514 ], [ -75.052476390366166, 1.243099557824219 ], [ -75.056886844346536, 1.241527717725144 ], [ -75.058734381219324, 1.243892328880719 ], [ -75.059822080198444, 1.242598649636098 ], [ -75.063742481241206, 1.242741418099697 ], [ -75.06474152002437, 1.244721288597311 ], [ -75.068501621068549, 1.244893447265436 ], [ -75.069430160910372, 1.246704652645801 ], [ -75.070911551368056, 1.245965776956057 ], [ -75.070535790276836, 1.247914383361897 ], [ -75.072377195244599, 1.248576207793455 ], [ -75.073773597822139, 1.253293716063928 ], [ -75.076162857870486, 1.254316696765071 ], [ -75.075329101146508, 1.257272194134247 ], [ -75.077598465653296, 1.256632266155246 ], [ -75.07837778173274, 1.258114847779906 ], [ -75.080026134100535, 1.25717858152222 ], [ -75.080921096686893, 1.258357480236563 ], [ -75.079953862781679, 1.260829323373044 ], [ -75.080940148172601, 1.262308292869067 ], [ -75.079624850953451, 1.262739543837918 ], [ -75.081774065695242, 1.264149182203361 ], [ -75.080203017012536, 1.266343390000285 ], [ -75.081598461985209, 1.2680362323662 ], [ -75.079922525028053, 1.27121140752329 ], [ -75.08180423743471, 1.274930839107046 ], [ -75.072972995246744, 1.282347191373912 ], [ -75.072951623410802, 1.286077901315085 ], [ -75.070491853641272, 1.286354491014826 ], [ -75.068599764786484, 1.288579606272013 ], [ -75.069711450599414, 1.293371238188905 ], [ -75.074032564358617, 1.298253473359236 ], [ -75.072424215798947, 1.301189310184458 ], [ -75.074494468564353, 1.301823845572529 ], [ -75.074123020288255, 1.305840987163529 ], [ -75.076425779692329, 1.308258084228 ], [ -75.074643055420665, 1.309213182782324 ], [ -75.075257886247243, 1.312884376593532 ], [ -75.072371064237871, 1.312929871807314 ], [ -75.067171118054375, 1.323519223509909 ], [ -75.068250801359852, 1.325229901041743 ], [ -75.066822580429573, 1.328504844970409 ], [ -75.069125164662012, 1.33110131777374 ], [ -75.068838672824995, 1.332798922112828 ], [ -75.071709851559547, 1.337416541237318 ], [ -75.071054231796666, 1.340154073907216 ], [ -75.07279874529894, 1.34240336015304 ], [ -75.0699889449034, 1.344108446566022 ], [ -75.068408814245913, 1.347139336902142 ], [ -75.068371757812599, 1.357527211597338 ], [ -75.071753954383553, 1.359003098072878 ], [ -75.071893937169193, 1.362121505048605 ], [ -75.070440117826195, 1.364635964296126 ], [ -75.066471231075639, 1.365804375171191 ], [ -75.068070698883332, 1.37100684562244 ], [ -75.066251640424412, 1.372703145606686 ], [ -75.066439687607613, 1.375130493355041 ], [ -75.069265946050621, 1.376555725587974 ], [ -75.068718040664294, 1.378253100856439 ], [ -75.066769312087388, 1.378729711393383 ], [ -75.06809849367869, 1.380380851235627 ], [ -75.066327198681449, 1.3817663078327 ], [ -75.067878106221144, 1.388152462327635 ], [ -75.070709842595079, 1.389660219258245 ], [ -75.074383183381656, 1.39528776924742 ], [ -75.080055589882193, 1.39715787091971 ], [ -75.081360501670076, 1.398842553881466 ], [ -75.076051259175529, 1.397403202815983 ], [ -75.068815349846659, 1.398437211244352 ], [ -75.06571734991536, 1.395242130303062 ], [ -75.064189777930437, 1.389394048227427 ], [ -75.059564409931909, 1.386433516695373 ], [ -75.055849665760945, 1.387671415007971 ], [ -75.049135976268985, 1.396651632124474 ], [ -75.043169891403465, 1.399360549836524 ], [ -75.039855117041554, 1.39966852130739 ], [ -75.037231880709498, 1.397083644865275 ], [ -75.031839628426667, 1.396578706831581 ], [ -75.025163373559053, 1.399918646617782 ], [ -75.02014721384603, 1.399663983015003 ], [ -75.020768132560192, 1.404648078236526 ], [ -75.019454173831832, 1.404119334828841 ], [ -75.018605779946881, 1.405416107873799 ], [ -75.015968246915691, 1.404943403214826 ], [ -75.01633611091097, 1.403793518310625 ], [ -75.014685272902852, 1.403086828384817 ], [ -75.011255645247104, 1.403511101234983 ], [ -75.01123838500348, 1.406336561074933 ], [ -75.009554695579197, 1.405578677018627 ], [ -75.008473415966193, 1.407368475528745 ], [ -75.010414786436741, 1.40891389705256 ], [ -75.009542472193345, 1.414456790640237 ], [ -75.006570595828464, 1.416926628735394 ], [ -75.003904812555731, 1.416186827780146 ], [ -75.002702925036601, 1.418492082706012 ], [ -75.003740628238745, 1.41937445719025 ], [ -75.002624965580821, 1.42057486608122 ], [ -75.00151361483978, 1.419407068756003 ], [ -75.000312068680671, 1.422576617759942 ], [ -74.998691363784474, 1.421744693600571 ], [ -74.99648133394777, 1.424888214796777 ], [ -74.995803334438335, 1.423788962575619 ], [ -74.995575488263057, 1.425390766903167 ], [ -74.993624063839832, 1.425040020319304 ], [ -74.993971296211555, 1.426480364023959 ], [ -74.992392978355724, 1.426589364789075 ], [ -74.992325236346176, 1.427961155304835 ], [ -74.990483074996348, 1.426071629345641 ], [ -74.988275605360286, 1.426106098628902 ], [ -74.988535567230883, 1.428245141738542 ], [ -74.985779106144491, 1.426540558382483 ], [ -74.9837668333887, 1.429526302051381 ], [ -74.984544750790121, 1.432692847086634 ], [ -74.981953898749907, 1.433212786997546 ], [ -74.981699918765571, 1.434631685204296 ], [ -74.980413618288537, 1.433200265370822 ], [ -74.978984928437285, 1.434823246599757 ], [ -74.980832512920813, 1.436241311169285 ], [ -74.976533369276012, 1.441070868191063 ], [ -74.977219165269958, 1.442344883298435 ], [ -74.97605765615674, 1.442936510622768 ], [ -74.975006331789075, 1.441564110150406 ], [ -74.974673989903408, 1.442884513397715 ], [ -74.971644810859175, 1.440777218572143 ], [ -74.969576203808685, 1.441645079863119 ], [ -74.967325555715774, 1.440241803371507 ], [ -74.964310359858416, 1.443558104870522 ], [ -74.962898759570749, 1.441519773764242 ], [ -74.960378219622157, 1.442552365548315 ], [ -74.949490239832983, 1.437927204162638 ], [ -74.948839382043218, 1.436499439576945 ], [ -74.945922376616238, 1.436432073063428 ], [ -74.945025997385528, 1.433439362953987 ], [ -74.941233223690119, 1.430374197370917 ], [ -74.939247782734924, 1.433344117203473 ], [ -74.937479788150711, 1.430312127328561 ], [ -74.934596316859995, 1.431801632274624 ], [ -74.934080184012259, 1.428103624629147 ], [ -74.929534419387778, 1.425517309983111 ], [ -74.926828049299843, 1.42130278680734 ], [ -74.916049261617161, 1.418480628278664 ], [ -74.907433985375349, 1.418160016603369 ], [ -74.906409234093303, 1.415446187797735 ], [ -74.911469551427672, 1.406005731055105 ], [ -74.911635714734814, 1.402713612222872 ], [ -74.910053220607949, 1.400357340134738 ], [ -74.906449133696754, 1.403289993327985 ], [ -74.888920873900929, 1.411022215958361 ], [ -74.875126031570744, 1.411852366841919 ], [ -74.870985892552881, 1.405495580992002 ], [ -74.874725332329035, 1.397573812787324 ], [ -74.874827454688557, 1.393137835852881 ], [ -74.869204098038267, 1.387546791629305 ], [ -74.85377078391798, 1.394610606968526 ], [ -74.844494620188243, 1.391892491398992 ], [ -74.837299418947282, 1.387930165948604 ], [ -74.835396685047897, 1.393118428634012 ], [ -74.826028275943088, 1.391702811975616 ], [ -74.823261136574388, 1.39508268639957 ], [ -74.826121232784431, 1.405263092319618 ], [ -74.823727058049258, 1.408305413726805 ], [ -74.820676588017477, 1.407172060531984 ], [ -74.816924562834174, 1.398784477752019 ], [ -74.813750312942489, 1.397134220056088 ], [ -74.810886332414043, 1.398078431020519 ], [ -74.809564022940151, 1.402340274788214 ], [ -74.813202281791973, 1.407023156570115 ], [ -74.813069466669674, 1.410588561095943 ], [ -74.808102063057504, 1.414084568914059 ], [ -74.801618890434384, 1.415092995997741 ], [ -74.79856479929083, 1.418634781999242 ], [ -74.799250901610549, 1.423650335348806 ], [ -74.803514763894441, 1.429700050738848 ], [ -74.804943628019032, 1.435282183667688 ], [ -74.802161233447976, 1.437606420010653 ], [ -74.794030758588463, 1.440170690880325 ], [ -74.797162270198157, 1.447507771251799 ], [ -74.79623034190837, 1.460906389750151 ], [ -74.807519647963773, 1.470524552262255 ], [ -74.808708722801782, 1.475377074732556 ], [ -74.804329708983119, 1.477694147903722 ], [ -74.794465289309016, 1.476228870540179 ], [ -74.791747619304147, 1.477888836337108 ], [ -74.790664799079195, 1.480630246138865 ], [ -74.793229750872513, 1.483781067949198 ], [ -74.800210866342695, 1.482351324373342 ], [ -74.80260743688666, 1.486390985848118 ], [ -74.798405064332997, 1.493604286359632 ], [ -74.801613375672446, 1.504811036275969 ], [ -74.795353386964507, 1.512762255770708 ], [ -74.797151042146481, 1.523885517096303 ], [ -74.791740388758626, 1.535642196304845 ], [ -74.790871512370586, 1.541028535871609 ], [ -74.793643955396988, 1.544124972732991 ], [ -74.803458083748126, 1.546943741017055 ], [ -74.804333275297665, 1.549276429615221 ], [ -74.80156022231472, 1.553408767656789 ], [ -74.793203043937865, 1.553648609045641 ], [ -74.787221464917934, 1.567372832059682 ] ] ] ] } },
{ "type": "Feature", "properties": { "dpto_ccdgo": "18", "mpio_ccdgo": "205", "mpio_cdpmp": "18205", "dpto_cnmbr": "CAQUETÁ", "mpio_cnmbr": "CURILLO", "mpio_crslc": "Ordenanza 3 de Noviembre 12 de 1985", "mpio_tipo": "MUNICIPIO", "mpio_narea": 399.28152175399998, "mpio_nano": 2024, "shape_Leng": 1.60606182149, "shape_Area": 0.03240838758 }, "geometry": { "type": "MultiPolygon", "coordinates": [ [ [ [ -76.087231131646149, 1.066903766860103 ], [ -76.092262928345804, 1.071121459294756 ], [ -76.098427030803862, 1.067768968237357 ], [ -76.100812251125149, 1.068114368044431 ], [ -76.102181240691664, 1.069941390972951 ], [ -76.102954541647193, 1.078729924523052 ], [ -76.113726358397798, 1.085603195360552 ], [ -76.116386037613324, 1.084294413627338 ], [ -76.124077480290794, 1.087605415960249 ], [ -76.12326309125973, 1.100437274317795 ], [ -76.128192932686659, 1.102598608240692 ], [ -76.130967023224571, 1.100497184808472 ], [ -76.132462014186501, 1.100968669554296 ], [ -76.137498855828824, 1.107370376594167 ], [ -76.135224342174695, 1.110279084276218 ], [ -76.136900427354021, 1.11287114005975 ], [ -76.127622604434634, 1.110496520765644 ], [ -76.12459659644594, 1.114017487395579 ], [ -76.118727684218698, 1.115549088327723 ], [ -76.0998950659976, 1.147352515526305 ], [ -76.096784592050312, 1.146528244120989 ], [ -76.092116356412248, 1.140577315643124 ], [ -76.082293509904332, 1.139446257645719 ], [ -76.079782485817134, 1.136312484974715 ], [ -76.080426216367755, 1.13220024136378 ], [ -76.078065872213131, 1.131452560380567 ], [ -76.079185485664766, 1.129369735682868 ], [ -76.074321745922418, 1.128257751629037 ], [ -76.073620796235843, 1.126033782623035 ], [ -76.070479392370373, 1.124303818246735 ], [ -76.067081451014872, 1.125593184676238 ], [ -76.061273574868267, 1.124616622657675 ], [ -76.058272362197783, 1.121696473124837 ], [ -76.057120323131755, 1.122640609529008 ], [ -76.052460670004791, 1.119779587155247 ], [ -76.048137665290426, 1.120845794822338 ], [ -76.045440673621499, 1.118680953873766 ], [ -76.042810440306141, 1.120309829852322 ], [ -76.038899422173984, 1.117231369192438 ], [ -76.037457465992077, 1.11756706179675 ], [ -76.036133765925001, 1.114408492909294 ], [ -76.033487319802475, 1.114561080865057 ], [ -76.031377791763248, 1.11271858174846 ], [ -76.030638217183593, 1.113597869618902 ], [ -76.029442786759887, 1.111061096201952 ], [ -76.02597808794917, 1.113376617083086 ], [ -76.024047852105468, 1.112035751095615 ], [ -76.022415160978824, 1.115262986359824 ], [ -76.021162985729973, 1.113029479932857 ], [ -76.018865584780826, 1.115201950279192 ], [ -76.017301559132591, 1.114301682238567 ], [ -76.016370771704146, 1.117513656910592 ], [ -76.017791747715933, 1.116380691788238 ], [ -76.019910812277772, 1.117822647970153 ], [ -76.015378951788364, 1.121629714771271 ], [ -76.016641616673098, 1.126234054988726 ], [ -76.021659850597814, 1.126958847778571 ], [ -76.020694732226787, 1.129272460636457 ], [ -76.022258757875022, 1.131240844367416 ], [ -76.020179748325234, 1.132551193662046 ], [ -76.022607803946698, 1.132728576936012 ], [ -76.022655486559984, 1.135469436968344 ], [ -76.030658722144665, 1.142015457575305 ], [ -76.027616501348746, 1.143404007074353 ], [ -76.027822785245064, 1.154656337544524 ], [ -76.02562047014618, 1.15868793034502 ], [ -75.995036534764324, 1.158725177221294 ], [ -75.935568103599337, 1.171246643146312 ], [ -75.911814974759579, 1.151781351746815 ], [ -75.90927925506719, 1.145820904712674 ], [ -75.914510952229705, 1.132933277101235 ], [ -75.914498624639236, 1.129398047908233 ], [ -75.919110570000043, 1.125483071795894 ], [ -75.917693314813164, 1.121240936182893 ], [ -75.919726478805899, 1.118607805798557 ], [ -75.922162248266829, 1.107448611832955 ], [ -75.918435329219051, 1.101763011765511 ], [ -75.920162162964175, 1.098347458026635 ], [ -75.919655729234364, 1.094994933731575 ], [ -75.912973304732475, 1.09681992197436 ], [ -75.911443582179061, 1.094508351887048 ], [ -75.893213680094959, 1.107615711185333 ], [ -75.886283216172444, 1.107455023114238 ], [ -75.884748901427599, 1.104832457824339 ], [ -75.879286903890488, 1.102626956398721 ], [ -75.877441172632871, 1.100193262047802 ], [ -75.873049214080652, 1.099710630098689 ], [ -75.870353730684315, 1.100463100902783 ], [ -75.865594776808393, 1.108305404972446 ], [ -75.860327421890588, 1.108618417792735 ], [ -75.857976341170513, 1.111912017948104 ], [ -75.81474082597714, 1.111276685753718 ], [ -75.85821708357031, 1.0978058920564 ], [ -75.857035208734999, 1.09521805117144 ], [ -75.860159779955268, 1.0916652518158 ], [ -75.86063124493819, 1.083200085076194 ], [ -75.862551007315687, 1.079330103815665 ], [ -75.858105581893426, 1.074083432623976 ], [ -75.852834366911793, 1.074486427961331 ], [ -75.848614336160495, 1.06915225809626 ], [ -75.853717976580583, 1.062254983356913 ], [ -75.852628446833421, 1.059510117733478 ], [ -75.853176708851208, 1.051963167388223 ], [ -75.857130536232319, 1.051004169244174 ], [ -75.861358294297872, 1.046751959915513 ], [ -75.863497712903666, 1.037242004955562 ], [ -75.873651669706021, 1.02913771600771 ], [ -75.875724394637075, 1.02206787476474 ], [ -75.874821426258507, 1.017953209293833 ], [ -75.87179534370955, 1.016943841673314 ], [ -75.868083634948277, 1.013086337123718 ], [ -75.86884701580027, 1.008297846617902 ], [ -75.863060247384738, 0.990990226706921 ], [ -75.863971302403911, 0.98864566865942 ], [ -75.862152077756491, 0.987815151262907 ], [ -75.863953999041144, 0.986265355838492 ], [ -75.86424203688, 0.981954821546955 ], [ -75.865853207948533, 0.980342194308284 ], [ -75.863172364408058, 0.972601417912974 ], [ -75.858805114935706, 0.967327760410278 ], [ -75.855218103215066, 0.966400727942721 ], [ -75.851221236616084, 0.962101664248161 ], [ -75.850029006892214, 0.95530843606121 ], [ -75.845272507215611, 0.94811780096069 ], [ -75.83729947031992, 0.944143698587559 ], [ -75.834008415992002, 0.940554592892474 ], [ -75.831152031623674, 0.941982784178299 ], [ -75.831524606388029, 0.935711158685093 ], [ -75.82841984123894, 0.934345060797852 ], [ -75.828270812411176, 0.935748414544556 ], [ -75.824420903123212, 0.937201446064445 ], [ -75.821050680206213, 0.934771965713863 ], [ -75.819979536292692, 0.932545849732667 ], [ -75.821581594843735, 0.931269790058065 ], [ -75.819746679310754, 0.930664363701691 ], [ -75.819280964448524, 0.922942808573828 ], [ -75.820445251154865, 0.922840355634016 ], [ -75.821730623671499, 0.914587886767003 ], [ -75.823463082671367, 0.914792799833118 ], [ -75.82377045496554, 0.913442229337939 ], [ -75.820817823224274, 0.911067082732331 ], [ -75.819299592827406, 0.911169541061978 ], [ -75.819420677739402, 0.912482855697744 ], [ -75.814251243757155, 0.912520113353862 ], [ -75.811633927327591, 0.910713139940112 ], [ -75.809398495809376, 0.904072046957629 ], [ -75.810028130883666, 0.899338220777012 ], [ -75.808902135795165, 0.89551866738347 ], [ -75.815362893637484, 0.891696571755673 ], [ -75.822699013709382, 0.877779524313936 ], [ -75.827445914879547, 0.874111461134019 ], [ -75.832138873970507, 0.873787809557325 ], [ -75.847632954676612, 0.879119765971781 ], [ -75.856596852086625, 0.885003548023554 ], [ -75.859293927298893, 0.889498672778303 ], [ -75.86480736780004, 0.903277069637057 ], [ -75.866218148823521, 0.919043322124305 ], [ -75.870030362077159, 0.925461842046395 ], [ -75.879599792743193, 0.930090957819088 ], [ -75.893201869934501, 0.933808080730745 ], [ -75.896897382058228, 0.940654500004731 ], [ -75.900942994876686, 0.943416410275901 ], [ -75.903082502415771, 0.950223929772093 ], [ -75.904366205861265, 0.965706179655957 ], [ -75.909179674941981, 0.973059217712861 ], [ -75.917064772091123, 0.977116599369037 ], [ -75.932069422392658, 0.977805586181478 ], [ -75.945694268301281, 0.980922690599018 ], [ -75.947124576917986, 0.985351772958118 ], [ -75.945961908078743, 0.987677109738174 ], [ -75.936155811570927, 0.990661114267274 ], [ -75.931999872971289, 0.993886122606139 ], [ -75.930416591919595, 0.999519109203744 ], [ -75.930933333825521, 1.007141049172095 ], [ -75.921703625609439, 1.020252945864526 ], [ -75.920516101264809, 1.027255249913944 ], [ -75.925184301868512, 1.034257550370119 ], [ -75.936122563997458, 1.029593951839434 ], [ -75.947624426889831, 1.030694977336405 ], [ -75.951555543045856, 1.03327476930995 ], [ -75.974906785968471, 1.061084349149755 ], [ -75.984181445018919, 1.067196889167513 ], [ -75.986246142598134, 1.07008869862723 ], [ -75.994205762246054, 1.07258651657087 ], [ -76.000068936928983, 1.069606490683305 ], [ -76.000713885596156, 1.065214694726429 ], [ -75.996653673346088, 1.059764174074715 ], [ -75.988922639187535, 1.055576530310288 ], [ -75.985701374131338, 1.048103196961223 ], [ -75.989115914569879, 1.033156531161389 ], [ -75.991628500828597, 1.028582334835639 ], [ -75.994012236233573, 1.027229407159283 ], [ -75.998457580807326, 1.028646762059188 ], [ -76.000648040829958, 1.031030495667432 ], [ -76.001754456222955, 1.037343953041748 ], [ -76.00081223592673, 1.047563412351587 ], [ -76.002443001063909, 1.05252818659264 ], [ -76.004943506769052, 1.054666299945219 ], [ -76.012155113056849, 1.05390527896939 ], [ -76.019916571381657, 1.047760486712274 ], [ -76.028878093644153, 1.049244912579719 ], [ -76.038508525356519, 1.052786454239272 ], [ -76.045215922144848, 1.046775453573887 ], [ -76.051630101404271, 1.046408928967765 ], [ -76.056175003645365, 1.048058286551112 ], [ -76.060096815942586, 1.052529886206483 ], [ -76.064055280430921, 1.054582423281955 ], [ -76.078151009213741, 1.055608405256902 ], [ -76.084951515557123, 1.057551879583491 ], [ -76.083706631939322, 1.060297084770351 ], [ -76.080761573001951, 1.061904437097495 ], [ -76.080486879647253, 1.064351263929983 ], [ -76.081753222237694, 1.065891052114165 ], [ -76.087231131646149, 1.066903766860103 ] ] ] ] } },
{ "type": "Feature", "properties": { "dpto_ccdgo": "18", "mpio_ccdgo": "247", "mpio_cdpmp": "18247", "dpto_cnmbr": "CAQUETÁ", "mpio_cnmbr": "EL DONCELLO", "mpio_crslc": "Decreto 1678 de Septiembre 7 de 1967", "mpio_tipo": "MUNICIPIO", "mpio_narea": 1106.07615076, "mpio_nano": 2024, "shape_Leng": 3.15437032033, "shape_Area": 0.08986743833 }, "geometry": { "type": "MultiPolygon", "coordinates": [ [ [ [ -75.361668450838124, 2.321427725706918 ], [ -75.357130865380782, 2.320092638586312 ], [ -75.348710470710387, 2.323499110350409 ], [ -75.345539048717455, 2.319585143046973 ], [ -75.333042721266963, 2.311774941197893 ], [ -75.33141589704212, 2.302071571616569 ], [ -75.332510047726771, 2.296132941084823 ], [ -75.328296616903117, 2.293845868074786 ], [ -75.322402771915336, 2.293863861344252 ], [ -75.319602614043731, 2.290567022759744 ], [ -75.314391013108434, 2.28991196983423 ], [ -75.31225310726677, 2.287451335884851 ], [ -75.313620794275096, 2.280069434036567 ], [ -75.312685006819777, 2.278118683350363 ], [ -75.314772527913647, 2.272986264479107 ], [ -75.313908727909336, 2.271107497650671 ], [ -75.307970092885739, 2.269984556836578 ], [ -75.305378690177804, 2.272121266121252 ], [ -75.299437652158986, 2.272898684957324 ], [ -75.287098685417163, 2.270911910901237 ], [ -75.287753034961213, 2.260144857022454 ], [ -75.286265879111454, 2.256992066103511 ], [ -75.282696682793699, 2.254255694057884 ], [ -75.283767440431404, 2.248188068043477 ], [ -75.277818787387787, 2.23878918895857 ], [ -75.277699812620142, 2.228617000833271 ], [ -75.274190115364377, 2.218385316341038 ], [ -75.262471263343855, 2.212496149783168 ], [ -75.258247716583753, 2.200241924783299 ], [ -75.258902073314346, 2.189891267319966 ], [ -75.261876403878546, 2.186262592601668 ], [ -75.261757430907494, 2.179421645868833 ], [ -75.259080528279299, 2.174960152268417 ], [ -75.256403642719135, 2.163895657877202 ], [ -75.262233321893348, 2.154913195869026 ], [ -75.258426176938599, 2.148726597781919 ], [ -75.256701075146736, 2.139030288964372 ], [ -75.261459999378246, 2.133022152130399 ], [ -75.268538892053414, 2.116663360528098 ], [ -75.26758711098006, 2.106312703963112 ], [ -75.270429794232768, 2.093822224550206 ], [ -75.274965706127375, 2.087939337221181 ], [ -75.274666525576833, 2.083569194273146 ], [ -75.276883146357989, 2.081583649113345 ], [ -75.276936982435871, 2.078173461914237 ], [ -75.290820454419247, 2.064619471578861 ], [ -75.294045656794481, 2.057625975517805 ], [ -75.297455661635524, 2.054242621915943 ], [ -75.297530706954149, 2.048830991160532 ], [ -75.295627285843011, 2.044945434897185 ], [ -75.297583132675925, 2.025017676946167 ], [ -75.296475079652907, 2.016032925130521 ], [ -75.291445125399321, 2.009517797610842 ], [ -75.283333285206936, 2.002565866631074 ], [ -75.291063592627836, 2.001933499777829 ], [ -75.292143177118533, 1.997453323899609 ], [ -75.297104986916906, 1.990431247915018 ], [ -75.294593952948219, 1.975850401543231 ], [ -75.301972426822886, 1.970219933823661 ], [ -75.300012374972823, 1.963824691964047 ], [ -75.30113542717811, 1.955996754662183 ], [ -75.303934437001885, 1.9503128811581 ], [ -75.302654625959633, 1.94137120359468 ], [ -75.29848827228426, 1.933196770540249 ], [ -75.300973023323422, 1.918035450335599 ], [ -75.299840590902477, 1.914553544282001 ], [ -75.30121768058433, 1.912460599156204 ], [ -75.299107601877381, 1.909010597693695 ], [ -75.304158188652821, 1.893338196770534 ], [ -75.305781474410935, 1.871123029839351 ], [ -75.311639216977028, 1.866704917715241 ], [ -75.315239207567231, 1.844212665213812 ], [ -75.323074299057964, 1.839093477638909 ], [ -75.317844031116181, 1.828055818641534 ], [ -75.319194384218974, 1.822485069173032 ], [ -75.317218783417275, 1.818885571758436 ], [ -75.31966766020696, 1.815811457151378 ], [ -75.31943075002323, 1.810369065361118 ], [ -75.325219140797458, 1.806939994661397 ], [ -75.326538013314348, 1.804346205127949 ], [ -75.318413762886337, 1.80440626653568 ], [ -75.31562930039189, 1.80145957715487 ], [ -75.29862521606691, 1.79590873796222 ], [ -75.289956049848286, 1.800203696352597 ], [ -75.281613179848648, 1.797173898368782 ], [ -75.278988537652083, 1.791273243247555 ], [ -75.269792813628555, 1.793646755816382 ], [ -75.260748707379548, 1.794072263851026 ], [ -75.253661453179006, 1.785836530611078 ], [ -75.253721350194951, 1.783089933034439 ], [ -75.250140392225831, 1.778599894544855 ], [ -75.245413175854196, 1.775919121971433 ], [ -75.233380648954494, 1.773732720540552 ], [ -75.2330919921759, 1.771768957747135 ], [ -75.228091635637952, 1.766524464971707 ], [ -75.227035140563373, 1.762711116246801 ], [ -75.221746137128264, 1.762357272269362 ], [ -75.218680823322984, 1.759461170655799 ], [ -75.220639445053962, 1.757828269323269 ], [ -75.214657322552853, 1.74894629024788 ], [ -75.211897870972507, 1.749291173523243 ], [ -75.210372683118237, 1.7470202145056 ], [ -75.207224392762271, 1.745994773316887 ], [ -75.204013284066775, 1.741179892981924 ], [ -75.201484514645301, 1.742048502570124 ], [ -75.195631900565274, 1.739352141519102 ], [ -75.196637524903053, 1.73519865891557 ], [ -75.195105923970857, 1.728190143909268 ], [ -75.191967538447159, 1.72566170327158 ], [ -75.192520734016398, 1.724651316062364 ], [ -75.194508047960426, 1.725716922756042 ], [ -75.192954223588686, 1.723096078639622 ], [ -75.194412029658167, 1.72146107794264 ], [ -75.192277434110963, 1.721348218910283 ], [ -75.191052158036427, 1.719534223360368 ], [ -75.186442907623587, 1.720355559967368 ], [ -75.185324794359644, 1.716879926854435 ], [ -75.186119761798807, 1.713001825715579 ], [ -75.184573115870251, 1.711840328280428 ], [ -75.180557026207111, 1.712198957587203 ], [ -75.177598733278501, 1.710522495115252 ], [ -75.17039716387535, 1.712870518865874 ], [ -75.168131678297073, 1.711414409715395 ], [ -75.166408885177304, 1.716869538728159 ], [ -75.161097510978891, 1.716528608043216 ], [ -75.157151429776604, 1.710540098515546 ], [ -75.153657410829965, 1.709548221107569 ], [ -75.147063649218978, 1.709451823715924 ], [ -75.146579844967505, 1.711214087942363 ], [ -75.144298011834621, 1.710977912581079 ], [ -75.144259298008308, 1.713111487641287 ], [ -75.142520257047067, 1.71361437212456 ], [ -75.137519744202109, 1.710009887259527 ], [ -75.132368181318384, 1.712282997743964 ], [ -75.131334294162627, 1.710294254579216 ], [ -75.127877683789166, 1.710080694323288 ], [ -75.123037320924084, 1.71485624997704 ], [ -75.117233330892475, 1.717682762643394 ], [ -75.116260957721465, 1.715334279853289 ], [ -75.112910967575715, 1.717225173049384 ], [ -75.112644905241154, 1.715062379363054 ], [ -75.104195488675714, 1.714877482574003 ], [ -75.09963979406615, 1.719934187779566 ], [ -75.093650418561708, 1.719976630515628 ], [ -75.092103830125325, 1.721352192161921 ], [ -75.089777168329135, 1.719325520299043 ], [ -75.087073589309, 1.719534049087084 ], [ -75.07966642771288, 1.723549579997473 ], [ -75.076132613367406, 1.721683934870823 ], [ -75.076542691926477, 1.719837527181358 ], [ -75.074653000677074, 1.721590221647418 ], [ -75.07320794979654, 1.719715263678769 ], [ -75.071780740370059, 1.722514843034796 ], [ -75.068882806191766, 1.72224457568304 ], [ -75.067465736057954, 1.724986455304061 ], [ -75.065556204601421, 1.724335188780519 ], [ -75.064412038376815, 1.726440765127562 ], [ -75.060487674862202, 1.726510019002938 ], [ -75.059581636039525, 1.724360783599997 ], [ -75.056232490310833, 1.727875640782778 ], [ -75.053969151707804, 1.727708933994404 ], [ -75.055309002598221, 1.729787339875772 ], [ -75.05472275439007, 1.732537288171069 ], [ -75.052549713613018, 1.731012128164663 ], [ -75.050961156751498, 1.731572476125845 ], [ -75.050235586019994, 1.728903616120902 ], [ -75.046243909890791, 1.727762601188895 ], [ -75.045196422230788, 1.724302713758797 ], [ -75.043256316589179, 1.724760209927861 ], [ -75.038722233665965, 1.72270862327071 ], [ -75.034913939765033, 1.717343242314556 ], [ -75.030617423694537, 1.694647147539703 ], [ -75.027726805401755, 1.690024393640897 ], [ -75.028319399314057, 1.680611992205259 ], [ -75.031074282957604, 1.676444274886303 ], [ -75.031150867091526, 1.673578101568608 ], [ -75.029135178938304, 1.67038688069115 ], [ -75.02216127874226, 1.666808365243329 ], [ -75.024265248900406, 1.66414339494668 ], [ -75.031898107001609, 1.663144999357745 ], [ -75.033508816335711, 1.660602580923073 ], [ -75.03262946827806, 1.657317098849428 ], [ -75.022683239864136, 1.647320665351219 ], [ -75.017527275232055, 1.646323583100315 ], [ -75.012939356230902, 1.647251980109889 ], [ -75.010729638109922, 1.645941364015388 ], [ -75.006376483215604, 1.633396776334838 ], [ -75.008332321065325, 1.631369696636513 ], [ -75.014262210084325, 1.629650091640254 ], [ -75.014464851309299, 1.62567253075055 ], [ -75.007619932222838, 1.624203272050478 ], [ -74.997417839157549, 1.629108676587087 ], [ -74.993151570285136, 1.629136565705625 ], [ -74.990947765778344, 1.627717189594709 ], [ -74.990469434966201, 1.625044541391203 ], [ -74.993543971781889, 1.615171198744599 ], [ -74.992779091640557, 1.611373681940824 ], [ -74.98923359469552, 1.61046160284145 ], [ -74.983759628894347, 1.613648345613643 ], [ -74.979527028007283, 1.613222885189744 ], [ -74.978749166301384, 1.610165538549116 ], [ -74.982541341718331, 1.603825930297716 ], [ -74.983000521331633, 1.600252545132551 ], [ -74.979869202859902, 1.596354812195856 ], [ -74.97933021236156, 1.592248776846799 ], [ -74.981407425279315, 1.589810239674309 ], [ -74.985949557113884, 1.588366692574819 ], [ -74.98696893017808, 1.585860731396646 ], [ -74.984140339706755, 1.583267385631296 ], [ -74.977953741619388, 1.585075775689338 ], [ -74.972795067666198, 1.588578343010952 ], [ -74.970414805150938, 1.587654865179803 ], [ -74.978909516605711, 1.577568344061554 ], [ -74.974733801579305, 1.561150872661508 ], [ -74.972338215589673, 1.55842581400761 ], [ -74.962521021286022, 1.5537863469396 ], [ -74.960466282437949, 1.547972217615516 ], [ -74.960044156563015, 1.537971601558021 ], [ -74.954872237838742, 1.530127126258641 ], [ -74.94904184180831, 1.529144078398601 ], [ -74.942952863720734, 1.536637420838243 ], [ -74.939765874809837, 1.534525550889272 ], [ -74.939660934432993, 1.531926691260341 ], [ -74.942897770898753, 1.525350493523969 ], [ -74.939633770255512, 1.521172241653336 ], [ -74.94003700723988, 1.518824509855405 ], [ -74.942527194887475, 1.515937429131152 ], [ -74.94639281931552, 1.514721417389555 ], [ -74.942968588742303, 1.511391256671314 ], [ -74.935515745980922, 1.513006487229837 ], [ -74.933044316069754, 1.511584565291368 ], [ -74.932656974786937, 1.504889257141674 ], [ -74.938728756411422, 1.485432875240268 ], [ -74.930190366137708, 1.481682762571819 ], [ -74.93356705423497, 1.475674623941253 ], [ -74.932478355430135, 1.472038397080338 ], [ -74.929365762355417, 1.470392394707246 ], [ -74.922697048850694, 1.470474307651739 ], [ -74.920469467715975, 1.468627746350209 ], [ -74.922060520997718, 1.465592226991761 ], [ -74.931285727752311, 1.464400863244561 ], [ -74.933402993885579, 1.46169594753032 ], [ -74.928807128381152, 1.456433297093576 ], [ -74.920805223202478, 1.455806673174535 ], [ -74.918336702038459, 1.453764668854145 ], [ -74.919288065394937, 1.45028957562914 ], [ -74.928483119274688, 1.448750501606172 ], [ -74.932581382393892, 1.444705652356457 ], [ -74.927207728845474, 1.441983315600041 ], [ -74.918375169726232, 1.443363401165755 ], [ -74.91631509038956, 1.439980461687576 ], [ -74.918158468957586, 1.432277215138091 ], [ -74.92796179326217, 1.427593394615946 ], [ -74.929534419387778, 1.425517309983111 ], [ -74.934080184012259, 1.428103624629147 ], [ -74.9346373869692, 1.4318201025499 ], [ -74.937479788150711, 1.430312127328561 ], [ -74.939247782734924, 1.433344117203473 ], [ -74.941189918570728, 1.430358778675072 ], [ -74.945025997385528, 1.433439362953987 ], [ -74.945922376616238, 1.436432073063428 ], [ -74.948839382043218, 1.436499439576945 ], [ -74.949490239832983, 1.437927204162638 ], [ -74.960378219622157, 1.442552365548315 ], [ -74.962898759570749, 1.441519773764242 ], [ -74.963414320191134, 1.443478134085229 ], [ -74.966469327617006, 1.445355383657999 ], [ -74.968813390692446, 1.444908585534113 ], [ -74.969830847648609, 1.446851928706555 ], [ -74.974724686366869, 1.445835665612408 ], [ -74.977155091084626, 1.446782032535224 ], [ -74.980113884375328, 1.451713609508498 ], [ -74.982784161923007, 1.450869338894029 ], [ -74.985651415914958, 1.4533201847923 ], [ -74.987617292446032, 1.456623151688589 ], [ -74.987036285911756, 1.458151054253754 ], [ -74.990896844735857, 1.460661356993166 ], [ -74.992748157230778, 1.460446671147279 ], [ -74.99360568519279, 1.457119067934679 ], [ -74.996702500245306, 1.455958062776727 ], [ -74.998988665956233, 1.459879487001294 ], [ -75.003242383557563, 1.460505950121783 ], [ -75.002778323393386, 1.462689458076837 ], [ -75.006230835649262, 1.462543646118649 ], [ -75.004826442550893, 1.46538373233973 ], [ -75.005738198256552, 1.466644641016638 ], [ -75.008601844611462, 1.465130621925274 ], [ -75.007742669137883, 1.467042981280494 ], [ -75.008805026622667, 1.468463574609606 ], [ -75.016877133400101, 1.470225078860685 ], [ -75.018282477815148, 1.471572622929305 ], [ -75.018326612978512, 1.475149920260581 ], [ -75.028338402290728, 1.473820683872096 ], [ -75.031151219231447, 1.476197724127811 ], [ -75.032940160748126, 1.475920431046638 ], [ -75.034813700275834, 1.480808566356429 ], [ -75.039384410237346, 1.483284849868927 ], [ -75.039467923980908, 1.485452086626227 ], [ -75.037503164056659, 1.485223440051391 ], [ -75.035331975607221, 1.489621649984493 ], [ -75.03847468382753, 1.492538251169173 ], [ -75.039732046851213, 1.498768740976109 ], [ -75.041629380074824, 1.498820535181713 ], [ -75.039995298355052, 1.500745330823672 ], [ -75.04601119574113, 1.503489439166688 ], [ -75.046057167062429, 1.505370499395893 ], [ -75.050380237353863, 1.504469386938212 ], [ -75.05143914171191, 1.50817467453654 ], [ -75.053393721919235, 1.508931415934906 ], [ -75.054409752349557, 1.514546945557739 ], [ -75.055935437870914, 1.516436496669743 ], [ -75.057961891443085, 1.515986734103127 ], [ -75.061159865860361, 1.518717739608928 ], [ -75.060367285246798, 1.519538072796923 ], [ -75.063701017669587, 1.52139542826352 ], [ -75.06288771380423, 1.526896908585319 ], [ -75.060831480158356, 1.528181137545618 ], [ -75.061423164076587, 1.531451088633949 ], [ -75.062940167373768, 1.530813993943594 ], [ -75.06572432713574, 1.534187519968405 ], [ -75.065766337781781, 1.53254650324915 ], [ -75.069986710791511, 1.535370753955742 ], [ -75.073764349658916, 1.535508821531694 ], [ -75.072469136090547, 1.536978039807518 ], [ -75.073525473061466, 1.541523878992114 ], [ -75.077892559938618, 1.547415625513542 ], [ -75.078133038233489, 1.550099676042072 ], [ -75.081035760436066, 1.548789040184592 ], [ -75.084213880273126, 1.55208367250503 ], [ -75.084882870571391, 1.550969913378798 ], [ -75.086075680607337, 1.552360165186701 ], [ -75.088331409575574, 1.551869994569698 ], [ -75.091161882018923, 1.554624206272789 ], [ -75.093637605880588, 1.553687904980731 ], [ -75.09979575070696, 1.557051801058042 ], [ -75.100438493110005, 1.556017224893914 ], [ -75.101184637074539, 1.556992637966294 ], [ -75.104058908711067, 1.555428691369911 ], [ -75.105334532702443, 1.556129755142625 ], [ -75.106633102379419, 1.553736013395789 ], [ -75.111232571029348, 1.555552085852295 ], [ -75.113115874353639, 1.558756157140124 ], [ -75.110672020946993, 1.562846256363382 ], [ -75.113808120256522, 1.562275479851736 ], [ -75.115314064385416, 1.565493192966368 ], [ -75.116685067078095, 1.564999861175435 ], [ -75.117926720351647, 1.569667141005067 ], [ -75.120238491661837, 1.56995664309901 ], [ -75.117277404970423, 1.574602867299911 ], [ -75.119120239158917, 1.574361719759622 ], [ -75.118779072216853, 1.575672186733659 ], [ -75.123089793358247, 1.577177921554913 ], [ -75.123729164381359, 1.580556977613035 ], [ -75.125758521310843, 1.579618000237641 ], [ -75.12572475271412, 1.580911012033436 ], [ -75.130258666753889, 1.582561806922362 ], [ -75.133768004683304, 1.588913095976728 ], [ -75.139780801980862, 1.592990110329149 ], [ -75.144483213152796, 1.592703422659233 ], [ -75.146986432670587, 1.594516678895065 ], [ -75.154631851026124, 1.590718971648329 ], [ -75.155559326363516, 1.591938008918182 ], [ -75.157697364257615, 1.590684604773092 ], [ -75.163044687265767, 1.591375204961037 ], [ -75.169408370386179, 1.590104428282865 ], [ -75.1737735770879, 1.593145856763963 ], [ -75.174544308859709, 1.595661003223186 ], [ -75.179709706708138, 1.597231767139689 ], [ -75.182442516032609, 1.603087618750373 ], [ -75.188024731606731, 1.603216111176058 ], [ -75.188191295562831, 1.606999455248293 ], [ -75.191851076269359, 1.606416341264691 ], [ -75.195128044104081, 1.61096101353677 ], [ -75.198219950757903, 1.608341113550429 ], [ -75.201780657091149, 1.60962653367776 ], [ -75.202799835220731, 1.608671471954384 ], [ -75.202967031591299, 1.611138958258245 ], [ -75.206365219983695, 1.613064258753838 ], [ -75.221532623584778, 1.610339298016368 ], [ -75.223602519718725, 1.615131026951387 ], [ -75.225643394855979, 1.616124367716163 ], [ -75.22547257288204, 1.61798379559774 ], [ -75.228312219826648, 1.619200589772567 ], [ -75.232571992976148, 1.618644171045525 ], [ -75.234439370954419, 1.61561210750876 ], [ -75.240556618148219, 1.616239012600707 ], [ -75.241051268667093, 1.618321676499847 ], [ -75.244275037329999, 1.619037378331777 ], [ -75.245731428551721, 1.622396354332365 ], [ -75.245160234323123, 1.625360719877081 ], [ -75.249241241690243, 1.628252205943046 ], [ -75.253444818885725, 1.629304490610435 ], [ -75.260245355771872, 1.628466134508513 ], [ -75.265420346736903, 1.632790398661836 ], [ -75.267790702623358, 1.631509542878113 ], [ -75.269321267797181, 1.634060934591301 ], [ -75.270251943834467, 1.632068522704035 ], [ -75.274441718404603, 1.629935537837459 ], [ -75.278531018126728, 1.630729233261174 ], [ -75.281232734039463, 1.627039574564579 ], [ -75.292367686948182, 1.628909278282917 ], [ -75.295721608124722, 1.633601334566131 ], [ -75.302062909701988, 1.636697560323223 ], [ -75.305143517337228, 1.641661629386249 ], [ -75.309918587900484, 1.645382287171335 ], [ -75.316533741110391, 1.646175739151346 ], [ -75.316108012988309, 1.649686609607752 ], [ -75.318300425051575, 1.652602564903231 ], [ -75.331228323271432, 1.658899970268981 ], [ -75.332986812774095, 1.663523602720793 ], [ -75.332128196053077, 1.670047125901849 ], [ -75.336715113431808, 1.678225399257139 ], [ -75.33644843575081, 1.680938060251966 ], [ -75.338541731219891, 1.682641188336069 ], [ -75.338676528027293, 1.68632121798346 ], [ -75.341040123187497, 1.690955780246067 ], [ -75.344514000092829, 1.69207664056028 ], [ -75.344749481055771, 1.695022490015621 ], [ -75.350211291743165, 1.698883954342132 ], [ -75.349328459117714, 1.709020154131856 ], [ -75.3437487076244, 1.716280917169216 ], [ -75.346481982276543, 1.72058504107777 ], [ -75.345456062285393, 1.727544219670976 ], [ -75.352994376220863, 1.730053429159789 ], [ -75.351960978647298, 1.73421114283175 ], [ -75.35544524278049, 1.736629514606593 ], [ -75.357084822194224, 1.74325975233854 ], [ -75.361552436021668, 1.748296579607668 ], [ -75.358796315397001, 1.749672205034385 ], [ -75.359307432048183, 1.751725272116362 ], [ -75.357826255389682, 1.753090607333289 ], [ -75.352488397937236, 1.753835563724072 ], [ -75.353693722413425, 1.758644172915084 ], [ -75.350505588149588, 1.759582794557319 ], [ -75.350657954221333, 1.7631069555989 ], [ -75.353259277931159, 1.760943438768149 ], [ -75.35127140972611, 1.765664735237194 ], [ -75.345063307750365, 1.771292828707599 ], [ -75.340906218407952, 1.771392978365149 ], [ -75.338283206654921, 1.773404406703877 ], [ -75.342214460253274, 1.778256779155408 ], [ -75.338792549131938, 1.781598963833287 ], [ -75.337235456686585, 1.785552410328291 ], [ -75.342241701685964, 1.790651926579457 ], [ -75.340889009368311, 1.795859838130732 ], [ -75.337006922401258, 1.800135038959025 ], [ -75.337338706432718, 1.804480683931432 ], [ -75.332404949246325, 1.809005747761897 ], [ -75.333447031738956, 1.812141424862731 ], [ -75.340232582917622, 1.816099195850998 ], [ -75.335283239948694, 1.827787212276078 ], [ -75.334498024628033, 1.837566794088534 ], [ -75.33828136959869, 1.8484171398268 ], [ -75.337067844395733, 1.85783980272611 ], [ -75.339066586715944, 1.867048315175883 ], [ -75.33778168132369, 1.868475999811479 ], [ -75.33449802372968, 1.868333229551286 ], [ -75.330500525614525, 1.87532884204482 ], [ -75.324432905888159, 1.881039549146149 ], [ -75.324290135627962, 1.884394586031051 ], [ -75.319221886163348, 1.894245556117695 ], [ -75.318793575382756, 1.899385194754688 ], [ -75.31529577183079, 1.901955014522307 ], [ -75.314796083555791, 1.908094022522719 ], [ -75.310441671019078, 1.914018877378642 ], [ -75.309513683641626, 1.922156633089093 ], [ -75.312297653858877, 1.925654443827431 ], [ -75.310156143075119, 1.930365772582141 ], [ -75.319364656423545, 1.936290639116152 ], [ -75.322291393307751, 1.941144738131047 ], [ -75.322291393307751, 1.94735512632082 ], [ -75.324361514918962, 1.950567400132067 ], [ -75.322077233875007, 1.957848551349396 ], [ -75.324504283382566, 1.959990061234793 ], [ -75.324932593264805, 1.962916800813844 ], [ -75.320578178931498, 1.96962688177019 ], [ -75.386284212769738, 2.314576027029863 ], [ -75.376361333385262, 2.319007650724933 ], [ -75.371772092062997, 2.32605032419706 ], [ -75.365478300622328, 2.326446433942276 ], [ -75.361668450838124, 2.321427725706918 ] ] ] ] } },
{ "type": "Feature", "properties": { "dpto_ccdgo": "18", "mpio_ccdgo": "256", "mpio_cdpmp": "18256", "dpto_cnmbr": "CAQUETÁ", "mpio_cnmbr": "EL PAUJÍL", "mpio_crslc": "Decreto 1678 de Septiembret 7 de 1967", "mpio_tipo": "MUNICIPIO", "mpio_narea": 1234.7341447599999, "mpio_nano": 2024, "shape_Leng": 3.5293159044200002, "shape_Area": 0.10030928302 }, "geometry": { "type": "MultiPolygon", "coordinates": [ [ [ [ -75.386284212769738, 2.314576027029863 ], [ -75.320578178931498, 1.96962688177019 ], [ -75.324932593264805, 1.962916800813844 ], [ -75.324504283382566, 1.959990061234793 ], [ -75.322077233875007, 1.957848551349396 ], [ -75.324361514918962, 1.950567400132067 ], [ -75.322291393307751, 1.94735512632082 ], [ -75.322291393307751, 1.941144738131047 ], [ -75.319364656423545, 1.936290639116152 ], [ -75.310156143075119, 1.930365772582141 ], [ -75.312297653858877, 1.925654443827431 ], [ -75.309585064729276, 1.923298779000903 ], [ -75.310441671019078, 1.914018877378642 ], [ -75.314796083555791, 1.908094022522719 ], [ -75.31529577183079, 1.901955014522307 ], [ -75.318793575382756, 1.899385194754688 ], [ -75.319221886163348, 1.894245556117695 ], [ -75.324290135627962, 1.884394586031051 ], [ -75.324432905888159, 1.881039549146149 ], [ -75.330500525614525, 1.87532884204482 ], [ -75.33449802372968, 1.868333229551286 ], [ -75.33778168132369, 1.868475999811479 ], [ -75.339066586715944, 1.867048315175883 ], [ -75.337067844395733, 1.85783980272611 ], [ -75.33828136959869, 1.8484171398268 ], [ -75.334498024628033, 1.837566794088534 ], [ -75.335283239948694, 1.827787212276078 ], [ -75.340232582917622, 1.816099195850998 ], [ -75.333447031738956, 1.812141424862731 ], [ -75.332404949246325, 1.809005747761897 ], [ -75.337338706432718, 1.804480683931432 ], [ -75.337006922401258, 1.800135038959025 ], [ -75.340889009368311, 1.795859838130732 ], [ -75.342241701685964, 1.790651926579457 ], [ -75.337235456686585, 1.785552410328291 ], [ -75.338792549131938, 1.781598963833287 ], [ -75.342214460253274, 1.778256779155408 ], [ -75.338283206654921, 1.773404406703877 ], [ -75.340906218407952, 1.771392978365149 ], [ -75.345063307750365, 1.771292828707599 ], [ -75.35127140972611, 1.765664735237194 ], [ -75.353259277931159, 1.760943438768149 ], [ -75.350657954221333, 1.7631069555989 ], [ -75.350505588149588, 1.759582794557319 ], [ -75.353693722413425, 1.758644172915084 ], [ -75.352488397937236, 1.753835563724072 ], [ -75.357826255389682, 1.753090607333289 ], [ -75.359307432048183, 1.751725272116362 ], [ -75.358796315397001, 1.749672205034385 ], [ -75.361552436021668, 1.748296579607668 ], [ -75.357084822194224, 1.74325975233854 ], [ -75.35544524278049, 1.736629514606593 ], [ -75.351960978647298, 1.73421114283175 ], [ -75.352994376220863, 1.730053429159789 ], [ -75.345456062285393, 1.727544219670976 ], [ -75.346481982276543, 1.72058504107777 ], [ -75.3437487076244, 1.716280917169216 ], [ -75.349328459117714, 1.709020154131856 ], [ -75.350211291743165, 1.698883954342132 ], [ -75.344749481055771, 1.695022490015621 ], [ -75.344514000092829, 1.69207664056028 ], [ -75.341040123187497, 1.690955780246067 ], [ -75.338676528027293, 1.68632121798346 ], [ -75.338541731219891, 1.682641188336069 ], [ -75.33644843575081, 1.680938060251966 ], [ -75.336715113431808, 1.678225399257139 ], [ -75.332128196053077, 1.670047125901849 ], [ -75.332986812774095, 1.663523602720793 ], [ -75.331228323271432, 1.658899970268981 ], [ -75.318300425051575, 1.652602564903231 ], [ -75.316108012988309, 1.649686609607752 ], [ -75.316533741110391, 1.646175739151346 ], [ -75.309918587900484, 1.645382287171335 ], [ -75.305143517337228, 1.641661629386249 ], [ -75.302062909701988, 1.636697560323223 ], [ -75.295721608124722, 1.633601334566131 ], [ -75.292367686948182, 1.628909278282917 ], [ -75.281232734039463, 1.627039574564579 ], [ -75.278531018126728, 1.630729233261174 ], [ -75.274441718404603, 1.629935537837459 ], [ -75.270251943834467, 1.632068522704035 ], [ -75.269321267797181, 1.634060934591301 ], [ -75.267790702623358, 1.631509542878113 ], [ -75.265420346736903, 1.632790398661836 ], [ -75.260245355771872, 1.628466134508513 ], [ -75.253444818885725, 1.629304490610435 ], [ -75.249241241690243, 1.628252205943046 ], [ -75.245160234323123, 1.625360719877081 ], [ -75.245731428551721, 1.622396354332365 ], [ -75.244275037329999, 1.619037378331777 ], [ -75.241051268667093, 1.618321676499847 ], [ -75.240556618148219, 1.616239012600707 ], [ -75.234439370954419, 1.61561210750876 ], [ -75.232571992976148, 1.618644171045525 ], [ -75.228312219826648, 1.619200589772567 ], [ -75.22547257288204, 1.61798379559774 ], [ -75.225643394855979, 1.616124367716163 ], [ -75.223602519718725, 1.615131026951387 ], [ -75.221532623584778, 1.610339298016368 ], [ -75.206365219983695, 1.613064258753838 ], [ -75.202967031591299, 1.611138958258245 ], [ -75.202799835220731, 1.608671471954384 ], [ -75.201780657091149, 1.60962653367776 ], [ -75.198219950757903, 1.608341113550429 ], [ -75.195128044104081, 1.61096101353677 ], [ -75.191851076269359, 1.606416341264691 ], [ -75.188191295562831, 1.606999455248293 ], [ -75.188024731606731, 1.603216111176058 ], [ -75.182442516032609, 1.603087618750373 ], [ -75.179709706708138, 1.597231767139689 ], [ -75.174544308859709, 1.595661003223186 ], [ -75.1737735770879, 1.593145856763963 ], [ -75.169408370386179, 1.590104428282865 ], [ -75.163044687265767, 1.591375204961037 ], [ -75.157697364257615, 1.590684604773092 ], [ -75.155559326363516, 1.591938008918182 ], [ -75.154631851026124, 1.590718971648329 ], [ -75.146986432670587, 1.594516678895065 ], [ -75.144483213152796, 1.592703422659233 ], [ -75.139780801980862, 1.592990110329149 ], [ -75.133768004683304, 1.588913095976728 ], [ -75.130258666753889, 1.582561806922362 ], [ -75.12572475271412, 1.580911012033436 ], [ -75.125758521310843, 1.579618000237641 ], [ -75.123729164381359, 1.580556977613035 ], [ -75.123089793358247, 1.577177921554913 ], [ -75.118779072216853, 1.575672186733659 ], [ -75.119120239158917, 1.574361719759622 ], [ -75.117277404970423, 1.574602867299911 ], [ -75.120238491661837, 1.56995664309901 ], [ -75.117926720351647, 1.569667141005067 ], [ -75.116685067078095, 1.564999861175435 ], [ -75.115314064385416, 1.565493192966368 ], [ -75.113808120256522, 1.562275479851736 ], [ -75.110672020946993, 1.562846256363382 ], [ -75.113115874353639, 1.558756157140124 ], [ -75.111232571029348, 1.555552085852295 ], [ -75.106633102379419, 1.553736013395789 ], [ -75.105334532702443, 1.556129755142625 ], [ -75.104058908711067, 1.555428691369911 ], [ -75.101184637074539, 1.556992637966294 ], [ -75.100438493110005, 1.556017224893914 ], [ -75.09979575070696, 1.557051801058042 ], [ -75.093637605880588, 1.553687904980731 ], [ -75.091161882018923, 1.554624206272789 ], [ -75.088331409575574, 1.551869994569698 ], [ -75.086075680607337, 1.552360165186701 ], [ -75.084882870571391, 1.550969913378798 ], [ -75.084213880273126, 1.55208367250503 ], [ -75.081035760436066, 1.548789040184592 ], [ -75.078133038233489, 1.550099676042072 ], [ -75.077892559938618, 1.547415625513542 ], [ -75.073525473061466, 1.541523878992114 ], [ -75.072469136090547, 1.536978039807518 ], [ -75.073764349658916, 1.535508821531694 ], [ -75.069986710791511, 1.535370753955742 ], [ -75.065766337781781, 1.53254650324915 ], [ -75.06572432713574, 1.534187519968405 ], [ -75.062940167373768, 1.530813993943594 ], [ -75.061423164076587, 1.531451088633949 ], [ -75.060831480158356, 1.528181137545618 ], [ -75.06288771380423, 1.526896908585319 ], [ -75.063701017669587, 1.52139542826352 ], [ -75.060367285246798, 1.519538072796923 ], [ -75.061159865860361, 1.518717739608928 ], [ -75.057961891443085, 1.515986734103127 ], [ -75.055935437870914, 1.516436496669743 ], [ -75.054409752349557, 1.514546945557739 ], [ -75.053393721919235, 1.508931415934906 ], [ -75.05143914171191, 1.50817467453654 ], [ -75.050380237353863, 1.504469386938212 ], [ -75.046057167062429, 1.505370499395893 ], [ -75.04601119574113, 1.503489439166688 ], [ -75.039995298355052, 1.500745330823672 ], [ -75.041629380074824, 1.498820535181713 ], [ -75.039732046851213, 1.498768740976109 ], [ -75.03847468382753, 1.492538251169173 ], [ -75.035331975607221, 1.489621649984493 ], [ -75.037503164056659, 1.485223440051391 ], [ -75.039467923980908, 1.485452086626227 ], [ -75.039384410237346, 1.483284849868927 ], [ -75.034813700275834, 1.480808566356429 ], [ -75.032940160748126, 1.475920431046638 ], [ -75.031151219231447, 1.476197724127811 ], [ -75.028338402290728, 1.473820683872096 ], [ -75.018326612978512, 1.475149920260581 ], [ -75.018282477815148, 1.471572622929305 ], [ -75.016877133400101, 1.470225078860685 ], [ -75.008805026622667, 1.468463574609606 ], [ -75.007742669137883, 1.467042981280494 ], [ -75.008601844611462, 1.465130621925274 ], [ -75.005738198256552, 1.466644641016638 ], [ -75.004826442550893, 1.46538373233973 ], [ -75.006230835649262, 1.462543646118649 ], [ -75.002778323393386, 1.462689458076837 ], [ -75.003242383557563, 1.460505950121783 ], [ -74.998988665956233, 1.459879487001294 ], [ -74.996702500245306, 1.455958062776727 ], [ -74.99360568519279, 1.457119067934679 ], [ -74.992748157230778, 1.460446671147279 ], [ -74.990896844735857, 1.460661356993166 ], [ -74.987036285911756, 1.458151054253754 ], [ -74.987617292446032, 1.456623151688589 ], [ -74.985651415914958, 1.4533201847923 ], [ -74.982784161923007, 1.450869338894029 ], [ -74.980113884375328, 1.451713609508498 ], [ -74.977230521780825, 1.446828234723734 ], [ -74.974724686366869, 1.445835665612408 ], [ -74.969893664191545, 1.44686926171374 ], [ -74.968813390692446, 1.444908585534113 ], [ -74.966337321877461, 1.44531833081793 ], [ -74.964310359858416, 1.443558104870522 ], [ -74.967325555715774, 1.440241803371507 ], [ -74.969576203808685, 1.441645079863119 ], [ -74.971644810859175, 1.440777218572143 ], [ -74.974673989903408, 1.442884513397715 ], [ -74.975006331789075, 1.441564110150406 ], [ -74.97605765615674, 1.442936510622768 ], [ -74.977219165269958, 1.442344883298435 ], [ -74.976533369276012, 1.441070868191063 ], [ -74.980832512920813, 1.436241311169285 ], [ -74.978984928437285, 1.434823246599757 ], [ -74.980413618288537, 1.433200265370822 ], [ -74.981699918765571, 1.434631685204296 ], [ -74.981953898749907, 1.433212786997546 ], [ -74.984544750790121, 1.432692847086634 ], [ -74.9837668333887, 1.429526302051381 ], [ -74.985779106144491, 1.426540558382483 ], [ -74.988535567230883, 1.428245141738542 ], [ -74.988275605360286, 1.426106098628902 ], [ -74.990483074996348, 1.426071629345641 ], [ -74.992325236346176, 1.427961155304835 ], [ -74.992392978355724, 1.426589364789075 ], [ -74.993971296211555, 1.426480364023959 ], [ -74.993624063839832, 1.425040020319304 ], [ -74.995575488263057, 1.425390766903167 ], [ -74.995803334438335, 1.423788962575619 ], [ -74.99648133394777, 1.424888214796777 ], [ -74.998691363784474, 1.421744693600571 ], [ -75.000312068680671, 1.422576617759942 ], [ -75.00151361483978, 1.419407068756003 ], [ -75.002624965580821, 1.42057486608122 ], [ -75.003740628238745, 1.41937445719025 ], [ -75.002702925036601, 1.418492082706012 ], [ -75.003904812555731, 1.416186827780146 ], [ -75.006570595828464, 1.416926628735394 ], [ -75.009542472193345, 1.414456790640237 ], [ -75.010414786436741, 1.40891389705256 ], [ -75.008473415966193, 1.407368475528745 ], [ -75.009554695579197, 1.405578677018627 ], [ -75.01123838500348, 1.406336561074933 ], [ -75.011255645247104, 1.403511101234983 ], [ -75.014685272902852, 1.403086828384817 ], [ -75.01633611091097, 1.403793518310625 ], [ -75.015968246915691, 1.404943403214826 ], [ -75.018605779946881, 1.405416107873799 ], [ -75.019454173831832, 1.404119334828841 ], [ -75.020768132560192, 1.404648078236526 ], [ -75.02014721384603, 1.399663983015003 ], [ -75.025163373559053, 1.399918646617782 ], [ -75.031839628426667, 1.396578706831581 ], [ -75.037231880709498, 1.397083644865275 ], [ -75.039855117041554, 1.39966852130739 ], [ -75.043169891403465, 1.399360549836524 ], [ -75.049135976268985, 1.396651632124474 ], [ -75.055849665760945, 1.387671415007971 ], [ -75.059564409931909, 1.386433516695373 ], [ -75.064189777930437, 1.389394048227427 ], [ -75.06571734991536, 1.395242130303062 ], [ -75.068815349846659, 1.398437211244352 ], [ -75.076051259175529, 1.397403202815983 ], [ -75.081360501670076, 1.398842553881466 ], [ -75.080055589882193, 1.39715787091971 ], [ -75.074383183381656, 1.39528776924742 ], [ -75.070709842595079, 1.389660219258245 ], [ -75.067954823305854, 1.388280461577887 ], [ -75.066303185796471, 1.382065204515386 ], [ -75.06809849367869, 1.380380851235627 ], [ -75.066769312087388, 1.378729711393383 ], [ -75.069265825676268, 1.376699205517784 ], [ -75.066439687607613, 1.375130493355041 ], [ -75.066335067929629, 1.37238038605779 ], [ -75.068070698883332, 1.37100684562244 ], [ -75.066471231075639, 1.365804375171191 ], [ -75.070440117826195, 1.364635964296126 ], [ -75.071980460271391, 1.360925915622981 ], [ -75.071753954383553, 1.359003098072878 ], [ -75.068438070601417, 1.357785529549661 ], [ -75.068408814245913, 1.347139336902142 ], [ -75.0699889449034, 1.344108446566022 ], [ -75.07279874529894, 1.34240336015304 ], [ -75.071054231796666, 1.340154073907216 ], [ -75.071709851559547, 1.337416541237318 ], [ -75.068838672824995, 1.332798922112828 ], [ -75.069125164662012, 1.33110131777374 ], [ -75.066822580429573, 1.328504844970409 ], [ -75.068250801359852, 1.325229901041743 ], [ -75.067171118054375, 1.323519223509909 ], [ -75.072371064237871, 1.312929871807314 ], [ -75.075257886247243, 1.312884376593532 ], [ -75.074643055420665, 1.309213182782324 ], [ -75.076425779692329, 1.308258084228 ], [ -75.074123020288255, 1.305840987163529 ], [ -75.074494468564353, 1.301823845572529 ], [ -75.072424215798947, 1.301189310184458 ], [ -75.074032564358617, 1.298253473359236 ], [ -75.069711450599414, 1.293371238188905 ], [ -75.068599764786484, 1.288579606272013 ], [ -75.070491853641272, 1.286354491014826 ], [ -75.072951623410802, 1.286077901315085 ], [ -75.072972995246744, 1.282347191373912 ], [ -75.08180423743471, 1.274930839107046 ], [ -75.091159682941338, 1.232328225266328 ], [ -75.117814153271979, 1.340469216634773 ], [ -75.217267078755015, 1.344888782234194 ], [ -75.216565373584672, 1.34715926334767 ], [ -75.221876649866658, 1.346447700057584 ], [ -75.223597157670497, 1.348620887260026 ], [ -75.227701984784687, 1.348500361998952 ], [ -75.229078582189459, 1.35147037795134 ], [ -75.230777488188437, 1.350568535162765 ], [ -75.229295159888807, 1.354116101827721 ], [ -75.236765442556987, 1.355618954851239 ], [ -75.234993855607058, 1.357352474762298 ], [ -75.237147753270165, 1.361366213532247 ], [ -75.242021779629056, 1.361322022673304 ], [ -75.242782761079013, 1.363045563191887 ], [ -75.244075888757607, 1.362254866347025 ], [ -75.25239142120472, 1.365981456610981 ], [ -75.253361968099341, 1.368583080358304 ], [ -75.256383913903164, 1.370004227948378 ], [ -75.255051431000538, 1.371088168373307 ], [ -75.259582433598212, 1.371419463720806 ], [ -75.266518748252849, 1.387253990020691 ], [ -75.265003528112914, 1.391003781091979 ], [ -75.266234444713575, 1.401827460319855 ], [ -75.260419300292256, 1.408402588161785 ], [ -75.262531958064415, 1.422759181622317 ], [ -75.271072468363798, 1.436289390838228 ], [ -75.277576382205098, 1.44111780430377 ], [ -75.278099054793302, 1.446491537802107 ], [ -75.283755087688064, 1.45061040918851 ], [ -75.283840418724935, 1.452687202592615 ], [ -75.286721803227579, 1.456087004360456 ], [ -75.28930384907602, 1.457551007911931 ], [ -75.291907079012447, 1.455855122949666 ], [ -75.293106508739015, 1.458473524544911 ], [ -75.297093825340653, 1.45875818651223 ], [ -75.299939305949351, 1.469531577112082 ], [ -75.303950436908167, 1.47271610194206 ], [ -75.308327560669966, 1.473373670152374 ], [ -75.311049069179148, 1.477352848010882 ], [ -75.315245805698225, 1.479571020183696 ], [ -75.317272667105897, 1.486880031773449 ], [ -75.32448054807719, 1.483410447022138 ], [ -75.325996759059706, 1.481229208213334 ], [ -75.328608365792775, 1.483261898793431 ], [ -75.328763921784628, 1.490294210190526 ], [ -75.331330971145803, 1.495069490959565 ], [ -75.328680577822752, 1.500223041816464 ], [ -75.330508354438507, 1.505144713957526 ], [ -75.336762180698656, 1.507398006692644 ], [ -75.336556973883205, 1.514141092677164 ], [ -75.338881797724866, 1.516091341204673 ], [ -75.338181728387951, 1.518268696593422 ], [ -75.341037517172822, 1.521548372850738 ], [ -75.343470031136576, 1.52097197377924 ], [ -75.345227901699502, 1.526139452127378 ], [ -75.34962463569957, 1.52657253386421 ], [ -75.352057096662691, 1.528575005094098 ], [ -75.353568613045752, 1.534537921598943 ], [ -75.356303346563095, 1.536586763900679 ], [ -75.356747802777136, 1.539083324201922 ], [ -75.355114700221804, 1.541687008686152 ], [ -75.355830696701389, 1.543813956869129 ], [ -75.357083094732559, 1.543725447590292 ], [ -75.356762139002171, 1.548064464787232 ], [ -75.358067339149557, 1.548297490652611 ], [ -75.357129595162007, 1.549390944243984 ], [ -75.35894433182267, 1.552098419260512 ], [ -75.360913959721302, 1.552542905118948 ], [ -75.361274529390641, 1.55656002515038 ], [ -75.363799728006029, 1.55815110807648 ], [ -75.366443451332771, 1.563141600206309 ], [ -75.368692039587074, 1.563640013770865 ], [ -75.368494795444633, 1.565964507032158 ], [ -75.373116126411048, 1.565425964793584 ], [ -75.380351477885654, 1.573401851147341 ], [ -75.391072281067181, 1.571098168274482 ], [ -75.402169015121672, 1.575634668565913 ], [ -75.396958115771213, 1.580806130047185 ], [ -75.394659556892748, 1.585225976819499 ], [ -75.392225541842947, 1.58542416060047 ], [ -75.390526608894504, 1.587922595687144 ], [ -75.38324878683602, 1.590988648806468 ], [ -75.379986544197209, 1.59113141637171 ], [ -75.37546461728607, 1.596088906168312 ], [ -75.371938258963439, 1.596717083275742 ], [ -75.366836696348287, 1.60293699451338 ], [ -75.360532909345466, 1.605019025099768 ], [ -75.359390767026866, 1.608921338549751 ], [ -75.357106485084557, 1.610420397086511 ], [ -75.356869599155345, 1.616240453499574 ], [ -75.354718560832112, 1.620961302607216 ], [ -75.354927953800143, 1.628746902275994 ], [ -75.356945736826276, 1.631221540971872 ], [ -75.355968325000788, 1.634573366377094 ], [ -75.356910591111102, 1.640041369156452 ], [ -75.347273775066924, 1.645509371935862 ], [ -75.346245849136153, 1.653304483872734 ], [ -75.344761275944848, 1.654804993189854 ], [ -75.345070603872955, 1.659183203015509 ], [ -75.342845810212793, 1.661217643515197 ], [ -75.340029241006221, 1.661176254503843 ], [ -75.404044694438142, 1.769442763075348 ], [ -75.403882584332734, 1.772452224981595 ], [ -75.40860595860687, 1.773137268186755 ], [ -75.407057995747039, 1.785175305356341 ], [ -75.409859366345245, 1.791759101947725 ], [ -75.407856018358927, 1.796534945960918 ], [ -75.408362874297268, 1.809107176621414 ], [ -75.405630923762885, 1.810438500696322 ], [ -75.402776060243525, 1.808725687867442 ], [ -75.400572129972488, 1.810163536050226 ], [ -75.397601478012291, 1.809819884366141 ], [ -75.397004557810078, 1.812190025554981 ], [ -75.398964096721784, 1.81577835780002 ], [ -75.393847804419124, 1.81448444319659 ], [ -75.383395488127064, 1.824880889623037 ], [ -75.383781887974635, 1.828159140252924 ], [ -75.381908875758427, 1.82784268149244 ], [ -75.379721591282873, 1.830172994044792 ], [ -75.375381223916861, 1.82874126878384 ], [ -75.372527058388982, 1.835567647526188 ], [ -75.371586118193136, 1.843692896881297 ], [ -75.368874812757099, 1.844268747081673 ], [ -75.365147826335658, 1.854254438517156 ], [ -75.367007246132459, 1.85572034021033 ], [ -75.35493182374546, 1.866692441902593 ], [ -75.355404636202366, 1.868922154741109 ], [ -75.353267192095132, 1.873522536079908 ], [ -75.355376138923873, 1.884613892814473 ], [ -75.352054789787189, 1.896960445834461 ], [ -75.353607103191393, 1.90729471981059 ], [ -75.346718770289272, 1.921385269801191 ], [ -75.347289520749769, 1.924311450627694 ], [ -75.352289667980131, 1.928935834970028 ], [ -75.352881211761087, 1.93237877836371 ], [ -75.348867879029797, 1.943495640086173 ], [ -75.34764645044271, 1.953434040574136 ], [ -75.345511424602137, 1.957054260342229 ], [ -75.345782858866357, 1.965285307067553 ], [ -75.341289316944255, 1.973631537667062 ], [ -75.348608033940252, 1.974661778558199 ], [ -75.355450106263334, 1.977822365961708 ], [ -75.356048958743258, 1.980248034757496 ], [ -75.353438822553471, 1.986070124059641 ], [ -75.354285367704051, 1.990024812925658 ], [ -75.361406999559563, 1.987720521892905 ], [ -75.364281387977201, 1.984084705562384 ], [ -75.378824650604656, 1.988063164768136 ], [ -75.383279001694689, 1.986997164612043 ], [ -75.385563288128537, 1.984617706987899 ], [ -75.392679779819957, 1.995413797134759 ], [ -75.392846341081054, 2.00457472129443 ], [ -75.390395497877648, 2.009071904091185 ], [ -75.39132348705175, 2.016900329178601 ], [ -75.387825676313298, 2.025442595685537 ], [ -75.388087420442844, 2.034389368497363 ], [ -75.386112467326939, 2.039219672918013 ], [ -75.387581535584047, 2.046418532999879 ], [ -75.377587799728474, 2.059743514739066 ], [ -75.384147904133897, 2.068965639371164 ], [ -75.393009484249831, 2.087754529365429 ], [ -75.391968467159984, 2.103905122760037 ], [ -75.388845427568469, 2.108604556912595 ], [ -75.383670096141714, 2.124933609763688 ], [ -75.385305978985116, 2.126450514246093 ], [ -75.392546606269548, 2.126055255206075 ], [ -75.395371100419936, 2.134814321296435 ], [ -75.399297209362544, 2.137598289717002 ], [ -75.398868906666792, 2.14823448051418 ], [ -75.403223320101802, 2.153052888536077 ], [ -75.406614049776465, 2.163332161318469 ], [ -75.40600729031911, 2.173361591759955 ], [ -75.413145673073075, 2.184283315890978 ], [ -75.415452322185445, 2.192463427200791 ], [ -75.416594462707451, 2.193833996006811 ], [ -75.426275415711586, 2.195036536601642 ], [ -75.427503995792392, 2.19735906524587 ], [ -75.433629208354205, 2.198864555725175 ], [ -75.435828949777715, 2.201044675232207 ], [ -75.440242849698222, 2.213501152486229 ], [ -75.438641310373839, 2.223628522727962 ], [ -75.433462338970628, 2.232413863663 ], [ -75.418528456207014, 2.23839887335149 ], [ -75.410405195723285, 2.245648226877359 ], [ -75.411366878035608, 2.248360890567138 ], [ -75.413454041599664, 2.249097355176751 ], [ -75.413321484294102, 2.250668023871728 ], [ -75.407687551769527, 2.261191353839898 ], [ -75.408617033944836, 2.264625975234223 ], [ -75.40530740603532, 2.267781421575284 ], [ -75.396665387824498, 2.28767633350009 ], [ -75.390538275324388, 2.293714217170052 ], [ -75.393739996617683, 2.299082666773674 ], [ -75.394188251810078, 2.303911160189315 ], [ -75.386284212769738, 2.314576027029863 ] ] ] ] } },
{ "type": "Feature", "properties": { "dpto_ccdgo": "18", "mpio_ccdgo": "410", "mpio_cdpmp": "18410", "dpto_cnmbr": "CAQUETÁ", "mpio_cnmbr": "LA MONTAÑITA", "mpio_crslc": "Decreto 83 de Julio 6 de 1955", "mpio_tipo": "MUNICIPIO", "mpio_narea": 1701.0676462399999, "mpio_nano": 2024, "shape_Leng": 3.40274653652, "shape_Area": 0.13817401278 }, "geometry": { "type": "MultiPolygon", "coordinates": [ [ [ [ -75.475065525957064, 1.51170361012767 ], [ -75.47782770482479, 1.520796061048549 ], [ -75.48235332830626, 1.527584372752079 ], [ -75.47974086188475, 1.530001432087303 ], [ -75.480216021641354, 1.53395353380327 ], [ -75.477267577849318, 1.535329372130921 ], [ -75.477660868678981, 1.537519393775217 ], [ -75.480255226846566, 1.537274713158097 ], [ -75.481297064098953, 1.538499935333664 ], [ -75.477939959290495, 1.544729658876985 ], [ -75.481396343288282, 1.557076973668988 ], [ -75.484318067569234, 1.559264139566766 ], [ -75.485410825864051, 1.564334460547901 ], [ -75.479175813934205, 1.569304761228975 ], [ -75.478743123863126, 1.575008872894251 ], [ -75.482045010085358, 1.57462619926138 ], [ -75.47955352616782, 1.583062524667526 ], [ -75.484128386349198, 1.586717573045222 ], [ -75.48556757392123, 1.594587150886938 ], [ -75.480496070756033, 1.594433289119102 ], [ -75.4793723259491, 1.597004669261647 ], [ -75.480842171249606, 1.601451834721803 ], [ -75.479351723071659, 1.604972628875052 ], [ -75.474832378819031, 1.611907650852702 ], [ -75.472102388410178, 1.611372831235571 ], [ -75.470802643735908, 1.612530299723457 ], [ -75.471219333900706, 1.61449599569288 ], [ -75.474656654734702, 1.616532768220883 ], [ -75.471206876054453, 1.618129636302039 ], [ -75.471090757033323, 1.621596164982327 ], [ -75.473545832203456, 1.624028987966723 ], [ -75.469263678409163, 1.630199747844454 ], [ -75.473746047975169, 1.630909045581591 ], [ -75.473857112172198, 1.634262668517145 ], [ -75.461587002250042, 1.633584678889218 ], [ -75.459760349427654, 1.637494914587956 ], [ -75.454572870971958, 1.640289625071254 ], [ -75.453831637202654, 1.646559093707722 ], [ -75.451700591800261, 1.648013437667225 ], [ -75.451522411719964, 1.649929594204264 ], [ -75.455269240145242, 1.654288114739853 ], [ -75.454541586218909, 1.661282185723147 ], [ -75.455935110592009, 1.663508493944012 ], [ -75.452590956805352, 1.668781249537421 ], [ -75.452640792682075, 1.671321612625142 ], [ -75.44886895783435, 1.67014194225735 ], [ -75.447293754440125, 1.671960194028457 ], [ -75.44934665713032, 1.675774989042127 ], [ -75.44528313728074, 1.675982067948104 ], [ -75.439244445126121, 1.68243095813758 ], [ -75.439728365260407, 1.684407405152929 ], [ -75.441759584398937, 1.68378033207583 ], [ -75.443288394263334, 1.685348858287209 ], [ -75.441051626949275, 1.69213333238473 ], [ -75.43357933923977, 1.694082581984883 ], [ -75.427756049787263, 1.693408272757611 ], [ -75.426991478666594, 1.695229309308335 ], [ -75.421688710335445, 1.695545721356373 ], [ -75.421471275642546, 1.698543472815235 ], [ -75.418503129085707, 1.699123499286695 ], [ -75.418285768953069, 1.702954914044686 ], [ -75.422297193661166, 1.707081410337315 ], [ -75.422556821358228, 1.711414725922601 ], [ -75.426291512635999, 1.712684050023821 ], [ -75.431843707387713, 1.712275247971838 ], [ -75.433034417160911, 1.710733072063707 ], [ -75.434909199957929, 1.71365548265802 ], [ -75.432539406417277, 1.713752817891547 ], [ -75.431158940863895, 1.717042033366475 ], [ -75.432352262939958, 1.72229104107813 ], [ -75.429114469767683, 1.72181243987294 ], [ -75.42400945402585, 1.726140775194326 ], [ -75.423733643166031, 1.729414893570558 ], [ -75.419213381732789, 1.732500310789557 ], [ -75.417646744679928, 1.740938232503228 ], [ -75.418811360169911, 1.745443465109637 ], [ -75.422766146054244, 1.747592273812514 ], [ -75.425586355237272, 1.752428278946517 ], [ -75.424155177949046, 1.755862747627126 ], [ -75.42695384731104, 1.755124301332405 ], [ -75.427481360924105, 1.756667353996902 ], [ -75.42012318000792, 1.759557491690532 ], [ -75.418408644208796, 1.762524716575121 ], [ -75.409879889272588, 1.766509046275912 ], [ -75.406749207706866, 1.764857132983522 ], [ -75.404044694438142, 1.769442763075348 ], [ -75.340029241006221, 1.661176254503843 ], [ -75.342845810212793, 1.661217643515197 ], [ -75.345070603872955, 1.659183203015509 ], [ -75.344761275944848, 1.654804993189854 ], [ -75.346245849136153, 1.653304483872734 ], [ -75.347273775066924, 1.645509371935862 ], [ -75.356910591111102, 1.640041369156452 ], [ -75.355968325000788, 1.634573366377094 ], [ -75.356945736826276, 1.631221540971872 ], [ -75.354927953800143, 1.628746902275994 ], [ -75.354718560832112, 1.620961302607216 ], [ -75.356869599155345, 1.616240453499574 ], [ -75.357106485084557, 1.610420397086511 ], [ -75.359390767026866, 1.608921338549751 ], [ -75.360532909345466, 1.605019025099768 ], [ -75.366836696348287, 1.60293699451338 ], [ -75.371938258963439, 1.596717083275742 ], [ -75.37546461728607, 1.596088906168312 ], [ -75.379986544197209, 1.59113141637171 ], [ -75.38324878683602, 1.590988648806468 ], [ -75.390526608894504, 1.587922595687144 ], [ -75.392225541842947, 1.58542416060047 ], [ -75.394659556892748, 1.585225976819499 ], [ -75.396958115771213, 1.580806130047185 ], [ -75.402169015121672, 1.575634668565913 ], [ -75.391072281067181, 1.571098168274482 ], [ -75.380351477885654, 1.573401851147341 ], [ -75.373116126411048, 1.565425964793584 ], [ -75.368494795444633, 1.565964507032158 ], [ -75.368692039587074, 1.563640013770865 ], [ -75.366443451332771, 1.563141600206309 ], [ -75.363799728006029, 1.55815110807648 ], [ -75.361274529390641, 1.55656002515038 ], [ -75.360913959721302, 1.552542905118948 ], [ -75.35894433182267, 1.552098419260512 ], [ -75.357129595162007, 1.549390944243984 ], [ -75.358067339149557, 1.548297490652611 ], [ -75.356762139002171, 1.548064464787232 ], [ -75.357083094732559, 1.543725447590292 ], [ -75.355830696701389, 1.543813956869129 ], [ -75.355114700221804, 1.541687008686152 ], [ -75.356747802777136, 1.539083324201922 ], [ -75.356303346563095, 1.536586763900679 ], [ -75.353568613045752, 1.534537921598943 ], [ -75.352057096662691, 1.528575005094098 ], [ -75.34962463569957, 1.52657253386421 ], [ -75.345227901699502, 1.526139452127378 ], [ -75.343470031136576, 1.52097197377924 ], [ -75.341037517172822, 1.521548372850738 ], [ -75.338181728387951, 1.518268696593422 ], [ -75.338881797724866, 1.516091341204673 ], [ -75.336556973883205, 1.514141092677164 ], [ -75.336762180698656, 1.507398006692644 ], [ -75.330508354438507, 1.505144713957526 ], [ -75.328680577822752, 1.500223041816464 ], [ -75.331330971145803, 1.495069490959565 ], [ -75.328763921784628, 1.490294210190526 ], [ -75.328608365792775, 1.483261898793431 ], [ -75.325996759059706, 1.481229208213334 ], [ -75.32448054807719, 1.483410447022138 ], [ -75.317272667105897, 1.486880031773449 ], [ -75.315245805698225, 1.479571020183696 ], [ -75.311049069179148, 1.477352848010882 ], [ -75.308327560669966, 1.473373670152374 ], [ -75.303950436908167, 1.47271610194206 ], [ -75.299939305949351, 1.469531577112082 ], [ -75.297093825340653, 1.45875818651223 ], [ -75.293106508739015, 1.458473524544911 ], [ -75.291907079012447, 1.455855122949666 ], [ -75.28930384907602, 1.457551007911931 ], [ -75.286721803227579, 1.456087004360456 ], [ -75.283840418724935, 1.452687202592615 ], [ -75.283755087688064, 1.45061040918851 ], [ -75.278099054793302, 1.446491537802107 ], [ -75.277576382205098, 1.44111780430377 ], [ -75.271072468363798, 1.436289390838228 ], [ -75.262531958064415, 1.422759181622317 ], [ -75.260419300292256, 1.408402588161785 ], [ -75.266234444713575, 1.401827460319855 ], [ -75.265003528112914, 1.391003781091979 ], [ -75.266518748252849, 1.387253990020691 ], [ -75.259582433598212, 1.371419463720806 ], [ -75.255051431000538, 1.371088168373307 ], [ -75.256383913903164, 1.370004227948378 ], [ -75.253361968099341, 1.368583080358304 ], [ -75.25239142120472, 1.365981456610981 ], [ -75.244075888757607, 1.362254866347025 ], [ -75.242782761079013, 1.363045563191887 ], [ -75.242021779629056, 1.361322022673304 ], [ -75.237147753270165, 1.361366213532247 ], [ -75.234993855607058, 1.357352474762298 ], [ -75.236765442556987, 1.355618954851239 ], [ -75.229295159888807, 1.354116101827721 ], [ -75.230777488188437, 1.350568535162765 ], [ -75.229078582189459, 1.35147037795134 ], [ -75.227701984784687, 1.348500361998952 ], [ -75.223597157670497, 1.348620887260026 ], [ -75.221876649866658, 1.346447700057584 ], [ -75.216565373584672, 1.34715926334767 ], [ -75.217267078755015, 1.344888782234194 ], [ -75.117814153271979, 1.340469216634773 ], [ -75.091159682941338, 1.232328225266328 ], [ -75.081436305167415, 1.273945558033412 ], [ -75.079908460992726, 1.270940442179994 ], [ -75.081598461985209, 1.2680362323662 ], [ -75.080203017012536, 1.266343390000285 ], [ -75.081711520443719, 1.263984114841766 ], [ -75.079663644729919, 1.263276188833133 ], [ -75.080940148172601, 1.262308292869067 ], [ -75.079953862781679, 1.260829323373044 ], [ -75.080871915682508, 1.258177434353985 ], [ -75.079906862888549, 1.257175097852772 ], [ -75.07837778173274, 1.258114847779906 ], [ -75.077598465653296, 1.256632266155246 ], [ -75.075329101146508, 1.257272194134247 ], [ -75.076162857870486, 1.254316696765071 ], [ -75.073773597822139, 1.253293716063928 ], [ -75.072377195244599, 1.248576207793455 ], [ -75.070535790276836, 1.247914383361897 ], [ -75.070911551368056, 1.245965776956057 ], [ -75.069430160910372, 1.246704652645801 ], [ -75.068501621068549, 1.244893447265436 ], [ -75.06474152002437, 1.244721288597311 ], [ -75.063742481241206, 1.242741418099697 ], [ -75.059822080198444, 1.242598649636098 ], [ -75.058734381219324, 1.243892328880719 ], [ -75.056886844346536, 1.241527717725144 ], [ -75.052476390366166, 1.243099557824219 ], [ -75.052041992596344, 1.241432201581514 ], [ -75.050782535598046, 1.241687792246453 ], [ -75.050975231566554, 1.239825570602127 ], [ -75.048032278281937, 1.238390589843947 ], [ -75.048109802054398, 1.235991856155135 ], [ -75.046186809332596, 1.236815805065052 ], [ -75.047067987259936, 1.238301520015951 ], [ -75.04422004526532, 1.239459840107374 ], [ -75.043273401661168, 1.237590140880578 ], [ -75.038394898095362, 1.238412534805527 ], [ -75.036761093955192, 1.2368323987582 ], [ -75.036984270683888, 1.232492540737509 ], [ -75.034956342975192, 1.232198697082329 ], [ -75.03317593007057, 1.229837445628599 ], [ -75.033276901687259, 1.22718882468309 ], [ -75.029790249830171, 1.225264789914795 ], [ -75.031206409071501, 1.224756663757638 ], [ -75.030975904779154, 1.223212833151451 ], [ -75.028728900255942, 1.224126303742362 ], [ -75.027424405286638, 1.222640721742257 ], [ -75.026129125242903, 1.225068834855812 ], [ -75.0250961633526, 1.222920349546696 ], [ -75.023610178008539, 1.225508972864882 ], [ -75.021898049696347, 1.224091913510903 ], [ -75.021734589422067, 1.21995732518777 ], [ -75.019458112049165, 1.219436137515955 ], [ -75.020374539896352, 1.218411217350554 ], [ -75.018740135681128, 1.216332083833239 ], [ -75.02149963936381, 1.214007378569355 ], [ -75.02193050944669, 1.21062432859832 ], [ -75.024587296983043, 1.209913041091184 ], [ -75.024538242641199, 1.203834781710313 ], [ -75.027682953207886, 1.201128287654809 ], [ -75.025705200040989, 1.201158514191619 ], [ -75.025422745236085, 1.198961220679255 ], [ -75.023674219854513, 1.200001456234135 ], [ -75.02132574335252, 1.196487429095385 ], [ -75.022242544000903, 1.192296300763155 ], [ -75.0235077062041, 1.193613119729643 ], [ -75.023861770268979, 1.190700859207846 ], [ -75.027109971330447, 1.190321687210806 ], [ -75.028326369347951, 1.187715980617272 ], [ -75.026570961967479, 1.18438832440404 ], [ -75.028211505274271, 1.1851054545584 ], [ -75.02826962542116, 1.18343671401076 ], [ -75.023920017976764, 1.180768259146316 ], [ -75.024171743187935, 1.178910429368849 ], [ -75.020892922127302, 1.174362771992706 ], [ -75.012829134654339, 1.176611746522868 ], [ -75.011470060699878, 1.172472056663137 ], [ -75.00825009999852, 1.172072561164903 ], [ -75.008409852024386, 1.169403419987056 ], [ -75.010281023591062, 1.169669956632477 ], [ -75.013457793259192, 1.16702462082856 ], [ -75.012752454400584, 1.164254482881161 ], [ -75.01072836968774, 1.164869443065264 ], [ -75.005436558116799, 1.159411031605797 ], [ -75.003424766858359, 1.161183636347718 ], [ -75.001748697848768, 1.160824180590204 ], [ -75.000813354161551, 1.157939715762119 ], [ -75.002196481425244, 1.158952513153099 ], [ -75.001187978883024, 1.154390932777254 ], [ -75.002527013204201, 1.152014179084337 ], [ -74.998805827209196, 1.147998342746469 ], [ -74.996900466633804, 1.148811388795123 ], [ -74.997961438915297, 1.145445263097516 ], [ -74.994538218049229, 1.144188015956574 ], [ -74.997007509070045, 1.141908749312598 ], [ -74.994889232331275, 1.141103107184455 ], [ -74.994414883754018, 1.138006249911193 ], [ -74.990566788166063, 1.13655364868474 ], [ -74.988983508012723, 1.138734893781732 ], [ -74.987180999229452, 1.138527776248142 ], [ -74.986798030948933, 1.136512085400041 ], [ -74.984959229300955, 1.136689817220636 ], [ -74.985261554855811, 1.133110127673811 ], [ -74.982790692680339, 1.130380393285142 ], [ -74.982475699073234, 1.132268028289118 ], [ -74.979465097203899, 1.130790708999602 ], [ -74.978063523919445, 1.131847921828612 ], [ -74.977874959306178, 1.130449125238916 ], [ -74.9764613467907, 1.131848422190582 ], [ -74.97708395074568, 1.128293939390775 ], [ -74.975282781351552, 1.12789656840987 ], [ -74.975263991275767, 1.125990704777557 ], [ -74.972738755829425, 1.124024539887161 ], [ -74.975415115874796, 1.119198344363881 ], [ -74.973649929426358, 1.118365977334706 ], [ -74.973222249263586, 1.120125121709652 ], [ -74.971473847849609, 1.117393947320398 ], [ -74.971619060631042, 1.119205336855592 ], [ -74.969836613040684, 1.118699144772795 ], [ -74.969683990948909, 1.119770206939532 ], [ -74.968814913338065, 1.117029930812586 ], [ -74.967440257194255, 1.117969707689237 ], [ -74.969027800755327, 1.114435260929472 ], [ -74.967133899997179, 1.113012540388089 ], [ -74.967066440058829, 1.110654663009245 ], [ -74.966721086065888, 1.112554525890665 ], [ -74.96394719495413, 1.11108320196209 ], [ -74.964456516769928, 1.109543692255863 ], [ -74.96583419305216, 1.109726534596193 ], [ -74.965481701938586, 1.108052895531405 ], [ -74.962435168327545, 1.108096574350224 ], [ -74.963077800237727, 1.105854540209496 ], [ -74.960363833091378, 1.101762613811496 ], [ -74.95917457589519, 1.102557081786951 ], [ -74.960029786201972, 1.1008708636032 ], [ -74.95684941877829, 1.099808917547195 ], [ -74.957741289361024, 1.098971781358417 ], [ -74.956648627185984, 1.098025275196623 ], [ -74.958117326235254, 1.098189771229269 ], [ -74.955974005344729, 1.094659648962708 ], [ -74.954140937647765, 1.093652275603721 ], [ -74.952557679952292, 1.096071737934222 ], [ -74.951173866375143, 1.094538447269665 ], [ -74.951900791767173, 1.091032354057808 ], [ -74.954728598008614, 1.09015799704387 ], [ -74.953647747790683, 1.088063073826212 ], [ -74.955218962661888, 1.08597959335782 ], [ -74.951504294847723, 1.083995383993918 ], [ -74.953579520690482, 1.082956324334636 ], [ -74.951120457895684, 1.078736009715628 ], [ -74.953013784629945, 1.078283425538443 ], [ -74.952023435257388, 1.074276485223936 ], [ -74.953485633193793, 1.072962720531881 ], [ -74.951834817643544, 1.072566139170755 ], [ -74.951275869258609, 1.070373319272057 ], [ -74.949771301349813, 1.072084152212551 ], [ -74.950068141787142, 1.070220947810486 ], [ -74.953051700751644, 1.06918873152249 ], [ -74.951391684648911, 1.068474988019443 ], [ -74.95199771197872, 1.066315694172229 ], [ -74.950754854063462, 1.064316682357269 ], [ -74.952267953279318, 1.062570154830532 ], [ -74.951663614783627, 1.057722820135123 ], [ -74.949615462388465, 1.058491367202353 ], [ -74.950644035106791, 1.056054720985081 ], [ -74.946126058091124, 1.056588412317307 ], [ -74.944501987204831, 1.055030258960815 ], [ -74.946773708892806, 1.053973395576728 ], [ -74.944412451150754, 1.05415651998831 ], [ -74.943178253900044, 1.050909848759113 ], [ -74.940572779071999, 1.050632172995313 ], [ -74.941381689273783, 1.049212845393435 ], [ -74.939524084973584, 1.047977379720581 ], [ -74.94008265696408, 1.045516673007539 ], [ -74.937856278674474, 1.045237697380494 ], [ -74.936355495371004, 1.042856301190461 ], [ -74.936943149443664, 1.039093181804685 ], [ -74.932436069899381, 1.039403639814284 ], [ -74.934700844011445, 1.035457865836201 ], [ -74.930480695580741, 1.032292584731592 ], [ -74.932416057215562, 1.031480801715232 ], [ -74.932106966442916, 1.026396599056944 ], [ -74.926672891262001, 1.025907304298067 ], [ -74.926871481980129, 1.024049257128181 ], [ -74.922333053004081, 1.025024159058739 ], [ -74.922917765990178, 1.023594303193376 ], [ -74.921433224239991, 1.022260737820035 ], [ -74.920442477811775, 1.024208224025861 ], [ -74.919675598917308, 1.021614942040934 ], [ -74.921574877893363, 1.015553898886134 ], [ -74.919951419658616, 1.014233747167321 ], [ -74.921971366727973, 1.013285188353462 ], [ -74.918779154109529, 1.011118903811133 ], [ -74.920666820554686, 1.010380817741121 ], [ -74.915672229408813, 1.008860084635944 ], [ -74.916279773994347, 1.007859726226594 ], [ -74.913832815109288, 1.006119304553715 ], [ -74.915203052436709, 1.00449584721732 ], [ -74.910882524379531, 1.004691909175859 ], [ -74.911736757318465, 1.002071781915598 ], [ -74.909735384729004, 1.002724769612616 ], [ -74.909903608773106, 1.001122634704773 ], [ -74.907835108622237, 1.000153693999202 ], [ -74.908815045613949, 0.998881531219444 ], [ -74.906101065891221, 0.998084990829003 ], [ -74.905533427197327, 0.998927278860013 ], [ -74.906971343652174, 0.999642274615559 ], [ -74.905814674665521, 1.000594784223184 ], [ -74.90479910776628, 0.998486255111448 ], [ -74.90620778223871, 0.997061488206192 ], [ -74.902309293818121, 0.996295379168607 ], [ -74.902277103562596, 0.994948587888809 ], [ -74.898215713620289, 0.992006549089898 ], [ -74.895746275275656, 0.993500138678866 ], [ -74.896126961833488, 0.983702660615075 ], [ -74.89798110671876, 0.984967864140777 ], [ -74.896740067893404, 0.982159872953747 ], [ -74.900229876432945, 0.980844322409497 ], [ -74.898669867155547, 0.978726806544458 ], [ -74.899770772278146, 0.976619325767473 ], [ -75.19440614389174, 1.042327770683664 ], [ -75.193655304429456, 1.043404540750302 ], [ -75.196936685690673, 1.048372651336988 ], [ -75.198194303836146, 1.053453638023991 ], [ -75.194372361820228, 1.055637074113728 ], [ -75.192302427058678, 1.054501240668423 ], [ -75.19268208863798, 1.056218976269026 ], [ -75.195800990585951, 1.058035279592744 ], [ -75.194773450931052, 1.058983046990233 ], [ -75.195867304273122, 1.061382256786507 ], [ -75.198598628681225, 1.060307984038323 ], [ -75.199193590554557, 1.061196089778689 ], [ -75.196712732816934, 1.063161098536359 ], [ -75.192866093399232, 1.063697952839218 ], [ -75.191809938786434, 1.066284792101813 ], [ -75.188303182617233, 1.068718449621772 ], [ -75.189985038578527, 1.068981623870397 ], [ -75.1900849744369, 1.071351571022976 ], [ -75.186097058658561, 1.074538241929915 ], [ -75.188728684363696, 1.076191391305073 ], [ -75.186522813730107, 1.078281978351333 ], [ -75.193932565171281, 1.078439983152605 ], [ -75.191343943649656, 1.081091829052521 ], [ -75.193989672017722, 1.082408922903664 ], [ -75.193736413381089, 1.080809412875171 ], [ -75.19511967988376, 1.08043033070972 ], [ -75.195264704018825, 1.082181376765921 ], [ -75.196887242378011, 1.080986184395949 ], [ -75.19778373659318, 1.084682864330363 ], [ -75.193155124775558, 1.089170063243115 ], [ -75.19005570730161, 1.088718737606627 ], [ -75.195751864378906, 1.093141591042573 ], [ -75.194487950834912, 1.093039208171435 ], [ -75.194193985907077, 1.095229316054072 ], [ -75.197514251674647, 1.095344914950241 ], [ -75.194597892136869, 1.097078860663071 ], [ -75.193921017319099, 1.101380115350318 ], [ -75.191838545659436, 1.100279352161623 ], [ -75.190290642986781, 1.102687740052509 ], [ -75.189563710408208, 1.105855434033946 ], [ -75.190865617329109, 1.106044370549993 ], [ -75.19103873000887, 1.108167518856317 ], [ -75.193860008187926, 1.108335489575276 ], [ -75.196874174575157, 1.112580762107744 ], [ -75.197883809893881, 1.111246641575147 ], [ -75.202572838852348, 1.113427861519266 ], [ -75.203083336563793, 1.112087954933315 ], [ -75.204343151990201, 1.112404453219698 ], [ -75.20770103563865, 1.114764809052328 ], [ -75.206792733957968, 1.116338910212762 ], [ -75.208234029877644, 1.118867050812983 ], [ -75.209835879121044, 1.118603274692652 ], [ -75.211305577996029, 1.120818006315168 ], [ -75.214823051973383, 1.120409934594086 ], [ -75.219493297144311, 1.126139348227795 ], [ -75.222535824266004, 1.126861406543716 ], [ -75.224778878893744, 1.125272017841571 ], [ -75.227680297639836, 1.12974929126083 ], [ -75.229102424394398, 1.128725228987169 ], [ -75.229040154027587, 1.130619553750433 ], [ -75.232400391263923, 1.12930243474642 ], [ -75.23514017870707, 1.133727120747062 ], [ -75.235421227647464, 1.137191481790828 ], [ -75.240876571357944, 1.138822020552277 ], [ -75.239999734991841, 1.145209845915005 ], [ -75.245494694437923, 1.149737737644166 ], [ -75.244708017557116, 1.152752369359026 ], [ -75.250899794436236, 1.153419654653475 ], [ -75.254736670057298, 1.156723016808777 ], [ -75.258747406655345, 1.155613309986035 ], [ -75.260970026390794, 1.156430543085503 ], [ -75.26305967559523, 1.160239849388462 ], [ -75.268668961922003, 1.161917341330599 ], [ -75.269653267424474, 1.169011276306942 ], [ -75.280997684268186, 1.171309238703525 ], [ -75.282307619439166, 1.177241348359429 ], [ -75.279721414387609, 1.178877011115344 ], [ -75.276589709640007, 1.186400173154644 ], [ -75.283065464867946, 1.195442430669039 ], [ -75.324347188575416, 1.195897694522861 ], [ -75.315290743057801, 1.205184847351916 ], [ -75.315737586995795, 1.212344881317897 ], [ -75.320197215692303, 1.21465869809353 ], [ -75.3197250886505, 1.219126862588543 ], [ -75.324236801708707, 1.222725227226689 ], [ -75.329622789135783, 1.233074034159004 ], [ -75.332032682604336, 1.234174599718135 ], [ -75.332134823828483, 1.243130123924455 ], [ -75.336588751811689, 1.248024138712487 ], [ -75.33707781300842, 1.252046117735168 ], [ -75.341737132860146, 1.258718149618965 ], [ -75.344882685148889, 1.260927020627927 ], [ -75.345570753882384, 1.268254038961881 ], [ -75.34926912444763, 1.278127257640883 ], [ -75.34974533164069, 1.289466095941868 ], [ -75.347588198243386, 1.296270635723897 ], [ -75.348259978711098, 1.299313187100007 ], [ -75.346072185788728, 1.301826119210313 ], [ -75.347744174647062, 1.31106000639213 ], [ -75.347069685756594, 1.316816011976029 ], [ -75.350204380099854, 1.325469419935093 ], [ -75.35042093174809, 1.330629300326521 ], [ -75.355302388976952, 1.338714804588486 ], [ -75.348650871935376, 1.347472589680225 ], [ -75.346411763609751, 1.356577838010892 ], [ -75.350636969559559, 1.357151272639547 ], [ -75.352957186836761, 1.355801940922089 ], [ -75.354184602700002, 1.352106232067278 ], [ -75.357927133581541, 1.353259256585888 ], [ -75.360025763251031, 1.350585847508722 ], [ -75.362491401718955, 1.353265410948789 ], [ -75.364874608015839, 1.353422756386067 ], [ -75.364764054960631, 1.354592027847861 ], [ -75.367620639653467, 1.353333136788653 ], [ -75.370316038608109, 1.354496446127166 ], [ -75.371960442877082, 1.3530843948849 ], [ -75.37379774613396, 1.354665699641337 ], [ -75.377103983798918, 1.353670493074269 ], [ -75.379060375909603, 1.356712997737936 ], [ -75.381075025609562, 1.355062252256355 ], [ -75.383043626733013, 1.356852185513904 ], [ -75.393620790982766, 1.357379878790185 ], [ -75.395214982980576, 1.360474866667857 ], [ -75.400100118813441, 1.355813142922654 ], [ -75.402099745974908, 1.357260279692914 ], [ -75.404169842433362, 1.354525745601812 ], [ -75.407968529742959, 1.356673765583261 ], [ -75.41040735168167, 1.353703988582931 ], [ -75.419570018574689, 1.354077095150374 ], [ -75.423020038003642, 1.356289967258783 ], [ -75.423292957184231, 1.355163364908667 ], [ -75.426610524410592, 1.355862863814912 ], [ -75.430075946365662, 1.353950817971949 ], [ -75.433321886365718, 1.354494912701763 ], [ -75.432925367886696, 1.352544539308301 ], [ -75.436280791945933, 1.351920438758887 ], [ -75.437330863162742, 1.349572434771253 ], [ -75.439220639752136, 1.35337940814754 ], [ -75.44206816223317, 1.352542624098564 ], [ -75.440906447405553, 1.354540883124706 ], [ -75.44268084159296, 1.355718093903291 ], [ -75.443659835352946, 1.354745296727134 ], [ -75.446035938665148, 1.356062827159887 ], [ -75.448215231721576, 1.354586084589211 ], [ -75.450748567283256, 1.355685826392612 ], [ -75.454526690343016, 1.354313123187786 ], [ -75.459765849816506, 1.354945058849303 ], [ -75.46133244105522, 1.353003363188423 ], [ -75.463392561714443, 1.354798532729959 ], [ -75.465498068891293, 1.352925804381663 ], [ -75.467416817968342, 1.353272074656903 ], [ -75.467666415068891, 1.351167346320114 ], [ -75.471486402349228, 1.350537863061262 ], [ -75.474132117242505, 1.346582890327337 ], [ -75.473823534916733, 1.343764191213587 ], [ -75.477929016903317, 1.342146306131297 ], [ -75.47923311032531, 1.343174706372965 ], [ -75.4763277425821, 1.348725345241165 ], [ -75.479161613354904, 1.361934341808372 ], [ -75.478883166835942, 1.372354680745451 ], [ -75.472126764214863, 1.381268077524615 ], [ -75.468535638206959, 1.392556936218247 ], [ -75.470159616566661, 1.398048763236273 ], [ -75.468020815103955, 1.403670891888391 ], [ -75.460339609635639, 1.411526596137854 ], [ -75.45674978528757, 1.417521305842512 ], [ -75.457399078210926, 1.419639339137558 ], [ -75.463018174148431, 1.421522117845287 ], [ -75.464811186833231, 1.424959397356622 ], [ -75.460303500027351, 1.429700156740117 ], [ -75.458871310336974, 1.444980861344502 ], [ -75.460250008902847, 1.448736610047532 ], [ -75.456102913325878, 1.453597167954454 ], [ -75.457207673122468, 1.454982635331319 ], [ -75.460876468430058, 1.452592289219042 ], [ -75.463484233065628, 1.458606490584264 ], [ -75.463379502894782, 1.463689280191497 ], [ -75.460468888087803, 1.46746647618903 ], [ -75.462236197256914, 1.470455213046834 ], [ -75.458425550666391, 1.472763247362417 ], [ -75.459852722363621, 1.478977049152959 ], [ -75.463977263920754, 1.480515478185019 ], [ -75.466944928081944, 1.485950775973795 ], [ -75.46625769927391, 1.487978301236926 ], [ -75.463150514959864, 1.489735216889873 ], [ -75.464781379810063, 1.493735243764415 ], [ -75.464190016590635, 1.498895689196598 ], [ -75.471296285445931, 1.50042718861902 ], [ -75.475104219122102, 1.503064943534153 ], [ -75.470944028792815, 1.50967783658078 ], [ -75.475065525957064, 1.51170361012767 ] ] ] ] } },
{ "type": "Feature", "properties": { "dpto_ccdgo": "18", "mpio_ccdgo": "460", "mpio_cdpmp": "18460", "dpto_cnmbr": "CAQUETÁ", "mpio_cnmbr": "MILÁN", "mpio_crslc": "Ordenanza 3 de Noviembre 12 de 1985", "mpio_tipo": "MUNICIPIO", "mpio_narea": 1220.5761045300001, "mpio_nano": 2024, "shape_Leng": 1.8634107341499999, "shape_Area": 0.09912782729 }, "geometry": { "type": "MultiPolygon", "coordinates": [ [ [ [ -75.329654684743673, 1.233120132142847 ], [ -75.324236801708707, 1.222725227226689 ], [ -75.319709159711181, 1.219096081790772 ], [ -75.320197215692303, 1.21465869809353 ], [ -75.315906942019694, 1.212742667320784 ], [ -75.314631633337228, 1.207165775167469 ], [ -75.315932143376756, 1.204140450797269 ], [ -75.319435115838985, 1.202140396935803 ], [ -75.324347188575416, 1.195897694522861 ], [ -75.283065464867946, 1.195442430669039 ], [ -75.276589709640007, 1.186400173154644 ], [ -75.279721414387609, 1.178877011115344 ], [ -75.282307619439166, 1.177241348359429 ], [ -75.280997684268186, 1.171309238703525 ], [ -75.269653267424474, 1.169011276306942 ], [ -75.268668961922003, 1.161917341330599 ], [ -75.26305967559523, 1.160239849388462 ], [ -75.260970026390794, 1.156430543085503 ], [ -75.258747406655345, 1.155613309986035 ], [ -75.254736670057298, 1.156723016808777 ], [ -75.250899794436236, 1.153419654653475 ], [ -75.244815006992724, 1.152836058274169 ], [ -75.245494694437923, 1.149737737644166 ], [ -75.239999734991841, 1.145209845915005 ], [ -75.240876571357944, 1.138822020552277 ], [ -75.235421227647464, 1.137191481790828 ], [ -75.23514017870707, 1.133727120747062 ], [ -75.232400391263923, 1.12930243474642 ], [ -75.229040154027587, 1.130619553750433 ], [ -75.229102424394398, 1.128725228987169 ], [ -75.227680297639836, 1.12974929126083 ], [ -75.224778878893744, 1.125272017841571 ], [ -75.222535824266004, 1.126861406543716 ], [ -75.219493297144311, 1.126139348227795 ], [ -75.214823051973383, 1.120409934594086 ], [ -75.211305577996029, 1.120818006315168 ], [ -75.209835879121044, 1.118603274692652 ], [ -75.208234029877644, 1.118867050812983 ], [ -75.206792733957968, 1.116338910212762 ], [ -75.20770103563865, 1.114764809052328 ], [ -75.204343151990201, 1.112404453219698 ], [ -75.203083336563793, 1.112087954933315 ], [ -75.202572838852348, 1.113427861519266 ], [ -75.197883809893881, 1.111246641575147 ], [ -75.196731551638777, 1.112526988911991 ], [ -75.193860008187926, 1.108335489575276 ], [ -75.191395342596195, 1.108430543086173 ], [ -75.190865617329109, 1.106044370549993 ], [ -75.189571012818988, 1.105894203555834 ], [ -75.191679455692508, 1.10039284630339 ], [ -75.193880344265551, 1.101421339969882 ], [ -75.194597892136869, 1.097078860663071 ], [ -75.197514422354686, 1.095366922793891 ], [ -75.194317037232736, 1.095338626738203 ], [ -75.194478862571941, 1.093052885032535 ], [ -75.195751864378906, 1.093141591042573 ], [ -75.190041987321365, 1.088820868050985 ], [ -75.193045056811059, 1.089214927839073 ], [ -75.196572297279999, 1.08669605067352 ], [ -75.197787060362373, 1.084778561933875 ], [ -75.196928117552659, 1.08102965570384 ], [ -75.195198687674292, 1.08216748341063 ], [ -75.194748295388138, 1.080359590121325 ], [ -75.193810645723715, 1.082388751217886 ], [ -75.191299250632028, 1.0809367752193 ], [ -75.193861854227293, 1.078400192245365 ], [ -75.186555923861249, 1.078308142703155 ], [ -75.188728684363696, 1.076191391305073 ], [ -75.186097058658561, 1.074538241929915 ], [ -75.1900849744369, 1.071351571022976 ], [ -75.189985038578527, 1.068981623870397 ], [ -75.188303182617233, 1.068718449621772 ], [ -75.191809938786434, 1.066284792101813 ], [ -75.192866093399232, 1.063697952839218 ], [ -75.196941896821784, 1.063068618700835 ], [ -75.199210960392691, 1.061124750013533 ], [ -75.195867304273122, 1.061382256786507 ], [ -75.194773450931052, 1.058983046990233 ], [ -75.195800990585951, 1.058035279592744 ], [ -75.19268208863798, 1.056218976269026 ], [ -75.192302427058678, 1.054501240668423 ], [ -75.194372361820228, 1.055637074113728 ], [ -75.198198976875972, 1.053413770759958 ], [ -75.193633530147906, 1.042981542610559 ], [ -75.195618103329878, 1.041529838801743 ], [ -75.194650127415628, 1.040543754633656 ], [ -75.197225385588411, 1.039998445380591 ], [ -75.197998963225302, 1.036248759412268 ], [ -75.204358608415305, 1.034466534604344 ], [ -75.208677974949865, 1.036557035412311 ], [ -75.20897487916767, 1.033998838955385 ], [ -75.206996351652435, 1.032469167606 ], [ -75.207001208847032, 1.029607475986822 ], [ -75.208680854052659, 1.029480242101829 ], [ -75.207567829748882, 1.028257537906062 ], [ -75.208946013579634, 1.026677260823164 ], [ -75.208094102787584, 1.025702923933356 ], [ -75.217199392441046, 1.022899513259611 ], [ -75.214581968213508, 1.019266600286453 ], [ -75.214426262202949, 1.015367198278625 ], [ -75.212458810923977, 1.014516433737785 ], [ -75.21548323877488, 1.012669638874093 ], [ -75.213909167258805, 1.010293362186983 ], [ -75.218350399341944, 1.006062440252625 ], [ -75.217436669137726, 1.002104892945038 ], [ -75.219484654446092, 1.001165591277597 ], [ -75.218332553396294, 0.995353296314796 ], [ -75.221229676395239, 0.992473183827674 ], [ -75.223290797778475, 0.995253078385171 ], [ -75.225631191233106, 0.986175473034501 ], [ -75.222608751355494, 0.978759617536367 ], [ -75.223543081742264, 0.972260610297268 ], [ -75.222237196179776, 0.97124305452642 ], [ -75.223860262748815, 0.969953454534754 ], [ -75.223041284221267, 0.968317839389632 ], [ -75.22523089982684, 0.969522737165653 ], [ -75.227797223348716, 0.967420077650602 ], [ -75.225845115307038, 0.964760992222089 ], [ -75.226652973580769, 0.960465358298044 ], [ -75.222383442922933, 0.95874126621339 ], [ -75.223183722104579, 0.956629667555836 ], [ -75.221717973125067, 0.955049703086901 ], [ -75.220545034737313, 0.955632870071135 ], [ -75.221211022863486, 0.950624353230781 ], [ -75.217005414575567, 0.953344993068296 ], [ -75.215871572696813, 0.952187979128301 ], [ -75.217456209307329, 0.950809250019773 ], [ -75.217485197066367, 0.948217517629981 ], [ -75.215203997246249, 0.949307191107624 ], [ -75.212238949879577, 0.946477850542519 ], [ -75.211760001924404, 0.948469303926612 ], [ -75.210289497259964, 0.948273000321078 ], [ -75.211019917999579, 0.938596919783183 ], [ -75.208605705427715, 0.93851515595921 ], [ -75.207844052037387, 0.935155815242325 ], [ -75.205944985063923, 0.934146381146439 ], [ -75.208784099307195, 0.932309953747687 ], [ -75.205768977111745, 0.928987144847618 ], [ -75.203875585698711, 0.930161732543492 ], [ -75.203057748032563, 0.927429015745643 ], [ -75.201380309091007, 0.929992013701591 ], [ -75.20242934904104, 0.925064143180144 ], [ -75.200314771567605, 0.923522261021406 ], [ -75.201764908713358, 0.920336845061919 ], [ -75.203843415206165, 0.921612276813641 ], [ -75.204497868056592, 0.91810656358941 ], [ -75.202416617208371, 0.917353985885706 ], [ -75.208206732749318, 0.909825177032029 ], [ -75.212200701380937, 0.907835868826533 ], [ -75.212915027891086, 0.908657455165372 ], [ -75.21100207205393, 0.911435375224315 ], [ -75.214926101395008, 0.909028827084606 ], [ -75.218439367660267, 0.910168313981044 ], [ -75.220638314074165, 0.906550165729704 ], [ -75.221368692592876, 0.907747889554141 ], [ -75.222488740829476, 0.907069911604297 ], [ -75.22195370112496, 0.903423858064678 ], [ -75.223863059206508, 0.903476077173754 ], [ -75.2207828728815, 0.901662873938559 ], [ -75.221976548894077, 0.898646807613133 ], [ -75.22462225390592, 0.900098022737998 ], [ -75.224955707008462, 0.89807438269162 ], [ -75.22799665758555, 0.897603250085601 ], [ -75.237019574356793, 0.890929976729082 ], [ -75.240928022406877, 0.891625108921221 ], [ -75.244198234905241, 0.89607086133033 ], [ -75.245830700554563, 0.920407317053793 ], [ -75.249470423661421, 0.932387119990387 ], [ -75.252432858725172, 0.936627561379434 ], [ -75.257116098935342, 0.937626417804439 ], [ -75.272961722133346, 0.934672267909253 ], [ -75.284417272344342, 0.935814573721309 ], [ -75.290582431221992, 0.938302739259522 ], [ -75.294206519138925, 0.942337354893336 ], [ -75.296831656307631, 0.942244557952245 ], [ -75.298994589233018, 0.940881128063507 ], [ -75.301359553426835, 0.935453247669915 ], [ -75.323986964757751, 0.924531571149699 ], [ -75.400346853879284, 1.031348662126605 ], [ -75.543605246413279, 1.08959638066045 ], [ -75.543080717005921, 1.093004631090257 ], [ -75.541452339592695, 1.094116047408381 ], [ -75.542365555061906, 1.097429359311749 ], [ -75.54004715687455, 1.100238692582867 ], [ -75.544269053428195, 1.106670822890696 ], [ -75.548556619576402, 1.110189218540198 ], [ -75.548542612135009, 1.114327285142886 ], [ -75.5502762676918, 1.116480945650461 ], [ -75.546573534904041, 1.130770892148637 ], [ -75.549496323689482, 1.135270221920651 ], [ -75.546953344705514, 1.138327969210177 ], [ -75.568635138309105, 1.217228476538647 ], [ -75.567899275571165, 1.321787847879155 ], [ -75.47923311032531, 1.343174706372965 ], [ -75.477796473072431, 1.342170875972247 ], [ -75.473686344995542, 1.343895466622235 ], [ -75.474149496063831, 1.346531604568609 ], [ -75.471432747731171, 1.350593925166187 ], [ -75.467666415068891, 1.351167346320114 ], [ -75.467416817968342, 1.353272074656903 ], [ -75.465498068891293, 1.352925804381663 ], [ -75.463485028075297, 1.354788125739064 ], [ -75.46133244105522, 1.353003363188423 ], [ -75.459765849816506, 1.354945058849303 ], [ -75.454526690343016, 1.354313123187786 ], [ -75.450748567283256, 1.355685826392612 ], [ -75.448215231721576, 1.354586084589211 ], [ -75.446035938665148, 1.356062827159887 ], [ -75.443659835352946, 1.354745296727134 ], [ -75.44268084159296, 1.355718093903291 ], [ -75.440906447405553, 1.354540883124706 ], [ -75.44206816223317, 1.352542624098564 ], [ -75.439220639752136, 1.35337940814754 ], [ -75.437330863162742, 1.349572434771253 ], [ -75.436280791945933, 1.351920438758887 ], [ -75.432925367886696, 1.352544539308301 ], [ -75.433321886365718, 1.354494912701763 ], [ -75.430075946365662, 1.353950817971949 ], [ -75.426610524410592, 1.355862863814912 ], [ -75.423292957184231, 1.355163364908667 ], [ -75.423020038003642, 1.356289967258783 ], [ -75.419570018574689, 1.354077095150374 ], [ -75.41040735168167, 1.353703988582931 ], [ -75.407968529742959, 1.356673765583261 ], [ -75.404169842433362, 1.354525745601812 ], [ -75.402099745974908, 1.357260279692914 ], [ -75.400100118813441, 1.355813142922654 ], [ -75.395214982980576, 1.360474866667857 ], [ -75.393620790982766, 1.357379878790185 ], [ -75.383043626733013, 1.356852185513904 ], [ -75.381075025609562, 1.355062252256355 ], [ -75.379060375909603, 1.356712997737936 ], [ -75.377103983798918, 1.353670493074269 ], [ -75.37379774613396, 1.354665699641337 ], [ -75.371960442877082, 1.3530843948849 ], [ -75.370316038608109, 1.354496446127166 ], [ -75.367620639653467, 1.353333136788653 ], [ -75.364764054960631, 1.354592027847861 ], [ -75.364874608015839, 1.353422756386067 ], [ -75.362491401718955, 1.353265410948789 ], [ -75.360025763251031, 1.350585847508722 ], [ -75.357927133581541, 1.353259256585888 ], [ -75.354184602700002, 1.352106232067278 ], [ -75.352957186836761, 1.355801940922089 ], [ -75.350636969559559, 1.357151272639547 ], [ -75.346411763609751, 1.356577838010892 ], [ -75.348650871935376, 1.347472589680225 ], [ -75.355302388976952, 1.338714804588486 ], [ -75.35042093174809, 1.330629300326521 ], [ -75.350204380099854, 1.325469419935093 ], [ -75.347069685756594, 1.316816011976029 ], [ -75.347744174647062, 1.31106000639213 ], [ -75.346072185788728, 1.301826119210313 ], [ -75.348259978711098, 1.299313187100007 ], [ -75.347588198243386, 1.296270635723897 ], [ -75.34974533164069, 1.289466095941868 ], [ -75.34926912444763, 1.278127257640883 ], [ -75.345570753882384, 1.268254038961881 ], [ -75.344882685148889, 1.260927020627927 ], [ -75.341737132860146, 1.258718149618965 ], [ -75.33707781300842, 1.252046117735168 ], [ -75.336588751811689, 1.248024138712487 ], [ -75.332134823828483, 1.243130123924455 ], [ -75.332063546945506, 1.234246500032507 ], [ -75.329654684743673, 1.233120132142847 ] ] ] ] } },
{ "type": "Feature", "properties": { "dpto_ccdgo": "18", "mpio_ccdgo": "479", "mpio_cdpmp": "18479", "dpto_cnmbr": "CAQUETÁ", "mpio_cnmbr": "MORELIA", "mpio_crslc": "Ordenanza 3 de Noviembre 12 de 1985", "mpio_tipo": "MUNICIPIO", "mpio_narea": 462.47959018099999, "mpio_nano": 2024, "shape_Leng": 1.5186883064700001, "shape_Area": 0.0375535626 }, "geometry": { "type": "MultiPolygon", "coordinates": [ [ [ [ -75.774007682291312, 1.583066854550619 ], [ -75.77032129975305, 1.577613002943178 ], [ -75.772040973021319, 1.576087444982763 ], [ -75.770240621993082, 1.574590423826684 ], [ -75.768982636436363, 1.5691560683714 ], [ -75.765547384424167, 1.566955429530268 ], [ -75.768056539115776, 1.566092565571227 ], [ -75.769669943397844, 1.560511957084601 ], [ -75.765971427305431, 1.559957349362685 ], [ -75.763799790596238, 1.556452582963536 ], [ -75.759763517569297, 1.559289943693883 ], [ -75.757574545157979, 1.558605875161569 ], [ -75.756934521059122, 1.555934725349103 ], [ -75.759518662678829, 1.555452945003594 ], [ -75.759782949042688, 1.552529364801879 ], [ -75.758529262826357, 1.550537415547343 ], [ -75.759522822780241, 1.548078062596529 ], [ -75.7569782447938, 1.54492061301079 ], [ -75.755167395146486, 1.543881586589223 ], [ -75.749922590655217, 1.544794757142549 ], [ -75.747881613109939, 1.541590628362485 ], [ -75.737343311806967, 1.534346282050034 ], [ -75.740443417390964, 1.531575476653805 ], [ -75.7389586097392, 1.528735802759766 ], [ -75.740271971087395, 1.524976213755883 ], [ -75.735981204239295, 1.516448286168929 ], [ -75.736771383654172, 1.514764826713622 ], [ -75.734727617736041, 1.513514183093619 ], [ -75.735436584892966, 1.511217242980628 ], [ -75.732473638687395, 1.501321858354363 ], [ -75.734583192777791, 1.492301775770419 ], [ -75.733381368140783, 1.488805072655715 ], [ -75.729502455822455, 1.486627040834996 ], [ -75.727376193054454, 1.487555071331616 ], [ -75.731496139725266, 1.492745009376408 ], [ -75.729842995739943, 1.498044680313811 ], [ -75.711583316277085, 1.500154368253221 ], [ -75.707652215392443, 1.502710865994549 ], [ -75.705082583372757, 1.508707681351959 ], [ -75.70307975281645, 1.501779952801885 ], [ -75.696583824106085, 1.495510070041785 ], [ -75.69550137129238, 1.488564800973494 ], [ -75.686698538347912, 1.492866354799973 ], [ -75.68199341695663, 1.49049702658713 ], [ -75.679812514117941, 1.494083011532411 ], [ -75.675012914137938, 1.492733703171231 ], [ -75.673888652799292, 1.497423107625627 ], [ -75.672013096552178, 1.496273636845115 ], [ -75.671520081866731, 1.492248386155583 ], [ -75.663547009038439, 1.496430160323268 ], [ -75.664578044939219, 1.488853378700276 ], [ -75.6605360038252, 1.485574711251811 ], [ -75.659648065171609, 1.481053888371209 ], [ -75.655726404689801, 1.481156858741035 ], [ -75.651196480071349, 1.478119699057558 ], [ -75.652957792082873, 1.47319116557888 ], [ -75.649422674280913, 1.474712758372489 ], [ -75.64997486912614, 1.463974521572651 ], [ -75.647306884979173, 1.463422041961296 ], [ -75.645945551759894, 1.466632440088775 ], [ -75.644078878061407, 1.466920789643287 ], [ -75.64016589531218, 1.46162882266386 ], [ -75.641434192638258, 1.458173445678389 ], [ -75.64042663781936, 1.455363894116485 ], [ -75.638843104340879, 1.454005493000678 ], [ -75.636134985231706, 1.45497268378672 ], [ -75.634562761551649, 1.453888776599445 ], [ -75.635119789336954, 1.447959891897949 ], [ -75.633501138889358, 1.441266754978026 ], [ -75.632195208411133, 1.440626150567057 ], [ -75.631086743959372, 1.441832302392229 ], [ -75.63326848582517, 1.446629718565816 ], [ -75.632209202377794, 1.448579331085619 ], [ -75.629224993032494, 1.44557219132626 ], [ -75.62690812018576, 1.438364337304664 ], [ -75.62253474329998, 1.440784089791261 ], [ -75.619931963419901, 1.440016282936356 ], [ -75.618511653060295, 1.436237399901417 ], [ -75.615337984379039, 1.436129684626513 ], [ -75.614347760770784, 1.430160518537242 ], [ -75.618553492128001, 1.429372460046466 ], [ -75.618650966600512, 1.427974413550645 ], [ -75.613145470806046, 1.427291420302609 ], [ -75.611703422995902, 1.424283695739511 ], [ -75.60741629342931, 1.424506432293404 ], [ -75.605360164886349, 1.421805739562696 ], [ -75.600229996296491, 1.422709385271498 ], [ -75.602171282325344, 1.413622231720026 ], [ -75.601758305798853, 1.408372949123714 ], [ -75.596735798584973, 1.394819016280514 ], [ -75.591382558369332, 1.393036486943464 ], [ -75.592840834258084, 1.386474965893963 ], [ -75.589193400904946, 1.384685595880567 ], [ -75.592856988674669, 1.382339374151818 ], [ -75.592241530823514, 1.377949663186362 ], [ -75.595055026891089, 1.376771866705753 ], [ -75.595362703714329, 1.374295362207589 ], [ -75.598516693885301, 1.375243761121136 ], [ -75.595295385709903, 1.36970036357824 ], [ -75.597812312631561, 1.369343533598389 ], [ -75.599698815757506, 1.373755777922396 ], [ -75.601975428776086, 1.373023516533335 ], [ -75.602376762228857, 1.371307107745434 ], [ -75.599721298810323, 1.367828337713016 ], [ -75.60304435205245, 1.362182845658362 ], [ -75.597185384183376, 1.361155918654986 ], [ -75.597658081655879, 1.355744099253214 ], [ -75.593957368282474, 1.354735717983617 ], [ -75.588002224007482, 1.349660368229551 ], [ -75.588593405767085, 1.344028862056658 ], [ -75.583928378913811, 1.345645964705708 ], [ -75.586039037932835, 1.340219176664376 ], [ -75.590861022150932, 1.339292487353544 ], [ -75.583890308281696, 1.332215245783421 ], [ -75.579316216160464, 1.331726959833394 ], [ -75.579501375257735, 1.3299486391068 ], [ -75.583958751876082, 1.327568726934833 ], [ -75.576368576361233, 1.326695429933782 ], [ -75.575808517657777, 1.321906687899415 ], [ -75.571083981861079, 1.322851818739406 ], [ -75.567899275571165, 1.321787847879155 ], [ -75.568635138309105, 1.217228476538647 ], [ -75.573094934092353, 1.218857286041782 ], [ -75.577289467042306, 1.227615941601753 ], [ -75.588947959414156, 1.224114297748997 ], [ -75.58981671991944, 1.230478325822573 ], [ -75.591626506858972, 1.232383074644658 ], [ -75.596738992098381, 1.231886379558632 ], [ -75.593383743210779, 1.22716525017633 ], [ -75.594391648372891, 1.222277341242149 ], [ -75.596538724224274, 1.222163293737714 ], [ -75.602198077294986, 1.225436774309639 ], [ -75.607875051732378, 1.218301626391814 ], [ -75.613894589094855, 1.220561537919258 ], [ -75.619073925214366, 1.217065922665203 ], [ -75.62243300721633, 1.220247572883992 ], [ -75.619143672265238, 1.223559610975222 ], [ -75.619998325616052, 1.227280144792706 ], [ -75.622705242778466, 1.227041958101966 ], [ -75.627513224046709, 1.229530226048199 ], [ -75.634710479736384, 1.22807223762065 ], [ -75.641101014420371, 1.232592546664479 ], [ -75.645081929622165, 1.232367460115951 ], [ -75.647341488111465, 1.229007847209356 ], [ -75.648148250439704, 1.231412294187961 ], [ -75.646851906789777, 1.233468761395927 ], [ -75.647932449783696, 1.234976341358258 ], [ -75.646422961798123, 1.235633340036163 ], [ -75.645958183879486, 1.23813278213514 ], [ -75.647610128612996, 1.237750952919331 ], [ -75.648215289067878, 1.239377876857201 ], [ -75.646229970283628, 1.240967512596239 ], [ -75.645692594059142, 1.245870929159503 ], [ -75.643968688824202, 1.24746069964592 ], [ -75.646302070922445, 1.250291183767263 ], [ -75.648384223679841, 1.250118381006581 ], [ -75.647313516347879, 1.252390244628406 ], [ -75.648832235428642, 1.256660898181119 ], [ -75.650970487121981, 1.257965747985187 ], [ -75.654500631846531, 1.256388924028967 ], [ -75.654428639903983, 1.257668638951347 ], [ -75.655569528173487, 1.2574659420308 ], [ -75.654201400990303, 1.260359586750154 ], [ -75.655329332848112, 1.262142290360481 ], [ -75.659772876298348, 1.263556052894736 ], [ -75.658522800414005, 1.267861085000767 ], [ -75.659388052096972, 1.271940036122444 ], [ -75.66070701803875, 1.272072327526481 ], [ -75.658815917331538, 1.27512116891122 ], [ -75.658492167838403, 1.280407454041912 ], [ -75.656077807942665, 1.284137725604875 ], [ -75.65896512672083, 1.284713436566272 ], [ -75.65826363714632, 1.285394779607852 ], [ -75.662218794035141, 1.288985096232947 ], [ -75.663036902094461, 1.29232249108989 ], [ -75.670711807672717, 1.295496284636988 ], [ -75.677639946753402, 1.295296818959042 ], [ -75.683939652706613, 1.292597250919942 ], [ -75.69048609911556, 1.295076680335053 ], [ -75.694348565962855, 1.294468815949025 ], [ -75.696742332862584, 1.295729016752968 ], [ -75.700112221606048, 1.29420884240036 ], [ -75.704572179984496, 1.295244748970432 ], [ -75.707046462048993, 1.30271420428934 ], [ -75.702619277831445, 1.312779153247202 ], [ -75.701894364667282, 1.321501630028507 ], [ -75.709253240880059, 1.322354107657989 ], [ -75.713440404045571, 1.320423500809802 ], [ -75.7184179568319, 1.320979084102919 ], [ -75.723270827848978, 1.322077749723757 ], [ -75.728287169920179, 1.327384694325826 ], [ -75.733206453439152, 1.328052319183695 ], [ -75.738702974158457, 1.326609115240934 ], [ -75.741972656650432, 1.322814486523089 ], [ -75.748007866033845, 1.335879370746015 ], [ -75.751066081346153, 1.336257489916705 ], [ -75.754562576949979, 1.334700745119727 ], [ -75.756720561950885, 1.335950733867334 ], [ -75.75649695942036, 1.339712869597117 ], [ -75.752646227274965, 1.347175156354331 ], [ -75.736605287720749, 1.418659943830407 ], [ -75.737076896434189, 1.421834226959699 ], [ -75.742346861858323, 1.424911420993997 ], [ -75.748708282120731, 1.423466103313643 ], [ -75.748266724772407, 1.426034555844353 ], [ -75.758401551037252, 1.427462772282986 ], [ -75.759784539062025, 1.435213965550683 ], [ -75.762869829618523, 1.435676244354134 ], [ -75.76564628362587, 1.442797762123302 ], [ -75.767911038873251, 1.442031586610295 ], [ -75.767346832644819, 1.443885035300618 ], [ -75.769815802068479, 1.446253448129441 ], [ -75.767800893653543, 1.449977966876709 ], [ -75.777230169955544, 1.456052508127728 ], [ -75.776150254884556, 1.456996484631651 ], [ -75.776932831851127, 1.463066009686115 ], [ -75.778200871360525, 1.461425502311982 ], [ -75.77973720012983, 1.462489074319981 ], [ -75.777647587756348, 1.464660445127526 ], [ -75.77926332227014, 1.470435274923217 ], [ -75.776342121707444, 1.470150183560828 ], [ -75.774321756921097, 1.474269822109081 ], [ -75.770133075601564, 1.474633386763961 ], [ -75.769121745160533, 1.478647335739906 ], [ -75.7694601201365, 1.481823749674773 ], [ -75.770798070190267, 1.481057055833399 ], [ -75.772813030707539, 1.486206328011181 ], [ -75.77179009222715, 1.489972313025017 ], [ -75.773712070750207, 1.493621982286515 ], [ -75.770871028720819, 1.496619386995411 ], [ -75.771243351058388, 1.501885755562059 ], [ -75.775828812266923, 1.505206422876825 ], [ -75.774582842585005, 1.509102156162092 ], [ -75.775892098629129, 1.51058872451318 ], [ -75.777277983722968, 1.509816657843851 ], [ -75.778692897898338, 1.512846143213708 ], [ -75.778276364938847, 1.517805055942848 ], [ -75.780797508555793, 1.518614942614098 ], [ -75.779610452233783, 1.519691314726726 ], [ -75.781314375327668, 1.522697501372875 ], [ -75.784041681568283, 1.523237391983773 ], [ -75.782916934240689, 1.525927921167303 ], [ -75.783985511665435, 1.527740647396684 ], [ -75.782398428042143, 1.528439398904006 ], [ -75.784376472263375, 1.529822088687797 ], [ -75.784181219687525, 1.528404598142156 ], [ -75.786445553624731, 1.528047141137785 ], [ -75.78687255915213, 1.529482713886185 ], [ -75.795125867046579, 1.531084482281077 ], [ -75.795927405667271, 1.532287043537188 ], [ -75.794446980899295, 1.533488228573144 ], [ -75.796352722360609, 1.536575314863279 ], [ -75.804125936048649, 1.536149391806653 ], [ -75.808548616109761, 1.533855521239415 ], [ -75.778891130188413, 1.582606190919321 ], [ -75.776408129967137, 1.579782251029991 ], [ -75.774007682291312, 1.583066854550619 ] ] ] ] } },
{ "type": "Feature", "properties": { "dpto_ccdgo": "18", "mpio_ccdgo": "592", "mpio_cdpmp": "18592", "dpto_cnmbr": "CAQUETÁ", "mpio_cnmbr": "PUERTO RICO", "mpio_crslc": "Decreto 1678 de Septiembretiembre 7 de 1967", "mpio_tipo": "MUNICIPIO", "mpio_narea": 4146.3971596199999, "mpio_nano": 2024, "shape_Leng": 4.2644495202400003, "shape_Area": 0.33696109612000003 }, "geometry": { "type": "MultiPolygon", "coordinates": [ [ [ [ -75.056210557925738, 2.628726374992822 ], [ -75.049378718320213, 2.62296810834757 ], [ -75.049342694950269, 2.610440305701478 ], [ -75.039330293884859, 2.605327899514038 ], [ -75.037276181163065, 2.602153363957957 ], [ -75.037578386343569, 2.59777585302208 ], [ -75.033746842227913, 2.593339350572844 ], [ -75.028742275282866, 2.590314203170927 ], [ -75.023775057622117, 2.589922054100915 ], [ -75.018845186550777, 2.591415954507202 ], [ -74.997305149008639, 2.586536007347681 ], [ -74.988383033174102, 2.577728885842899 ], [ -74.984896307655049, 2.571042892331794 ], [ -74.98090012467452, 2.568876735350308 ], [ -74.979935950433628, 2.566485931096843 ], [ -74.987697370130888, 2.559633229899072 ], [ -74.984376554593894, 2.551581730490941 ], [ -74.986492910733034, 2.547622893201649 ], [ -74.996228162447835, 2.539655427662036 ], [ -75.002004575076512, 2.526658494756301 ], [ -75.008328753852481, 2.524044173312375 ], [ -75.005838919243104, 2.513686463170158 ], [ -75.011391247843903, 2.50950354185294 ], [ -75.010021839662159, 2.497303359543647 ], [ -75.015627857017023, 2.489748318964434 ], [ -75.01196391081919, 2.4725544159776 ], [ -75.009623464363926, 2.470786632497678 ], [ -75.012163095324183, 2.465931455503613 ], [ -75.012415590392209, 2.45542460154918 ], [ -75.010768791212797, 2.450245505280185 ], [ -75.005963410569336, 2.449872029504908 ], [ -75.002900915679618, 2.452212470570143 ], [ -74.996701230924771, 2.449249570178817 ], [ -74.990318013922945, 2.441085402181355 ], [ -74.983169308619779, 2.435094407911655 ], [ -74.984266793853408, 2.431440585735233 ], [ -74.98883741488163, 2.429444151188885 ], [ -74.989709427290848, 2.42389953283449 ], [ -74.992479661358175, 2.41952721955504 ], [ -74.993184412718051, 2.412870530908473 ], [ -74.990775595432069, 2.407263908987141 ], [ -74.995245825155678, 2.404735804319583 ], [ -74.995463477241003, 2.401822615837381 ], [ -74.99747256905988, 2.399378220746286 ], [ -74.997037265787526, 2.393535112646359 ], [ -74.993729702208157, 2.390594025164123 ], [ -74.992875840273769, 2.387647357342946 ], [ -74.9943994021761, 2.385470838286418 ], [ -74.995554630263882, 2.37658060548362 ], [ -74.993560188182357, 2.370429855594767 ], [ -74.994916324643555, 2.367818035062545 ], [ -74.998469907330843, 2.366913941992396 ], [ -75.002437864324349, 2.360083030347553 ], [ -75.009532439800296, 2.354447789875079 ], [ -75.010461675837007, 2.349372055641678 ], [ -75.003279168699407, 2.352762398142008 ], [ -74.994677745388685, 2.347588987315048 ], [ -74.987218988114762, 2.346722566024653 ], [ -74.985224547829887, 2.342802742599202 ], [ -74.984465380978293, 2.333719450908206 ], [ -74.995295645761075, 2.322277043060703 ], [ -74.994967597825848, 2.310103721298058 ], [ -74.989169665139059, 2.298696666676719 ], [ -74.999102979362192, 2.291134542875916 ], [ -75.001848738810111, 2.285525825183317 ], [ -75.003891316256158, 2.284186429739131 ], [ -75.001603881224696, 2.282200359064477 ], [ -74.999164904775625, 2.2732842197266 ], [ -75.001816676115425, 2.272035625165426 ], [ -75.002055256268591, 2.263597435753582 ], [ -75.004215029816635, 2.261676244155415 ], [ -75.003989008121152, 2.258926297656712 ], [ -75.006851962772714, 2.256452603989267 ], [ -75.005332586124666, 2.251580553925748 ], [ -75.000134060178766, 2.245427710960628 ], [ -75.003047245966115, 2.242665209597538 ], [ -75.004133431282753, 2.239685988601132 ], [ -75.003120485669626, 2.237682285780015 ], [ -75.005505881162549, 2.23346197026265 ], [ -75.009243120064468, 2.2304759418276 ], [ -75.007065092735331, 2.229446327961103 ], [ -75.006299867640621, 2.222785451365363 ], [ -75.00764145497584, 2.212662555635601 ], [ -75.00346423796509, 2.211138022653781 ], [ -75.003433746425117, 2.206208705843561 ], [ -75.00503337682801, 2.204550348930536 ], [ -75.009171068833098, 2.20426125287539 ], [ -75.013970100178994, 2.20038569397085 ], [ -75.01801773331016, 2.187533888506557 ], [ -75.020800003913564, 2.187061282662301 ], [ -75.023955785326621, 2.181664439984869 ], [ -75.024336918347501, 2.178043676735597 ], [ -75.022476990103826, 2.17569589463198 ], [ -75.025794532177315, 2.167229523250611 ], [ -75.02391526588508, 2.160851751840564 ], [ -75.025888498725863, 2.158091578014258 ], [ -75.026268115389371, 2.150459421498029 ], [ -75.022063187126605, 2.149418593952879 ], [ -75.019211332067528, 2.146275309013839 ], [ -75.014359468961004, 2.147318871032852 ], [ -75.01303218461311, 2.144407076737078 ], [ -75.008947442946351, 2.142925460802126 ], [ -75.003910966020328, 2.138252528768222 ], [ -75.005351431896031, 2.135934071292123 ], [ -75.004061444730098, 2.128394145777933 ], [ -75.005856307047623, 2.124733542214096 ], [ -75.002622552704054, 2.120231956770625 ], [ -75.001146509023215, 2.11351108254757 ], [ -74.998732017973339, 2.111453278645347 ], [ -74.991996140076196, 2.112976050927848 ], [ -74.987633594186434, 2.109326876638438 ], [ -74.985265406834856, 2.109448631694148 ], [ -74.980995462951626, 2.105950367306221 ], [ -74.977714550611324, 2.105365177314329 ], [ -74.973925619911824, 2.107541303806801 ], [ -74.968437419395286, 2.108258504029772 ], [ -74.969296064862419, 2.10397496862563 ], [ -74.965562322206324, 2.102954614600431 ], [ -74.965118894564114, 2.096604089114673 ], [ -74.960982150282405, 2.085941689049934 ], [ -74.953407220986776, 2.09258520299403 ], [ -74.949276225029166, 2.094376163925057 ], [ -74.946792453154444, 2.098469789038611 ], [ -74.942100883758314, 2.098446793047322 ], [ -74.938517043991453, 2.094242013006861 ], [ -74.939632585376671, 2.08877974058522 ], [ -74.937223116811595, 2.083845569275352 ], [ -74.941359282577764, 2.08034958301682 ], [ -74.940969429603456, 2.075179211192853 ], [ -74.945021099766677, 2.069866277517984 ], [ -74.942030927399799, 2.065480224495312 ], [ -74.945343019390123, 2.063538877381048 ], [ -74.945427573383597, 2.060356431254239 ], [ -74.946854659740779, 2.059376444855175 ], [ -74.945239142619471, 2.055884849565202 ], [ -74.948090852151381, 2.05186067415994 ], [ -74.946488906788147, 2.048065200126746 ], [ -74.950848961647637, 2.045968793789424 ], [ -74.950269016922903, 2.044601591871794 ], [ -74.952027883718245, 2.045496046011249 ], [ -74.953767012714422, 2.041887587894579 ], [ -74.955455168565891, 2.041254938970141 ], [ -74.953591962367113, 2.03905242893677 ], [ -74.956578824439532, 2.033115917532392 ], [ -74.953638406202629, 2.032050238973453 ], [ -74.948521498553532, 2.032669372733703 ], [ -74.948600129949682, 2.034519591079659 ], [ -74.943762217690619, 2.036093950056777 ], [ -74.943544679691399, 2.037826990267069 ], [ -74.942288527597668, 2.037169179511473 ], [ -74.938975238152125, 2.040056047334895 ], [ -74.93495872538216, 2.040238966930377 ], [ -74.93216288930887, 2.033731935932798 ], [ -74.927528220146485, 2.028816060624872 ], [ -74.92273271558912, 2.026389327324653 ], [ -74.92411977388366, 2.021093105022338 ], [ -74.920613298887417, 2.019114735610768 ], [ -74.919651954341873, 2.016149999061506 ], [ -74.920517285974995, 2.013103769081396 ], [ -74.918178202265153, 2.010318997566374 ], [ -74.917366526148385, 2.006339282514881 ], [ -74.918780295869169, 2.004604954119423 ], [ -74.918896217260794, 1.999359298024781 ], [ -74.917525646658078, 1.997436694273806 ], [ -74.919360593632121, 1.995306196844256 ], [ -74.919707611306308, 1.985836028299942 ], [ -74.922965763014076, 1.974221194086082 ], [ -74.922273617722624, 1.971411896747619 ], [ -74.917430926422412, 1.962812047286775 ], [ -74.905856814669107, 1.957618219533745 ], [ -74.901598769879627, 1.953297121046012 ], [ -74.901237094383305, 1.948747588884388 ], [ -74.897208070766453, 1.940262787652 ], [ -74.899753100605835, 1.934223121723086 ], [ -74.895969760126775, 1.930025752789624 ], [ -74.889772692166446, 1.928190714187404 ], [ -74.878599337147023, 1.916792767592014 ], [ -74.883383480701923, 1.910469347893204 ], [ -74.883497696191398, 1.908242171000815 ], [ -74.881575090643764, 1.905539104919186 ], [ -74.876366450558066, 1.903729130231696 ], [ -74.876729319018068, 1.90010521119833 ], [ -74.87068142900597, 1.889887886287299 ], [ -74.869460372321669, 1.884565000169536 ], [ -74.8639948183515, 1.876789846119206 ], [ -74.861690680930678, 1.868739906187642 ], [ -74.85803282711197, 1.864345202381859 ], [ -74.858822023769164, 1.861096941133323 ], [ -74.855549418156897, 1.854010411874078 ], [ -74.859339434920514, 1.848087129071162 ], [ -74.857874195286172, 1.84146036333057 ], [ -74.856037025878379, 1.840713493526705 ], [ -74.856796197221513, 1.815581017537754 ], [ -74.853965928695914, 1.813871554529231 ], [ -74.848616291625774, 1.800559181553414 ], [ -74.843990225635764, 1.797337147538819 ], [ -74.835852538197059, 1.797717396616726 ], [ -74.833550923247515, 1.794936978341028 ], [ -74.833296370137589, 1.789803141927062 ], [ -74.843870640013165, 1.7848872226017 ], [ -74.844246829601161, 1.780368679647137 ], [ -74.843086993152269, 1.778536600996107 ], [ -74.845681714239504, 1.774297068702892 ], [ -74.847469009143026, 1.774216647861308 ], [ -74.850509388391117, 1.766640570518101 ], [ -74.848698397708176, 1.764128555588409 ], [ -74.849642971592289, 1.762760806596357 ], [ -74.846717222855659, 1.759883754671849 ], [ -74.847036773619834, 1.756373715157767 ], [ -74.844323321208549, 1.75074928681669 ], [ -74.839982076187766, 1.748823845285529 ], [ -74.839099893943114, 1.745723419002775 ], [ -74.834950981971247, 1.743114795577202 ], [ -74.835434513134658, 1.739324750965944 ], [ -74.832024589142065, 1.73848273961624 ], [ -74.828670616761485, 1.734819837261747 ], [ -74.825092077957379, 1.735265046264595 ], [ -74.820169965641298, 1.732611992129614 ], [ -74.814984579363568, 1.733703102014587 ], [ -74.815511624055716, 1.732147730742762 ], [ -74.812514063938011, 1.727770454267339 ], [ -74.814147268901422, 1.725817500910368 ], [ -74.812385150202147, 1.725131509083535 ], [ -74.81263141544872, 1.72279775867583 ], [ -74.815178319175288, 1.723584804764446 ], [ -74.814053014891726, 1.721853006925166 ], [ -74.815283925204199, 1.719976732025303 ], [ -74.813172043577083, 1.718630519261036 ], [ -74.814244110061168, 1.717953003045626 ], [ -74.813501923178592, 1.715308632931476 ], [ -74.809154762746971, 1.714773171916744 ], [ -74.807287312005087, 1.711065920599643 ], [ -74.805261823224328, 1.711789261710831 ], [ -74.8058793705585, 1.710087887139506 ], [ -74.802788424204437, 1.710101028604267 ], [ -74.802338461313298, 1.708541224142968 ], [ -74.803550892367355, 1.708078990255304 ], [ -74.799836504827795, 1.706776430258703 ], [ -74.802698638418576, 1.705270398094864 ], [ -74.801361645071324, 1.703251552360962 ], [ -74.802975774294453, 1.699961411620525 ], [ -74.801677597181595, 1.696021375186747 ], [ -74.804859577082482, 1.691126921122154 ], [ -74.803256077632568, 1.691684901122417 ], [ -74.803364463949549, 1.688716502138836 ], [ -74.800214595252442, 1.687564040864365 ], [ -74.795272513371685, 1.681674526658179 ], [ -74.796783303915447, 1.674168800932489 ], [ -74.79811629167159, 1.673610929628499 ], [ -74.79484689304752, 1.668092402862315 ], [ -74.797866664028277, 1.666071901532057 ], [ -74.799310385401157, 1.661636246194772 ], [ -74.795176786123761, 1.650451170846909 ], [ -74.801738742856742, 1.642653634355125 ], [ -74.802053803837566, 1.634107036168439 ], [ -74.807844330807256, 1.624787206196562 ], [ -74.807401641580725, 1.621887910171294 ], [ -74.803488798070475, 1.619757678643326 ], [ -74.802460198402684, 1.61666037760196 ], [ -74.804058737351625, 1.614119562661306 ], [ -74.811040077400833, 1.612420627017971 ], [ -74.812766791669901, 1.608438277205627 ], [ -74.810561161785017, 1.603016099322043 ], [ -74.802291298825025, 1.596439290730827 ], [ -74.798796360901122, 1.58555206013759 ], [ -74.794940431099349, 1.583145284723969 ], [ -74.786038890294435, 1.584539753227097 ], [ -74.782257883640341, 1.580983500744774 ], [ -74.782385362765581, 1.576667380724339 ], [ -74.788931934040477, 1.56502098687278 ], [ -74.79268106125636, 1.554298285549899 ], [ -74.794831538132144, 1.552871690571609 ], [ -74.801677554960747, 1.553356147898804 ], [ -74.804372222686141, 1.548942216537329 ], [ -74.803241817764388, 1.546827657928587 ], [ -74.793643955396988, 1.544124972732991 ], [ -74.790825259876385, 1.540754301556404 ], [ -74.791740388758626, 1.535642196304845 ], [ -74.797151042146481, 1.523885517096303 ], [ -74.795353386964507, 1.512762255770708 ], [ -74.801613375672446, 1.504811036275969 ], [ -74.798405064332997, 1.493604286359632 ], [ -74.80260743688666, 1.486390985848118 ], [ -74.800210866342695, 1.482351324373342 ], [ -74.793229750872513, 1.483781067949198 ], [ -74.790707520293211, 1.480366539188849 ], [ -74.794324301307768, 1.476273866290276 ], [ -74.804860777232648, 1.477647528896573 ], [ -74.808110272767465, 1.476266767797248 ], [ -74.808786536730338, 1.474587163015873 ], [ -74.807519647963773, 1.470524552262255 ], [ -74.79623034190837, 1.460906389750151 ], [ -74.797223854251513, 1.448091550887521 ], [ -74.794039031180489, 1.440079688774619 ], [ -74.802161233447976, 1.437606420010653 ], [ -74.804943628019032, 1.435282183667688 ], [ -74.803514763894441, 1.429700050738848 ], [ -74.799250901610549, 1.423650335348806 ], [ -74.79856479929083, 1.418634781999242 ], [ -74.801618890434384, 1.415092995997741 ], [ -74.808102063057504, 1.414084568914059 ], [ -74.813069466669674, 1.410588561095943 ], [ -74.813202281791973, 1.407023156570115 ], [ -74.809564022940151, 1.402340274788214 ], [ -74.810886332414043, 1.398078431020519 ], [ -74.813750312942489, 1.397134220056088 ], [ -74.816924562834174, 1.398784477752019 ], [ -74.820802843636329, 1.407342235718362 ], [ -74.824066512800982, 1.408210758169919 ], [ -74.826121232784431, 1.405263092319618 ], [ -74.823305792761062, 1.396942953308316 ], [ -74.823832237378099, 1.393410449606046 ], [ -74.827062926667452, 1.391447798029507 ], [ -74.835520311295795, 1.393070307642581 ], [ -74.837299418947282, 1.387930165948604 ], [ -74.853331663700942, 1.394632967850393 ], [ -74.859585429773972, 1.392869183673336 ], [ -74.86633858588101, 1.388058698798544 ], [ -74.869914510585602, 1.387884895313793 ], [ -74.874317937938201, 1.391905563693442 ], [ -74.875002844599351, 1.394428275770015 ], [ -74.871104976016795, 1.406446295764246 ], [ -74.876258443330414, 1.412285780057401 ], [ -74.882676062241785, 1.41050535098316 ], [ -74.88608687916053, 1.411704893897494 ], [ -74.889237806972233, 1.410911955754198 ], [ -74.906449133696754, 1.403289993327985 ], [ -74.910053220607949, 1.400357340134738 ], [ -74.911635714734814, 1.402713612222872 ], [ -74.911469551427672, 1.406005731055105 ], [ -74.90645244039797, 1.41533580721927 ], [ -74.906725241899153, 1.41748782560523 ], [ -74.92426153264006, 1.420425266822759 ], [ -74.928667724110994, 1.422819182842877 ], [ -74.928984448773008, 1.426891752327742 ], [ -74.921002095442077, 1.429952760504346 ], [ -74.91785014983833, 1.432650550776098 ], [ -74.91631509038956, 1.439980461687576 ], [ -74.918375169726232, 1.443363401165755 ], [ -74.927207728845474, 1.441983315600041 ], [ -74.932581382393892, 1.444705652356457 ], [ -74.928483119274688, 1.448750501606172 ], [ -74.919288065394937, 1.45028957562914 ], [ -74.918336702038459, 1.453764668854145 ], [ -74.920805223202478, 1.455806673174535 ], [ -74.928807128381152, 1.456433297093576 ], [ -74.933402993885579, 1.46169594753032 ], [ -74.931285727752311, 1.464400863244561 ], [ -74.922060520997718, 1.465592226991761 ], [ -74.920469467715975, 1.468627746350209 ], [ -74.922697048850694, 1.470474307651739 ], [ -74.929365762355417, 1.470392394707246 ], [ -74.932478355430135, 1.472038397080338 ], [ -74.93356705423497, 1.475674623941253 ], [ -74.930190366137708, 1.481682762571819 ], [ -74.938728756411422, 1.485432875240268 ], [ -74.932656974786937, 1.504889257141674 ], [ -74.933044316069754, 1.511584565291368 ], [ -74.935515745980922, 1.513006487229837 ], [ -74.942968588742303, 1.511391256671314 ], [ -74.94639281931552, 1.514721417389555 ], [ -74.942527194887475, 1.515937429131152 ], [ -74.94003700723988, 1.518824509855405 ], [ -74.939633770255512, 1.521172241653336 ], [ -74.942897770898753, 1.525350493523969 ], [ -74.939660934432993, 1.531926691260341 ], [ -74.939765874809837, 1.534525550889272 ], [ -74.942952863720734, 1.536637420838243 ], [ -74.94904184180831, 1.529144078398601 ], [ -74.954872237838742, 1.530127126258641 ], [ -74.960044156563015, 1.537971601558021 ], [ -74.960466282437949, 1.547972217615516 ], [ -74.962521021286022, 1.5537863469396 ], [ -74.972338215589673, 1.55842581400761 ], [ -74.974733801579305, 1.561150872661508 ], [ -74.978909516605711, 1.577568344061554 ], [ -74.970414805150938, 1.587654865179803 ], [ -74.972795067666198, 1.588578343010952 ], [ -74.977953741619388, 1.585075775689338 ], [ -74.984140339706755, 1.583267385631296 ], [ -74.98696893017808, 1.585860731396646 ], [ -74.985949557113884, 1.588366692574819 ], [ -74.981407425279315, 1.589810239674309 ], [ -74.97933021236156, 1.592248776846799 ], [ -74.979869202859902, 1.596354812195856 ], [ -74.983000521331633, 1.600252545132551 ], [ -74.982541341718331, 1.603825930297716 ], [ -74.978749166301384, 1.610165538549116 ], [ -74.979527028007283, 1.613222885189744 ], [ -74.983759628894347, 1.613648345613643 ], [ -74.98923359469552, 1.61046160284145 ], [ -74.992779091640557, 1.611373681940824 ], [ -74.993543971781889, 1.615171198744599 ], [ -74.990469434966201, 1.625044541391203 ], [ -74.990947765778344, 1.627717189594709 ], [ -74.993151570285136, 1.629136565705625 ], [ -74.997417839157549, 1.629108676587087 ], [ -75.007619932222838, 1.624203272050478 ], [ -75.014464851309299, 1.62567253075055 ], [ -75.014262210084325, 1.629650091640254 ], [ -75.008332321065325, 1.631369696636513 ], [ -75.006376483215604, 1.633396776334838 ], [ -75.010729638109922, 1.645941364015388 ], [ -75.012939356230902, 1.647251980109889 ], [ -75.017527275232055, 1.646323583100315 ], [ -75.022683239864136, 1.647320665351219 ], [ -75.03262946827806, 1.657317098849428 ], [ -75.033508816335711, 1.660602580923073 ], [ -75.031898107001609, 1.663144999357745 ], [ -75.024265248900406, 1.66414339494668 ], [ -75.02216127874226, 1.666808365243329 ], [ -75.029135178938304, 1.67038688069115 ], [ -75.031150867091526, 1.673578101568608 ], [ -75.031074282957604, 1.676444274886303 ], [ -75.028319399314057, 1.680611992205259 ], [ -75.027726805401755, 1.690024393640897 ], [ -75.030617423694537, 1.694647147539703 ], [ -75.034913939765033, 1.717343242314556 ], [ -75.03883220101909, 1.722806189371518 ], [ -75.045196422230788, 1.724302713758797 ], [ -75.046243909890791, 1.727762601188895 ], [ -75.050235586019994, 1.728903616120902 ], [ -75.050961156751498, 1.731572476125845 ], [ -75.052549713613018, 1.731012128164663 ], [ -75.05472275439007, 1.732537288171069 ], [ -75.055309002598221, 1.729787339875772 ], [ -75.053969151707804, 1.727708933994404 ], [ -75.056232490310833, 1.727875640782778 ], [ -75.059581636039525, 1.724360783599997 ], [ -75.060487674862202, 1.726510019002938 ], [ -75.064412038376815, 1.726440765127562 ], [ -75.065556204601421, 1.724335188780519 ], [ -75.067465736057954, 1.724986455304061 ], [ -75.068882806191766, 1.72224457568304 ], [ -75.071780740370059, 1.722514843034796 ], [ -75.07320794979654, 1.719715263678769 ], [ -75.074653000677074, 1.721590221647418 ], [ -75.076542691926477, 1.719837527181358 ], [ -75.076132613367406, 1.721683934870823 ], [ -75.07966642771288, 1.723549579997473 ], [ -75.087073589309, 1.719534049087084 ], [ -75.089777168329135, 1.719325520299043 ], [ -75.092103830125325, 1.721352192161921 ], [ -75.093650418561708, 1.719976630515628 ], [ -75.09963979406615, 1.719934187779566 ], [ -75.104195488675714, 1.714877482574003 ], [ -75.112644905241154, 1.715062379363054 ], [ -75.112910967575715, 1.717225173049384 ], [ -75.116260957721465, 1.715334279853289 ], [ -75.117233330892475, 1.717682762643394 ], [ -75.123037320924084, 1.71485624997704 ], [ -75.127877683789166, 1.710080694323288 ], [ -75.131334294162627, 1.710294254579216 ], [ -75.132368181318384, 1.712282997743964 ], [ -75.137519744202109, 1.710009887259527 ], [ -75.142520257047067, 1.71361437212456 ], [ -75.144259298008308, 1.713111487641287 ], [ -75.144298011834621, 1.710977912581079 ], [ -75.146579844967505, 1.711214087942363 ], [ -75.147063649218978, 1.709451823715924 ], [ -75.153657410829965, 1.709548221107569 ], [ -75.157151429776604, 1.710540098515546 ], [ -75.161097510978891, 1.716528608043216 ], [ -75.166408885177304, 1.716869538728159 ], [ -75.168131678297073, 1.711414409715395 ], [ -75.17039716387535, 1.712870518865874 ], [ -75.177598733278501, 1.710522495115252 ], [ -75.180557026207111, 1.712198957587203 ], [ -75.184573115870251, 1.711840328280428 ], [ -75.186119761798807, 1.713001825715579 ], [ -75.185324794359644, 1.716879926854435 ], [ -75.186442907623587, 1.720355559967368 ], [ -75.191052158036427, 1.719534223360368 ], [ -75.192277434110963, 1.721348218910283 ], [ -75.194412029658167, 1.72146107794264 ], [ -75.192954223588686, 1.723096078639622 ], [ -75.194508047960426, 1.725716922756042 ], [ -75.192520734016398, 1.724651316062364 ], [ -75.191967538447159, 1.72566170327158 ], [ -75.195105923970857, 1.728190143909268 ], [ -75.196637524903053, 1.73519865891557 ], [ -75.195631900565274, 1.739352141519102 ], [ -75.201484514645301, 1.742048502570124 ], [ -75.204013284066775, 1.741179892981924 ], [ -75.207224392762271, 1.745994773316887 ], [ -75.210372683118237, 1.7470202145056 ], [ -75.211897870972507, 1.749291173523243 ], [ -75.214657322552853, 1.74894629024788 ], [ -75.220639445053962, 1.757828269323269 ], [ -75.218680823322984, 1.759461170655799 ], [ -75.221746137128264, 1.762357272269362 ], [ -75.227035140563373, 1.762711116246801 ], [ -75.228091635637952, 1.766524464971707 ], [ -75.2330919921759, 1.771768957747135 ], [ -75.233380648954494, 1.773732720540552 ], [ -75.245413175854196, 1.775919121971433 ], [ -75.250140392225831, 1.778599894544855 ], [ -75.253721350194951, 1.783089933034439 ], [ -75.253661453179006, 1.785836530611078 ], [ -75.260748707379548, 1.794072263851026 ], [ -75.269792813628555, 1.793646755816382 ], [ -75.278988537652083, 1.791273243247555 ], [ -75.281613179848648, 1.797173898368782 ], [ -75.289956049848286, 1.800203696352597 ], [ -75.29862521606691, 1.79590873796222 ], [ -75.31562930039189, 1.80145957715487 ], [ -75.318413762886337, 1.80440626653568 ], [ -75.326669904069433, 1.804624634578868 ], [ -75.325219140797458, 1.806939994661397 ], [ -75.31943075002323, 1.810369065361118 ], [ -75.31966766020696, 1.815811457151378 ], [ -75.317218783417275, 1.818885571758436 ], [ -75.319194384218974, 1.822485069173032 ], [ -75.317844031116181, 1.828055818641534 ], [ -75.323074299057964, 1.839093477638909 ], [ -75.315239207567231, 1.844212665213812 ], [ -75.311639216977028, 1.866704917715241 ], [ -75.305781474410935, 1.871123029839351 ], [ -75.304158188652821, 1.893338196770534 ], [ -75.299107601877381, 1.909010597693695 ], [ -75.30121768058433, 1.912460599156204 ], [ -75.299840590902477, 1.914553544282001 ], [ -75.300973023323422, 1.918035450335599 ], [ -75.29848827228426, 1.933196770540249 ], [ -75.302654625959633, 1.94137120359468 ], [ -75.303934437001885, 1.9503128811581 ], [ -75.30113542717811, 1.955996754662183 ], [ -75.300012374972823, 1.963824691964047 ], [ -75.301972426822886, 1.970219933823661 ], [ -75.294593952948219, 1.975850401543231 ], [ -75.297104986916906, 1.990431247915018 ], [ -75.292143177118533, 1.997453323899609 ], [ -75.291063592627836, 2.001933499777829 ], [ -75.283333285206936, 2.002565866631074 ], [ -75.291445125399321, 2.009517797610842 ], [ -75.296475079652907, 2.016032925130521 ], [ -75.297583132675925, 2.025017676946167 ], [ -75.295627285843011, 2.044945434897185 ], [ -75.297530706954149, 2.048830991160532 ], [ -75.297455661635524, 2.054242621915943 ], [ -75.294045656794481, 2.057625975517805 ], [ -75.290820454419247, 2.064619471578861 ], [ -75.276936982435871, 2.078173461914237 ], [ -75.276883146357989, 2.081583649113345 ], [ -75.274666525576833, 2.083569194273146 ], [ -75.274965706127375, 2.087939337221181 ], [ -75.270429794232768, 2.093822224550206 ], [ -75.267468138009008, 2.107323974216936 ], [ -75.268538892053414, 2.116663360528098 ], [ -75.261459999378246, 2.133022152130399 ], [ -75.256701075146736, 2.139030288964372 ], [ -75.258426176938599, 2.148726597781919 ], [ -75.262233321893348, 2.1556865219774 ], [ -75.256403642719135, 2.163895657877202 ], [ -75.259080528279299, 2.174960152268417 ], [ -75.261757430907494, 2.179421645868833 ], [ -75.261876403878546, 2.186262592601668 ], [ -75.258604638191798, 2.19137843664446 ], [ -75.258366694944641, 2.201372166211459 ], [ -75.262471263343855, 2.212496149783168 ], [ -75.274190115364377, 2.218385316341038 ], [ -75.277699812620142, 2.228617000833271 ], [ -75.277818787387787, 2.23878918895857 ], [ -75.283767440431404, 2.248188068043477 ], [ -75.282696682793699, 2.254255694057884 ], [ -75.286265879111454, 2.256992066103511 ], [ -75.287753034961213, 2.260144857022454 ], [ -75.286682283611754, 2.27019807397336 ], [ -75.288585846656815, 2.271566263140269 ], [ -75.299437652158986, 2.272898684957324 ], [ -75.305378690177804, 2.272121266121252 ], [ -75.307970092885739, 2.269984556836578 ], [ -75.313908727909336, 2.271107497650671 ], [ -75.314772527913647, 2.272986264479107 ], [ -75.312685006819777, 2.278118683350363 ], [ -75.313620794275096, 2.280069434036567 ], [ -75.312368280361113, 2.287652890147403 ], [ -75.314391013108434, 2.28991196983423 ], [ -75.319602614043731, 2.290567022759744 ], [ -75.322402771915336, 2.293863861344252 ], [ -75.328296616903117, 2.293845868074786 ], [ -75.332510047726771, 2.296132941084823 ], [ -75.33141589704212, 2.302071571616569 ], [ -75.332877163424769, 2.311522996797595 ], [ -75.345539048717455, 2.319585143046973 ], [ -75.348710470710387, 2.323499110350409 ], [ -75.343417696144741, 2.330684853221972 ], [ -75.3337042447626, 2.358379840279569 ], [ -75.329624099778812, 2.365308384500582 ], [ -75.32554396108327, 2.36492346777268 ], [ -75.316382878819695, 2.358841741790337 ], [ -75.310147186864583, 2.361613165227959 ], [ -75.30387387433376, 2.371232910572861 ], [ -75.301651291429323, 2.378861416332791 ], [ -75.29436549412145, 2.382090873132511 ], [ -75.289823447626873, 2.389173376139434 ], [ -75.286282193428349, 2.3964098612886 ], [ -75.287898855004244, 2.402953487883424 ], [ -75.287129017056884, 2.409728069725164 ], [ -75.280970301799869, 2.418273274623723 ], [ -75.279544638375228, 2.422712472919329 ], [ -75.276143648135246, 2.424695236892766 ], [ -75.270535356244238, 2.422461940671733 ], [ -75.26871404391045, 2.425162223770405 ], [ -75.267995677673298, 2.430487220032462 ], [ -75.262932873800253, 2.434057516787187 ], [ -75.259525020425997, 2.4411276490845 ], [ -75.250589919433708, 2.44445409796102 ], [ -75.250349593852548, 2.446838502611345 ], [ -75.253344526395892, 2.452963432203406 ], [ -75.247884594985578, 2.457884378505114 ], [ -75.245823787114603, 2.462253536000509 ], [ -75.23695903863819, 2.471780123281219 ], [ -75.231097967811309, 2.480913321815898 ], [ -75.230379161399298, 2.486317645668993 ], [ -75.226572577892057, 2.495612616542183 ], [ -75.227277428066714, 2.500224039981292 ], [ -75.225693513702254, 2.502527005099631 ], [ -75.227900781217215, 2.506584128939181 ], [ -75.227499015674425, 2.511273472308113 ], [ -75.214063848290834, 2.510777339567828 ], [ -75.205689425840035, 2.508539615547277 ], [ -75.201180549663775, 2.511315235018961 ], [ -75.194461807144364, 2.511941423254735 ], [ -75.184353586304439, 2.506362566484293 ], [ -75.181112233105864, 2.507073242238178 ], [ -75.172631453633926, 2.523832734878831 ], [ -75.181160574184787, 2.528296592846912 ], [ -75.181393633287826, 2.531079013468992 ], [ -75.179729290895239, 2.534256079581242 ], [ -75.176248673925045, 2.53639711605412 ], [ -75.171018216438597, 2.546086844706949 ], [ -75.170458188277905, 2.550696281969353 ], [ -75.162467363827091, 2.556327926482923 ], [ -75.161985607736085, 2.561414375829538 ], [ -75.157556351103494, 2.563633337622122 ], [ -75.156439060697039, 2.570864944915367 ], [ -75.154221794026682, 2.573723110644258 ], [ -75.154927626060726, 2.577380564712238 ], [ -75.153656129831347, 2.58198885572347 ], [ -75.142740579825841, 2.587695195212388 ], [ -75.132691700842656, 2.595151387793825 ], [ -75.134372406959471, 2.599054158486644 ], [ -75.133243810347835, 2.601295783893642 ], [ -75.126748684731979, 2.606163449276779 ], [ -75.120205167731513, 2.606817799719159 ], [ -75.118004169563903, 2.608602394284708 ], [ -75.103691825352428, 2.626188835312314 ], [ -75.093297673224697, 2.624139281544311 ], [ -75.086801696903592, 2.626445972877451 ], [ -75.074638493771999, 2.625199136320644 ], [ -75.06928864469927, 2.62716481162885 ], [ -75.056210557925738, 2.628726374992822 ] ] ] ] } },
{ "type": "Feature", "properties": { "dpto_ccdgo": "18", "mpio_ccdgo": "610", "mpio_cdpmp": "18610", "dpto_cnmbr": "CAQUETÁ", "mpio_cnmbr": "SAN JOSÉ DEL FRAGUA", "mpio_crslc": "Ordenanza 3 de Noviembre 12 de 1985", "mpio_tipo": "MUNICIPIO", "mpio_narea": 1310.11696987, "mpio_nano": 2024, "shape_Leng": 2.1195421936300001, "shape_Area": 0.10632726021 }, "geometry": { "type": "MultiPolygon", "coordinates": [ [ [ [ -76.169746814701057, 1.587981578217417 ], [ -76.152739907867158, 1.582955760709237 ], [ -76.14510107057464, 1.575343632148277 ], [ -76.137296437386226, 1.574696417029877 ], [ -76.124378134079564, 1.566068916504249 ], [ -76.12330894579992, 1.557398057858557 ], [ -76.120006249296694, 1.552144209121987 ], [ -76.113819652107622, 1.556998309933483 ], [ -76.098630803008689, 1.564047610282788 ], [ -76.095893989889817, 1.554492117888148 ], [ -76.097783781750593, 1.548158998173176 ], [ -76.096848343740191, 1.536328464813042 ], [ -76.099668412785945, 1.528308465753739 ], [ -76.102434219952045, 1.524850250089726 ], [ -76.102333531304851, 1.519019245001293 ], [ -76.097525656037874, 1.51128124799565 ], [ -76.089150788022323, 1.504716245073289 ], [ -76.082774684784908, 1.506016229597926 ], [ -76.077131108838046, 1.504303553313015 ], [ -76.07433511196615, 1.504912271997583 ], [ -76.068402651966835, 1.510720930577174 ], [ -76.063342002255524, 1.513394833728188 ], [ -76.059194188924096, 1.518824458651423 ], [ -76.055537987108494, 1.518859281871138 ], [ -76.053413263155846, 1.523700039995128 ], [ -76.046321388916112, 1.529538355579177 ], [ -76.035674270104494, 1.527162594525427 ], [ -76.025409426073395, 1.529122622120966 ], [ -76.023657521226994, 1.522656626198226 ], [ -76.015654688986217, 1.517690485618568 ], [ -76.013039788128367, 1.512228011075824 ], [ -76.012892500237001, 1.50634288424501 ], [ -76.007171733792916, 1.502329810228829 ], [ -76.003435631260743, 1.494869872567964 ], [ -76.003177876552513, 1.491871273997096 ], [ -76.014404570881027, 1.473529690573538 ], [ -76.01195985059951, 1.468170112738764 ], [ -76.005299553417331, 1.464628405789068 ], [ -75.9989805606196, 1.456467477119038 ], [ -75.999200258170447, 1.451353291367656 ], [ -75.993564281977001, 1.443901301108415 ], [ -75.998791380659895, 1.436390915817582 ], [ -75.995352584791021, 1.431274777127214 ], [ -75.996323941068397, 1.428998924084012 ], [ -75.995119095394614, 1.420759200524399 ], [ -75.992462157839554, 1.417345047260198 ], [ -75.984640120676943, 1.414140701087652 ], [ -75.981017113434177, 1.411073684075268 ], [ -75.981495856573304, 1.404829026028453 ], [ -75.98043441806584, 1.403329848913992 ], [ -75.969067572966537, 1.39899825989202 ], [ -75.965827941839734, 1.393541336043868 ], [ -75.962371826438414, 1.394723891802649 ], [ -75.959003447764189, 1.393621445169785 ], [ -75.956197892810053, 1.382978411899666 ], [ -75.94864463808284, 1.382503509959759 ], [ -75.945808411027201, 1.379419327026941 ], [ -75.942238807772299, 1.378959656034809 ], [ -75.940924644227891, 1.376403808674223 ], [ -75.934701920362613, 1.376480102652104 ], [ -75.930481911170887, 1.374126433883761 ], [ -75.923501968003109, 1.368944168355941 ], [ -75.922391891074142, 1.365703583217676 ], [ -75.917345999796396, 1.363801956941988 ], [ -75.918144226326035, 1.359045028768763 ], [ -75.919467926393054, 1.358388900559031 ], [ -75.917304992569314, 1.358091354045337 ], [ -75.916098593707261, 1.359766005512281 ], [ -75.913369178220648, 1.357616424257604 ], [ -75.906522938609669, 1.359346175733013 ], [ -75.947607039983666, 1.324892044394153 ], [ -75.958630438214868, 1.296991969997108 ], [ -75.96181678842305, 1.293447495335833 ], [ -75.964025497735236, 1.293628692859542 ], [ -75.964427947794832, 1.28726386977635 ], [ -75.966848373120172, 1.284105300888843 ], [ -75.96859359719042, 1.27557945290347 ], [ -75.969972611065202, 1.273817062014484 ], [ -75.971668242702378, 1.274076460640971 ], [ -75.990494476591664, 1.255317261787119 ], [ -75.981069819430502, 1.255310745402877 ], [ -75.977201461426887, 1.250051497787121 ], [ -75.978721507320358, 1.245260110212183 ], [ -75.973721503820627, 1.2361831669204 ], [ -75.976821898662365, 1.234975814945056 ], [ -75.978955268008235, 1.232408523936966 ], [ -75.978555679085105, 1.231006621868856 ], [ -75.981154440797695, 1.229265212946699 ], [ -75.981020925887265, 1.224067687725041 ], [ -75.975900045884828, 1.216855606228321 ], [ -75.97356033335376, 1.217468262231865 ], [ -75.973411307220942, 1.214928244097523 ], [ -75.969258972665102, 1.213023468325926 ], [ -75.966690062891473, 1.208351136367134 ], [ -75.963262557956398, 1.206741332535558 ], [ -75.963769913358476, 1.203876495013773 ], [ -75.962256432358345, 1.203744889024779 ], [ -75.959205626356379, 1.198808669554447 ], [ -75.957960129188734, 1.198751449520197 ], [ -75.958836555024448, 1.194383620634212 ], [ -75.955471038384985, 1.187034607032983 ], [ -75.955088615382294, 1.184755326015924 ], [ -75.956748962065262, 1.183938979554354 ], [ -75.955641474981348, 1.181939335324922 ], [ -75.949598311908005, 1.177350998607048 ], [ -75.939221382294647, 1.174974441645334 ], [ -75.935568103599337, 1.171246643146312 ], [ -75.995036534764324, 1.158725177221294 ], [ -76.02562047014618, 1.15868793034502 ], [ -76.027822785245064, 1.154656337544524 ], [ -76.027616501348746, 1.143404007074353 ], [ -76.030658722144665, 1.142015457575305 ], [ -76.022655486559984, 1.135469436968344 ], [ -76.022607803946698, 1.132728576936012 ], [ -76.020179748325234, 1.132551193662046 ], [ -76.022248268239082, 1.131277084231489 ], [ -76.020690917977049, 1.129230500296105 ], [ -76.021923065270641, 1.127357482690065 ], [ -76.016906737572526, 1.126585006388638 ], [ -76.015323638878954, 1.121980667069532 ], [ -76.019881247799901, 1.118051529903793 ], [ -76.017862320319182, 1.116390229209201 ], [ -76.016370771704146, 1.117513656910592 ], [ -76.017194746665268, 1.114374161068415 ], [ -76.018865584780826, 1.115201950279192 ], [ -76.021162985729973, 1.113029479932857 ], [ -76.022455215092634, 1.115251540915675 ], [ -76.024047852105468, 1.112035751095615 ], [ -76.02597808794917, 1.113376617083086 ], [ -76.02957725478359, 1.111104964565503 ], [ -76.030638217183593, 1.113597869618902 ], [ -76.031377791763248, 1.11271858174846 ], [ -76.033487319802475, 1.114561080865057 ], [ -76.036133765925001, 1.114408492909294 ], [ -76.037457465992077, 1.11756706179675 ], [ -76.038899422173984, 1.117231369192438 ], [ -76.042810440306141, 1.120309829852322 ], [ -76.045344351688414, 1.118673325374294 ], [ -76.048137665290426, 1.120845794822338 ], [ -76.05249786388049, 1.119783401404987 ], [ -76.057120323131755, 1.122640609529008 ], [ -76.058305740027038, 1.121709823897181 ], [ -76.061214446810823, 1.124601363862137 ], [ -76.072788237865325, 1.125238419026593 ], [ -76.074264525888168, 1.128223418889807 ], [ -76.079201699370287, 1.129390716751337 ], [ -76.078065872213131, 1.131452560380567 ], [ -76.080426216367755, 1.13220024136378 ], [ -76.079782485817134, 1.136312484974715 ], [ -76.082293509904332, 1.139446257645719 ], [ -76.092116356412248, 1.140577315643124 ], [ -76.096784592050312, 1.146528244120989 ], [ -76.0998950659976, 1.147352515526305 ], [ -76.118727684218698, 1.115549088327723 ], [ -76.12459659644594, 1.114017487395579 ], [ -76.127622604434634, 1.110496520765644 ], [ -76.136900427354021, 1.11287114005975 ], [ -76.135224342174695, 1.110279084276218 ], [ -76.137498855828824, 1.107370376594167 ], [ -76.132740973643877, 1.101455688878733 ], [ -76.138107792804135, 1.099941408377389 ], [ -76.138999891559138, 1.097513318619993 ], [ -76.143010277813914, 1.099602027287583 ], [ -76.143977625805235, 1.103609748238672 ], [ -76.146248731248477, 1.099914071723221 ], [ -76.148191895656055, 1.099789073746768 ], [ -76.147744917868977, 1.10400569628704 ], [ -76.152908632273238, 1.104497777622118 ], [ -76.152152498136445, 1.109198791912524 ], [ -76.156335629659736, 1.110061401648128 ], [ -76.156381874967451, 1.114224357892208 ], [ -76.159720857148898, 1.116211179559033 ], [ -76.163132414279971, 1.114100868188346 ], [ -76.162605291434375, 1.108430479305754 ], [ -76.16484015072524, 1.106666705908485 ], [ -76.167833795083482, 1.110908343854392 ], [ -76.171203070277102, 1.111034991139008 ], [ -76.174655933774488, 1.109869706403643 ], [ -76.178216629327892, 1.105821474095848 ], [ -76.184200873651434, 1.104860305620326 ], [ -76.190474883275442, 1.108672286209977 ], [ -76.194860781787952, 1.107256035340455 ], [ -76.203611409996427, 1.115805943821604 ], [ -76.212150403938438, 1.116741574969879 ], [ -76.214539713394174, 1.115193117137959 ], [ -76.213079428870856, 1.109845373718161 ], [ -76.21482099589673, 1.10834456975341 ], [ -76.218390986325801, 1.113214427027587 ], [ -76.221171955269313, 1.113532250330083 ], [ -76.228283581681239, 1.118678290366862 ], [ -76.231902858217666, 1.117578767752593 ], [ -76.23342269929509, 1.12259159291647 ], [ -76.238366638893297, 1.123292843538901 ], [ -76.238486602706928, 1.119393022915782 ], [ -76.24375105875896, 1.121458111262458 ], [ -76.248030367586466, 1.118923227004019 ], [ -76.251857191949853, 1.11942675198666 ], [ -76.254269147951959, 1.121927658340681 ], [ -76.260348151138714, 1.12261125435872 ], [ -76.26170860310998, 1.125656418936108 ], [ -76.274212874368857, 1.132220816393457 ], [ -76.280459478168382, 1.13791121436662 ], [ -76.284135642362116, 1.149051796123019 ], [ -76.28361404056659, 1.155917278560853 ], [ -76.287097871711467, 1.157820422092264 ], [ -76.286400053554473, 1.16598863610498 ], [ -76.287740885405981, 1.168621848236125 ], [ -76.285081518804418, 1.171229261630043 ], [ -76.288554994162439, 1.170915789770265 ], [ -76.288095021336119, 1.172808583803071 ], [ -76.291328807120692, 1.175300522268473 ], [ -76.292669349714458, 1.178988103160134 ], [ -76.299984724076637, 1.17535228682966 ], [ -76.302704288630025, 1.176629391245714 ], [ -76.294879218752556, 1.184686015546665 ], [ -76.298443894744196, 1.186925249636405 ], [ -76.299992705614329, 1.190699221577763 ], [ -76.299489542653021, 1.19367104224703 ], [ -76.290718428348214, 1.199966986950926 ], [ -76.289454741179838, 1.206021525399562 ], [ -76.289870192566866, 1.209893818925438 ], [ -76.292963279607989, 1.211775321126091 ], [ -76.293029428903253, 1.216066797643726 ], [ -76.298890655138791, 1.220847080236236 ], [ -76.301572290095635, 1.226292352027585 ], [ -76.306215170764574, 1.228630580540562 ], [ -76.303231578562418, 1.22932646102993 ], [ -76.302287117866115, 1.23295790166315 ], [ -76.303149943197582, 1.236244582988658 ], [ -76.299258905409943, 1.239616184820588 ], [ -76.294498691196679, 1.240471835302146 ], [ -76.292537526333035, 1.243276730892259 ], [ -76.293167907009604, 1.245323992157906 ], [ -76.28532585177328, 1.250170374638337 ], [ -76.283450815651065, 1.256489580336745 ], [ -76.276806303677688, 1.26465826955868 ], [ -76.268507396364782, 1.266636871634108 ], [ -76.25944947132075, 1.275917393992756 ], [ -76.256062599913321, 1.274181704648583 ], [ -76.253690857026982, 1.275915544360087 ], [ -76.253368153173653, 1.281525984124456 ], [ -76.249200355006167, 1.287296661005278 ], [ -76.252408941230328, 1.289044276392666 ], [ -76.244135178680551, 1.293037117637541 ], [ -76.246968989266179, 1.295909112941295 ], [ -76.245381151955712, 1.299252176172243 ], [ -76.246378875604307, 1.301328044310832 ], [ -76.243490820207057, 1.30076483700984 ], [ -76.240138369573799, 1.302785421883489 ], [ -76.238835973969003, 1.305518470159928 ], [ -76.232400439941614, 1.307985826208005 ], [ -76.230083329939418, 1.311113357379359 ], [ -76.229138641070904, 1.316056080657557 ], [ -76.224512817626135, 1.319683943298208 ], [ -76.224639870051305, 1.323207135955131 ], [ -76.222384704327226, 1.321604234783735 ], [ -76.214113775964449, 1.320557871815374 ], [ -76.214569939930925, 1.323191721750879 ], [ -76.217283636684158, 1.323784967840606 ], [ -76.215529277638495, 1.324721668883263 ], [ -76.213824785910617, 1.330132216269625 ], [ -76.219383444944242, 1.331767291526866 ], [ -76.21952506535996, 1.33528085333794 ], [ -76.223006224014739, 1.337885638259252 ], [ -76.22067318956482, 1.342467918530667 ], [ -76.218517426099424, 1.341474592138975 ], [ -76.214631999193443, 1.344709976027619 ], [ -76.211769939264627, 1.344541479793816 ], [ -76.207340876668297, 1.352327560960001 ], [ -76.203446411805089, 1.354134899089994 ], [ -76.20184589835759, 1.362608627679417 ], [ -76.202576072958607, 1.368135620175542 ], [ -76.199145205626792, 1.376240214550867 ], [ -76.20197094304649, 1.384799305618164 ], [ -76.199106950839905, 1.389772285975879 ], [ -76.200499850883375, 1.402986693998645 ], [ -76.196238721276757, 1.40604989765953 ], [ -76.195630995231397, 1.409892103887685 ], [ -76.199890061406165, 1.412372373228201 ], [ -76.199387814727231, 1.415541691364983 ], [ -76.20201803636445, 1.417782671781016 ], [ -76.200436250110613, 1.420227223179117 ], [ -76.201166536102789, 1.422269585029263 ], [ -76.199520144758878, 1.422521297664051 ], [ -76.19853937502819, 1.419791056625152 ], [ -76.195010522081986, 1.422502816608981 ], [ -76.192731260827827, 1.421145384776185 ], [ -76.189501140172524, 1.425933945350665 ], [ -76.189932613923759, 1.429032415101134 ], [ -76.184378123974625, 1.440249148901483 ], [ -76.185686099918428, 1.442283257024232 ], [ -76.181375385065223, 1.44420751906645 ], [ -76.175831299412039, 1.45105504865901 ], [ -76.177827236291421, 1.453484236158548 ], [ -76.178490357891235, 1.459831818761093 ], [ -76.183049996108025, 1.459749907613252 ], [ -76.184564912617134, 1.45824323405181 ], [ -76.186478093033315, 1.459567053594841 ], [ -76.184094344153607, 1.469916093191022 ], [ -76.184424885813996, 1.475643887160983 ], [ -76.181693900071025, 1.480281849549644 ], [ -76.183955657637966, 1.483833250227318 ], [ -76.182374130997403, 1.485390128873382 ], [ -76.183787490187797, 1.488204289694687 ], [ -76.177859629566342, 1.497128293789147 ], [ -76.175862258974689, 1.498182564633288 ], [ -76.171331628279859, 1.508463641234146 ], [ -76.169866624902625, 1.509853066591318 ], [ -76.167920070250432, 1.508730165303127 ], [ -76.163892456989686, 1.50978355669585 ], [ -76.163775083919461, 1.51191043570857 ], [ -76.16597087095596, 1.513954554664792 ], [ -76.160876120270984, 1.519981471693061 ], [ -76.160405368550983, 1.524976267654818 ], [ -76.149168851137006, 1.536861823768322 ], [ -76.151851230797831, 1.539811375183888 ], [ -76.14810026562742, 1.544241674761194 ], [ -76.148948151963793, 1.548928387860868 ], [ -76.152212749088903, 1.551658781613474 ], [ -76.155606941771737, 1.551959663574505 ], [ -76.156305104882051, 1.553740071089183 ], [ -76.154782308344977, 1.555157576906207 ], [ -76.155334803227731, 1.560653414905118 ], [ -76.15267540877835, 1.561023245314104 ], [ -76.152168346227313, 1.562505930245145 ], [ -76.157001984298859, 1.567300371196159 ], [ -76.156103329633709, 1.570983978836184 ], [ -76.157160899094208, 1.575446522567935 ], [ -76.16136071863383, 1.581559200926383 ], [ -76.160982574310253, 1.582878654653656 ], [ -76.169746814701057, 1.587981578217417 ] ] ] ] } },
{ "type": "Feature", "properties": { "dpto_ccdgo": "18", "mpio_ccdgo": "753", "mpio_cdpmp": "18753", "dpto_cnmbr": "CAQUETÁ", "mpio_cnmbr": "SAN VICENTE DEL CAGUÁN", "mpio_crslc": "Decreto 963 de Marzo 14 de 1950", "mpio_tipo": "MUNICIPIO", "mpio_narea": 20192.909772800002, "mpio_nano": 2024, "shape_Leng": 10.6336238201, "shape_Area": 1.64108144566 }, "geometry": { "type": "MultiPolygon", "coordinates": [ [ [ [ -74.799163814365954, 2.937916759197007 ], [ -74.790412896001442, 2.929166790352754 ], [ -74.789169306856934, 2.926249980758777 ], [ -74.794166567797959, 2.914999951774214 ], [ -74.790420535280703, 2.910833121991465 ], [ -74.79000091840237, 2.907500261833667 ], [ -74.780830384956118, 2.904583219575823 ], [ -74.78166961691619, 2.902083392997618 ], [ -74.778335570082845, 2.891249896074235 ], [ -74.778747555766756, 2.885833267986893 ], [ -74.774581906371111, 2.879166835306671 ], [ -74.770835879243748, 2.876666784149491 ], [ -74.769374844626611, 2.87312495053725 ], [ -74.76166533861101, 2.872500177149172 ], [ -74.754997259317349, 2.877500055782852 ], [ -74.749580389582775, 2.875833277157327 ], [ -74.736251836138763, 2.880833389353219 ], [ -74.725830077862042, 2.877500055782852 ], [ -74.724998475299742, 2.883333199761688 ], [ -74.712501524417974, 2.887083530720915 ], [ -74.708335881310575, 2.890416864291232 ], [ -74.701667785847235, 2.891666652714439 ], [ -74.698333746200376, 2.890833380182738 ], [ -74.692085266717072, 2.893333190591262 ], [ -74.67292022755845, 2.888333320940721 ], [ -74.673332214140714, 2.878333329212853 ], [ -74.666664118677318, 2.870416632900308 ], [ -74.668125153294511, 2.860625025331563 ], [ -74.664581290386252, 2.856666800693761 ], [ -74.665000913552831, 2.853333234459581 ], [ -74.661666865821132, 2.842083213559864 ], [ -74.662086489886008, 2.839999919042839 ], [ -74.668540955024753, 2.836041688116793 ], [ -74.671669001829628, 2.831666706838791 ], [ -74.665832525098267, 2.823750018611082 ], [ -74.667503358722229, 2.81833339052375 ], [ -74.665000913552831, 2.81291651360286 ], [ -74.666664118677318, 2.804999826273513 ], [ -74.665000913552831, 2.805000074208702 ], [ -74.665000913552831, 2.803333521060503 ], [ -74.65666962194814, 2.803750036952003 ], [ -74.657501223612087, 2.801666492703142 ], [ -74.653747551815513, 2.784166811933072 ], [ -74.648750307942521, 2.779166466175077 ], [ -74.646667485939645, 2.772500041579681 ], [ -74.644584656750226, 2.771666760963196 ], [ -74.643333430123107, 2.76833342829118 ], [ -74.643333430123107, 2.755833392592621 ], [ -74.627082823614444, 2.755833392592621 ], [ -74.617500311670824, 2.753750081905919 ], [ -74.619583132775404, 2.749166727248586 ], [ -74.623748767797963, 2.744999887584404 ], [ -74.624580385631589, 2.741666562997228 ], [ -74.629585268783899, 2.736666676278651 ], [ -74.627082823614444, 2.721666814001953 ], [ -74.630416864159599, 2.719166521197781 ], [ -74.632080083657172, 2.71333312748704 ], [ -74.635002130433577, 2.712083339063883 ], [ -74.637916561286886, 2.708333496788554 ], [ -74.637496953391747, 2.70083331816416 ], [ -74.62833404215678, 2.699166538640342 ], [ -74.623336797385377, 2.699999812070349 ], [ -74.615837107444634, 2.696250204255473 ], [ -74.614166263939182, 2.694583183982949 ], [ -74.616668701922038, 2.687500001849114 ], [ -74.615837107444634, 2.683333403831932 ], [ -74.606666565913599, 2.682916639106887 ], [ -74.596664430803401, 2.677083495128048 ], [ -74.595001217594017, 2.673333164168876 ], [ -74.589996335340061, 2.673333404917529 ], [ -74.585830693130958, 2.665416708604981 ], [ -74.592918395591198, 2.656666755930466 ], [ -74.597084046783436, 2.644999977492241 ], [ -74.59791564934568, 2.638333560981746 ], [ -74.599998477636746, 2.636250024817722 ], [ -74.605834964249652, 2.636666540709219 ], [ -74.609169011981294, 2.63333344070101 ], [ -74.613334662275236, 2.622499943777631 ], [ -74.614997867399779, 2.625000003917997 ], [ -74.621253968196015, 2.626666789730005 ], [ -74.624168391862838, 2.625833269263105 ], [ -74.625000001611625, 2.618333337675602 ], [ -74.633331295012965, 2.61458325554993 ], [ -74.635833740182363, 2.611249922877907 ], [ -74.64167022499862, 2.608750103486247 ], [ -74.647918697295381, 2.601666688688546 ], [ -74.6491699239225, 2.597500082586517 ], [ -74.645835870800965, 2.587499859093148 ], [ -74.654167167795549, 2.580416685044092 ], [ -74.660003660696646, 2.578750139082437 ], [ -74.669166563846773, 2.571666716199899 ], [ -74.669998173595559, 2.568333382629527 ], [ -74.673751831019047, 2.565833330574057 ], [ -74.678329475081739, 2.559583429955008 ], [ -74.681663508440352, 2.558333391800015 ], [ -74.68125152904463, 2.553333286790663 ], [ -74.678749083875232, 2.549999955016941 ], [ -74.677917481312988, 2.544999834736265 ], [ -74.675834652123569, 2.544166802953258 ], [ -74.675003056747869, 2.53958344829593 ], [ -74.679168698058618, 2.532916544898129 ], [ -74.676666262770652, 2.525000093825832 ], [ -74.677497857248113, 2.523750063755676 ], [ -74.673332215039011, 2.519583465738495 ], [ -74.657081600445508, 2.512500042855958 ], [ -74.654586791860424, 2.504166597988044 ], [ -74.651252744128726, 2.501666786681219 ], [ -74.647499081315345, 2.493749857704871 ], [ -74.649169923024203, 2.490833281672999 ], [ -74.660835264157186, 2.490833515235161 ], [ -74.660835264157186, 2.489166503047477 ], [ -74.662918085261765, 2.488333221532634 ], [ -74.662086489886008, 2.47166657254557 ], [ -74.668746947866737, 2.451666598971336 ], [ -74.673332214140714, 2.445833198074106 ], [ -74.671669001829628, 2.4391665515947 ], [ -74.672500611578414, 2.436666728609732 ], [ -74.670829770767909, 2.433750156171166 ], [ -74.6729202293551, 2.425000190920215 ], [ -74.684997556171993, 2.424999951069864 ], [ -74.690002444714196, 2.422916655654544 ], [ -74.692916869279316, 2.420000071537832 ], [ -74.698753362180412, 2.409166808176614 ], [ -74.702919011576, 2.394999985767698 ], [ -74.704582217598841, 2.393333190972499 ], [ -74.70666504678826, 2.386250016923507 ], [ -74.706253053019509, 2.381666654181276 ], [ -74.708747867892782, 2.375833510202434 ], [ -74.715415955271283, 2.367499831772419 ], [ -74.719169618983017, 2.360000125662183 ], [ -74.727081296404322, 2.35916662765321 ], [ -74.733749383782822, 2.346666810245496 ], [ -74.737083438701006, 2.335000039892111 ], [ -74.739585876683861, 2.330833433790082 ], [ -74.742500305740577, 2.317500113881743 ], [ -74.740837095226198, 2.312916761919353 ], [ -74.742080691557192, 2.307499885896767 ], [ -74.744163504576875, 2.304999832942944 ], [ -74.7445831304384, 2.294166561496887 ], [ -74.749168403000567, 2.278333433875021 ], [ -74.750831600938568, 2.277916670048328 ], [ -74.748336785166941, 2.274166819688159 ], [ -74.741249073723566, 2.271666527782278 ], [ -74.735000617596484, 2.275416617094509 ], [ -74.735832212972184, 2.277499912509827 ], [ -74.734169007847697, 2.277499912509827 ], [ -74.734169007847697, 2.280833245181844 ], [ -74.730003356655402, 2.279999972650192 ], [ -74.726669317906897, 2.273333307306101 ], [ -74.727500912384301, 2.270833254352274 ], [ -74.729164124695387, 2.270833255250629 ], [ -74.728752146197962, 2.269166475726757 ], [ -74.715835579336158, 2.263333323663073 ], [ -74.714164736729003, 2.263750072218439 ], [ -74.715415956169636, 2.270833254352274 ], [ -74.709167483872818, 2.283750054775873 ], [ -74.697914122135501, 2.285000317509839 ], [ -74.693336486157648, 2.28416657066732 ], [ -74.694580074403859, 2.279999972650192 ], [ -74.700416567304956, 2.276666631893272 ], [ -74.701248169867199, 2.271666527782278 ], [ -74.69667053299105, 2.269999972837426 ], [ -74.692916869279316, 2.270833255250629 ], [ -74.691665650737036, 2.267916678320464 ], [ -74.6841659518131, 2.264166589008241 ], [ -74.684165952711453, 2.259999750242348 ], [ -74.677497857248113, 2.256250140630883 ], [ -74.671669001829628, 2.255833152225226 ], [ -74.671669001829628, 2.254166598178673 ], [ -74.665832524199914, 2.251666546123202 ], [ -74.659164428736574, 2.252083302763352 ], [ -74.654167167795549, 2.247916463099165 ], [ -74.654586791860424, 2.242500068573991 ], [ -74.650001525586447, 2.240000007535329 ], [ -74.650833128148747, 2.227499964650289 ], [ -74.660003660696646, 2.226666684932091 ], [ -74.663330079928812, 2.214999914578704 ], [ -74.667503358722229, 2.214583398687203 ], [ -74.665000913552831, 2.211250074100026 ], [ -74.662918088855008, 2.211666821757041 ], [ -74.652915958236406, 2.207499974906315 ], [ -74.644165032685351, 2.210833309374979 ], [ -74.643333430123107, 2.202499863608773 ], [ -74.635002130433577, 2.198750023130092 ], [ -74.634162897575209, 2.19541668955978 ], [ -74.629997255366106, 2.195000172769983 ], [ -74.629165651905566, 2.192916636605951 ], [ -74.627082823614444, 2.192499880864103 ], [ -74.625000001611625, 2.192500121612753 ], [ -74.624168391862838, 2.195833206349577 ], [ -74.615829469063669, 2.199583528325607 ], [ -74.614997867399779, 2.202500100764233 ], [ -74.611251841170713, 2.204166650319137 ], [ -74.610832216207484, 2.20833349806816 ], [ -74.607498169374139, 2.20791673963136 ], [ -74.603332527165037, 2.204166650319137 ], [ -74.597496033365644, 2.204999923749139 ], [ -74.597503654678633, 2.201666598263664 ], [ -74.591667177947215, 2.201666598263664 ], [ -74.589584348757796, 2.198333507238593 ], [ -74.589164740862657, 2.192500117121207 ], [ -74.593330391156599, 2.190000054285897 ], [ -74.592498773322916, 2.187499994145529 ], [ -74.589996335340061, 2.186249972160214 ], [ -74.591667177947215, 2.172916647760328 ], [ -74.589164740862657, 2.17166661769012 ], [ -74.589164739964303, 2.169999839064598 ], [ -74.59124756196718, 2.169166807281651 ], [ -74.592498773322916, 2.163749936648962 ], [ -74.596664430803401, 2.163333420757454 ], [ -74.59791564934568, 2.165833232962632 ], [ -74.601669313955711, 2.163749936648962 ], [ -74.602500915619657, 2.161666625962257 ], [ -74.604164128828984, 2.161666626860609 ], [ -74.604164128828984, 2.156666514664717 ], [ -74.602081299639622, 2.155833242133061 ], [ -74.597915650243976, 2.147500038013858 ], [ -74.595832828241157, 2.146666769075447 ], [ -74.595832828241157, 2.143333191163132 ], [ -74.593330391156599, 2.143333431911833 ], [ -74.593330391156599, 2.134583237590316 ], [ -74.586669917006191, 2.132916683543821 ], [ -74.580001836814176, 2.124583246760746 ], [ -74.572082517418664, 2.125833275932607 ], [ -74.568336490291301, 2.125416520190754 ], [ -74.566253660203586, 2.123333207707399 ], [ -74.559426958965616, 2.127275313861271 ], [ -74.558070088580223, 2.125424961666227 ], [ -74.555626668161949, 2.125911822886998 ], [ -74.552902334448959, 2.124196576520018 ], [ -74.550834656257223, 2.131666661558449 ], [ -74.546249389084949, 2.129166608604624 ], [ -74.543334958231583, 2.1179165877049 ], [ -74.544166560793883, 2.117083307986704 ], [ -74.538749691059309, 2.110000125852872 ], [ -74.535835268290839, 2.112083195790872 ], [ -74.529998775389743, 2.112916709071228 ], [ -74.530830385138529, 2.113749975314689 ], [ -74.529167180014042, 2.115416762025047 ], [ -74.51999664656779, 2.122916692714256 ], [ -74.517501823609621, 2.122916692714256 ], [ -74.514999385626766, 2.120833398197226 ], [ -74.511665345979907, 2.121666670728933 ], [ -74.511253352211156, 2.127500062642964 ], [ -74.508750915126598, 2.132499942174992 ], [ -74.505416867394956, 2.130833388128445 ], [ -74.502082818764961, 2.133333441082268 ], [ -74.499168395996435, 2.132499943073289 ], [ -74.49666595801358, 2.136250016215844 ], [ -74.490837102595094, 2.13666677375434 ], [ -74.489997863448536, 2.139583349786149 ], [ -74.491668705157394, 2.14291667527168 ], [ -74.491668706055691, 2.147499805349992 ], [ -74.485420233758873, 2.149166583975514 ], [ -74.48332977517174, 2.146666523835201 ], [ -74.484169008030108, 2.143333431013539 ], [ -74.480834968383249, 2.130416624301749 ], [ -74.481666561962356, 2.129583358956585 ], [ -74.478752139193887, 2.12750006354126 ], [ -74.477500911668415, 2.120833398197226 ], [ -74.479164124877798, 2.114166739141382 ], [ -74.48332977517174, 2.114166491206188 ], [ -74.484169007131754, 2.110000125852872 ], [ -74.480834966586656, 2.106250051812033 ], [ -74.480834966586656, 2.102083204961302 ], [ -74.478752139193887, 2.102499961601508 ], [ -74.474166872021613, 2.099999908647684 ], [ -74.474166872021613, 2.098333354601136 ], [ -74.469169611080588, 2.097083333514113 ], [ -74.468330387205356, 2.094166516733601 ], [ -74.464164728826574, 2.093333250490133 ], [ -74.462081907722052, 2.08916663809992 ], [ -74.459167484055229, 2.092083454880437 ], [ -74.450836182569049, 2.095000030013952 ], [ -74.446250917193424, 2.091666698240232 ], [ -74.444168087105709, 2.09208321323344 ], [ -74.442916868563429, 2.094166516733601 ], [ -74.440002444896606, 2.091249932616889 ], [ -74.431663506826112, 2.090833192146417 ], [ -74.436668397164965, 2.081666705614071 ], [ -74.429168708122518, 2.082916743769065 ], [ -74.426246646074731, 2.085000040082742 ], [ -74.425003049743736, 2.080833201316852 ], [ -74.417503351718153, 2.078333372942057 ], [ -74.412498468565843, 2.079999927886905 ], [ -74.410415648359617, 2.079166647270352 ], [ -74.406669613147358, 2.081666706512367 ], [ -74.404998777726746, 2.080833199520263 ], [ -74.402084346873437, 2.082499979044074 ], [ -74.401252752396033, 2.085000039184443 ], [ -74.397918695681199, 2.083333259660566 ], [ -74.392501826844978, 2.084166525904033 ], [ -74.392082210864942, 2.079166647270352 ], [ -74.39083098513612, 2.080416683628758 ], [ -74.38417053524023, 2.080833199520263 ], [ -74.380062055573205, 2.074742642193276 ], [ -74.371255531448298, 2.066382558662731 ], [ -74.371891258003359, 2.064392244343327 ], [ -74.369674827665222, 2.064657546702517 ], [ -74.368570622129596, 2.061931316644557 ], [ -74.361942877224294, 2.059513748862465 ], [ -74.323832783020748, 2.062133817732192 ], [ -74.305015923957228, 2.059513748862465 ], [ -74.252852733251586, 2.058560996709541 ], [ -74.241896080797517, 2.056417303916301 ], [ -74.236179566981377, 2.054749987199489 ], [ -74.23141580531825, 2.049509848561681 ], [ -74.228081171884526, 2.027596546349207 ], [ -74.223317410221341, 2.019021774277832 ], [ -74.203785986593914, 1.995441153551908 ], [ -74.197833900186595, 1.990833315291969 ], [ -74.197502135019818, 1.992499943898733 ], [ -74.194168096271312, 1.992499943898733 ], [ -74.192497252765804, 1.987499947585588 ], [ -74.190834039556478, 1.987499947585588 ], [ -74.190002437892531, 1.985416777934518 ], [ -74.185836794785132, 1.984166622998412 ], [ -74.182083131073398, 1.985833292927718 ], [ -74.17500304902785, 1.982499961153998 ], [ -74.17292023600811, 1.980000016896394 ], [ -74.16333008658188, 1.983333225600812 ], [ -74.161247258290814, 1.979166635668528 ], [ -74.15333557278467, 1.979583377037291 ], [ -74.150833135700111, 1.985833401623939 ], [ -74.149169923389024, 1.985833293826022 ], [ -74.149169923389024, 1.988333345881547 ], [ -74.152084347055848, 1.990000008624315 ], [ -74.15333557278467, 1.994166613827979 ], [ -74.152496332739759, 1.997499940211811 ], [ -74.149581901886449, 1.997499940211811 ], [ -74.144165040236771, 1.996666666781807 ], [ -74.143333429589632, 1.992916576571283 ], [ -74.132499700002029, 1.992916700538878 ], [ -74.129585268250423, 1.994166613827979 ], [ -74.125000001976446, 1.992916575672987 ], [ -74.124999999281499, 1.989583245695914 ], [ -74.123336788767062, 1.987916589241338 ], [ -74.113334660843464, 1.985416777934518 ], [ -74.1079177848207, 1.981666679639157 ], [ -74.107086182258456, 1.97500002237996 ], [ -74.105003361153877, 1.972500087105543 ], [ -74.09333038163993, 1.97749995675608 ], [ -74.090415950786621, 1.975000146347553 ], [ -74.082084651995388, 1.97916651080258 ], [ -74.074165346074608, 1.97749995765438 ], [ -74.066246032967285, 1.979166737178194 ], [ -74.061668400582676, 1.974583264841458 ], [ -74.054168693573899, 1.971666456145778 ], [ -74.049583429096629, 1.97333347551995 ], [ -74.044998162822651, 1.970416782707031 ], [ -74.040622707233638, 1.969375073913925 ], [ -74.040000918051305, 1.970833298598527 ], [ -73.656668332696029, 1.617731943723975 ], [ -73.660206510162254, 1.612684763363 ], [ -73.658041007154793, 1.608861040884903 ], [ -73.659234922119424, 1.603459586253117 ], [ -73.663908426380772, 1.595257962071681 ], [ -73.66341198102657, 1.592456975952846 ], [ -73.66043020162607, 1.591256000224477 ], [ -73.65884045359752, 1.587954637720549 ], [ -73.659438327811301, 1.580652465908851 ], [ -73.658345787807264, 1.576350894116036 ], [ -73.649401388346007, 1.568546617559345 ], [ -73.64264439463301, 1.558041944716164 ], [ -73.64433505229448, 1.553740946048946 ], [ -73.643440896395873, 1.551640110115458 ], [ -73.630819835073851, 1.539433674628429 ], [ -73.626744591302156, 1.539132713615594 ], [ -73.620881575621183, 1.5323293569157 ], [ -73.619888300433445, 1.529028121972675 ], [ -73.616807051400599, 1.528727364877594 ], [ -73.615316457695485, 1.527026520312713 ], [ -73.611741317220776, 1.512321207767571 ], [ -73.607766881572275, 1.505718312079681 ], [ -73.6069725743954, 1.501716912578277 ], [ -73.599965050231447, 1.498280611333091 ], [ -73.593388681814872, 1.489931904076341 ], [ -73.584523117667459, 1.486955622369906 ], [ -73.581949957062534, 1.482925341110784 ], [ -73.581570363755247, 1.475057743157525 ], [ -73.577949039956707, 1.468724539000858 ], [ -73.560506227978749, 1.453849075523856 ], [ -73.554978211402158, 1.447995159784129 ], [ -73.552977708382571, 1.441470444537746 ], [ -73.547258512194901, 1.438015102586581 ], [ -73.546306298133231, 1.433217640598845 ], [ -73.547165653269985, 1.427269256151947 ], [ -73.54449727027071, 1.423238956028208 ], [ -73.545452153229235, 1.416427103055616 ], [ -73.548122799086514, 1.410479140817243 ], [ -73.547647113815003, 1.406161515219167 ], [ -73.543651146430307, 1.401481811679226 ], [ -73.537953941916612, 1.399441109917083 ], [ -73.538069546202678, 1.394715335342774 ], [ -73.535588238408707, 1.39252615811548 ], [ -73.535034004386205, 1.389844320139267 ], [ -73.532794675074911, 1.389321651144387 ], [ -73.531360604310805, 1.391243948569527 ], [ -73.529816274240886, 1.389134281291395 ], [ -73.521171049940278, 1.39148060812312 ], [ -73.520974290888489, 1.389707721310004 ], [ -73.522942158986098, 1.389673549369321 ], [ -73.521503193298145, 1.388875460282152 ], [ -73.522843496939799, 1.38848471707665 ], [ -73.522105279715674, 1.387398556014564 ], [ -73.517623181441024, 1.388279012594175 ], [ -73.517664916304057, 1.387192894651232 ], [ -73.51317108422586, 1.387157204556533 ], [ -73.512873761392825, 1.38604597239323 ], [ -73.509834472700334, 1.386996488637613 ], [ -73.509995683591342, 1.388376779019372 ], [ -73.507911602149477, 1.386773032532613 ], [ -73.50852738698768, 1.384259815656164 ], [ -73.504505460067207, 1.384192235343461 ], [ -73.506852981659279, 1.381499230401051 ], [ -73.504490295594849, 1.38150984939453 ], [ -73.506265887237475, 1.37831849197304 ], [ -73.504774335029197, 1.379689043711031 ], [ -73.502168878167424, 1.376796227239053 ], [ -73.504346017062062, 1.376651875942717 ], [ -73.502327098564479, 1.374273280701968 ], [ -73.503268282204033, 1.370093806223247 ], [ -73.498321970153256, 1.3695778215977 ], [ -73.496900951920622, 1.372424421508075 ], [ -73.495905915135211, 1.371246289955633 ], [ -73.493822460717922, 1.372025012248188 ], [ -73.494312528028559, 1.369643804704515 ], [ -73.492259364826737, 1.369199486831175 ], [ -73.492436738219283, 1.36772596292671 ], [ -73.489443658003495, 1.367392284346861 ], [ -73.488577018422291, 1.369555553242366 ], [ -73.489598878923459, 1.372275319916762 ], [ -73.486081525320401, 1.370190251225624 ], [ -73.487033668415108, 1.368852280510632 ], [ -73.483263411908581, 1.37044988071933 ], [ -73.482166719887971, 1.367267358235667 ], [ -73.483314255695859, 1.366204256046994 ], [ -73.484771421265975, 1.367215414909599 ], [ -73.484665251094611, 1.363557447004899 ], [ -73.479743748735075, 1.363862622916374 ], [ -73.479459747030035, 1.362283925072967 ], [ -73.473737873860614, 1.360238434388239 ], [ -73.475330766893535, 1.35879860631695 ], [ -73.472108932304991, 1.358454794732555 ], [ -73.47339090828882, 1.355877652791241 ], [ -73.472527610443137, 1.354446499757527 ], [ -73.474506660778275, 1.354781456641107 ], [ -73.474725427673775, 1.352623236281464 ], [ -73.472683341606569, 1.353609999576518 ], [ -73.472192322979254, 1.350953790555731 ], [ -73.470018247342182, 1.35183175790172 ], [ -73.468762564169367, 1.347856750026056 ], [ -73.470650965437017, 1.347156304294777 ], [ -73.468981932038275, 1.344307702038028 ], [ -73.471172851100334, 1.344847598038827 ], [ -73.471219868959793, 1.34374132457979 ], [ -73.466669587602439, 1.343884991359379 ], [ -73.466618922580039, 1.342245233180822 ], [ -73.468770110023797, 1.342497536009223 ], [ -73.470045028837092, 1.340493100162266 ], [ -73.463925899671267, 1.33701263680419 ], [ -73.465363455003114, 1.336577117037727 ], [ -73.466195106972748, 1.332639466531252 ], [ -73.462075431593348, 1.332541220405244 ], [ -73.461210534745192, 1.329579034175131 ], [ -73.458380400966973, 1.327440890279837 ], [ -73.459151462420721, 1.326050351010844 ], [ -73.457434160706725, 1.325680310395918 ], [ -73.457351220088754, 1.32285208823423 ], [ -73.459485921637224, 1.32312343266685 ], [ -73.45952837694972, 1.322144162225594 ], [ -73.455156537082587, 1.321018637854697 ], [ -73.457813161125443, 1.320134235871268 ], [ -73.458877305360716, 1.316497116982614 ], [ -73.456379090361338, 1.314436151008107 ], [ -73.459607832999893, 1.31176662624928 ], [ -73.461349918354074, 1.312269061574623 ], [ -73.457980875824319, 1.307521287241439 ], [ -73.456112307577314, 1.306760323757888 ], [ -73.456288504175916, 1.308567653803042 ], [ -73.454880754070587, 1.308775444175346 ], [ -73.454111050870665, 1.305251036995169 ], [ -73.451509924790344, 1.304276804310039 ], [ -73.453649639840421, 1.302140835237751 ], [ -73.454303003033544, 1.298002101186237 ], [ -73.456365444941298, 1.297093973778921 ], [ -73.456077048674331, 1.294573247878994 ], [ -73.452543580180588, 1.294504366804754 ], [ -73.446755843380402, 1.290811113945851 ], [ -73.444537776310426, 1.291621625845034 ], [ -73.444297494746763, 1.295237030639368 ], [ -73.44268365388308, 1.293002563014287 ], [ -73.439790772732294, 1.293832317740541 ], [ -73.436763378641956, 1.291483277096172 ], [ -73.436162018962079, 1.295239368955935 ], [ -73.433273038299319, 1.293697473322404 ], [ -73.433852082013118, 1.298275645594739 ], [ -73.431437950289705, 1.296470724833064 ], [ -73.430551698673582, 1.298057444638351 ], [ -73.429751228150622, 1.295007457002433 ], [ -73.428253638360445, 1.295942497058796 ], [ -73.427546790331007, 1.288684982332062 ], [ -73.425421734899771, 1.287148861972096 ], [ -73.426205829122011, 1.283535675119966 ], [ -73.422262683616452, 1.280358793162541 ], [ -73.42535527838038, 1.276635860841311 ], [ -73.424564471940926, 1.270137466253759 ], [ -73.425599619434081, 1.26831147099872 ], [ -73.428273121936172, 1.267879683735239 ], [ -73.425238964424693, 1.264946074733722 ], [ -73.428931452816812, 1.26391019960465 ], [ -73.42992551133608, 1.261491405621215 ], [ -73.431891625920855, 1.263103701381361 ], [ -73.43187025498321, 1.258920562671663 ], [ -73.427010583713979, 1.255851360056492 ], [ -73.425677781909201, 1.252639594692111 ], [ -73.424925883332378, 1.256398586315882 ], [ -73.423328381938404, 1.255741081885996 ], [ -73.422578845932662, 1.253056700777236 ], [ -73.420120353568507, 1.254836677100184 ], [ -73.420365486936873, 1.250850346849657 ], [ -73.416969108651244, 1.251775217070588 ], [ -73.418651276328205, 1.248334994676037 ], [ -73.417203013069638, 1.243790433795171 ], [ -73.414165261395794, 1.245635815607817 ], [ -73.412929761586895, 1.243044106574187 ], [ -73.414022896276151, 1.241081188197779 ], [ -73.411211627133923, 1.242479989279066 ], [ -73.40874095360482, 1.241436497328658 ], [ -73.409357235211758, 1.23912873610114 ], [ -73.412753935094543, 1.239525253681852 ], [ -73.413877682596421, 1.235408542745432 ], [ -73.415305616963906, 1.235258919232452 ], [ -73.4150381361884, 1.232785542670569 ], [ -73.410915739809866, 1.233228213930696 ], [ -73.413863903327297, 1.231847717834597 ], [ -73.416181627777632, 1.22727824934595 ], [ -73.415264834315849, 1.225771424867389 ], [ -73.420315154291416, 1.226198071966776 ], [ -73.421984475151248, 1.223097229763739 ], [ -73.424167849257231, 1.223537486350459 ], [ -73.420689364889199, 1.219768200025358 ], [ -73.423094936559494, 1.218630126179909 ], [ -73.420722190254139, 1.218492566152537 ], [ -73.415723083273747, 1.215074727097781 ], [ -73.417190372865207, 1.21361690396038 ], [ -73.414888126399546, 1.211324638683861 ], [ -73.417094836958597, 1.209598165163552 ], [ -73.416770895225852, 1.207169372923021 ], [ -73.412822440672699, 1.206330095148884 ], [ -73.412633750295242, 1.208084432634919 ], [ -73.415264133629364, 1.208823521225607 ], [ -73.411974341435439, 1.209469726636795 ], [ -73.410355711649117, 1.208479765336853 ], [ -73.410387899209752, 1.206100647276199 ], [ -73.407271705684479, 1.205746665856375 ], [ -73.409682496570724, 1.199316758880647 ], [ -73.410711750212556, 1.199627799897321 ], [ -73.410682277362923, 1.203527404026258 ], [ -73.413250470280389, 1.202916532976603 ], [ -73.412960171380121, 1.199242861609858 ], [ -73.417891661216913, 1.198959984596431 ], [ -73.417254648273286, 1.192198985292609 ], [ -73.420157777413067, 1.192685842920143 ], [ -73.421100452257122, 1.191067728767286 ], [ -73.420028079447263, 1.18906265960756 ], [ -73.418675530860185, 1.191128398334975 ], [ -73.416854116118373, 1.19083996703371 ], [ -73.41757348577454, 1.184559794063823 ], [ -73.412934623273088, 1.182584388196689 ], [ -73.413007969876162, 1.180130179901626 ], [ -73.411244065324695, 1.180856505218573 ], [ -73.410974910986454, 1.174014971885356 ], [ -73.405302247567533, 1.170809351002386 ], [ -73.4012961579582, 1.173227268229397 ], [ -73.399017930665707, 1.172949587973999 ], [ -73.395969560896788, 1.170138425731486 ], [ -73.394174430881151, 1.172372032769828 ], [ -73.392985006598167, 1.171941516623477 ], [ -73.394705370671488, 1.16718662583099 ], [ -73.393376465761492, 1.158574316727199 ], [ -73.394855938314549, 1.157422442053114 ], [ -73.397360584358182, 1.158576814045713 ], [ -73.39749869056169, 1.153091169238402 ], [ -73.395652750894783, 1.15501634935959 ], [ -73.391927223338485, 1.154914776769497 ], [ -73.391538566022803, 1.15196753851761 ], [ -73.394249000092316, 1.150219660821953 ], [ -73.392711416375562, 1.147070903341821 ], [ -73.386087715688916, 1.14630157653625 ], [ -73.3747904478588, 1.141680293180783 ], [ -73.373772548931186, 1.139404376357169 ], [ -73.37714201366947, 1.137826296555153 ], [ -73.3728461264202, 1.130927074266712 ], [ -73.362618016326962, 1.128879488709014 ], [ -73.360614539881453, 1.12675453209257 ], [ -73.357315288420011, 1.128384356692805 ], [ -73.357160975697525, 1.12537380512926 ], [ -73.360298305699928, 1.125327910164811 ], [ -73.360728536181853, 1.124000686004145 ], [ -73.358765149782755, 1.12277844623769 ], [ -73.355637217064043, 1.124166243846272 ], [ -73.355652111143286, 1.120253417404124 ], [ -73.34959446631774, 1.12224845776405 ], [ -73.348092590661963, 1.120607838998752 ], [ -73.343567766681758, 1.12340328699948 ], [ -73.344213655885767, 1.117448786817297 ], [ -73.336155472108032, 1.111869888724305 ], [ -73.334602751766681, 1.114168704521077 ], [ -73.333713966899438, 1.113195759122805 ], [ -73.335411667358358, 1.108074947392558 ], [ -73.334893005751098, 1.105197346596978 ], [ -73.337026863780864, 1.105585958996907 ], [ -73.338719577687698, 1.108855269585932 ], [ -73.340214886653484, 1.106685486102781 ], [ -73.33768508686353, 1.104055885201924 ], [ -73.341774639012499, 1.104519801635509 ], [ -73.340540409422374, 1.099177493925794 ], [ -73.335483423942094, 1.102552957618199 ], [ -73.332879674779065, 1.101096763127731 ], [ -73.332989252263076, 1.097666625228568 ], [ -73.334925084615463, 1.097190061404068 ], [ -73.333381842406197, 1.094992016899535 ], [ -73.334430581420406, 1.093910015938855 ], [ -73.330820826135266, 1.090759532793657 ], [ -73.324728864740223, 1.090115792361568 ], [ -73.319268429374631, 1.086820348861784 ], [ -73.321680828246542, 1.08559281172593 ], [ -73.325088659162873, 1.086636114131676 ], [ -73.322836509983915, 1.080821094576439 ], [ -73.316558409428808, 1.08120020099641 ], [ -73.310055782874315, 1.075653167968597 ], [ -73.308453359607029, 1.076206951934797 ], [ -73.307907252649329, 1.079516701116906 ], [ -73.30596363459216, 1.076412310565651 ], [ -73.300519862988381, 1.074725666580131 ], [ -73.301232815973378, 1.072558818793641 ], [ -73.303608348854937, 1.07257231509322 ], [ -73.302116891868138, 1.070196783110036 ], [ -73.290914095440144, 1.065452468191831 ], [ -73.287269813379567, 1.064581890393326 ], [ -73.282012596856134, 1.066795452408442 ], [ -73.282970908686821, 1.0612547920343 ], [ -73.280257943162781, 1.058953495987095 ], [ -73.280912563998299, 1.051968618369741 ], [ -73.278219843822001, 1.050429921639462 ], [ -73.278847470261724, 1.047291788542654 ], [ -73.265032937743172, 1.04830409006325 ], [ -73.264182605292262, 1.044005186268944 ], [ -73.261078215639259, 1.045638365181135 ], [ -73.257676884937496, 1.044315626312213 ], [ -73.251711058786952, 1.048857479668733 ], [ -73.251886524156305, 1.043809473755316 ], [ -73.253884131005066, 1.04188610374084 ], [ -73.252412921162602, 1.039794012913539 ], [ -73.247992539892152, 1.039119146730358 ], [ -73.248060026779967, 1.041845610350474 ], [ -73.246649554777207, 1.042513729282195 ], [ -73.242971528374369, 1.038754718793795 ], [ -73.244888151137445, 1.036601893720081 ], [ -73.243383196952777, 1.033382775639242 ], [ -73.241257365376441, 1.03432084212221 ], [ -73.239339908976149, 1.032612360973023 ], [ -73.294530614146424, 1.012111162105094 ], [ -73.298726518824935, 1.014045807782039 ], [ -73.299551755919993, 1.017780534992345 ], [ -73.298005198026431, 1.019153142077346 ], [ -73.29898559315933, 1.01999502586616 ], [ -73.300713681851903, 1.020002078545092 ], [ -73.300834450556636, 1.018215498701198 ], [ -73.30322147289985, 1.017266903954683 ], [ -73.305670990188844, 1.019010777855949 ], [ -73.305391910357116, 1.015800721986903 ], [ -73.309776138001837, 1.016199400915951 ], [ -73.30815661888272, 1.016727064547764 ], [ -73.308146036720245, 1.018472685673669 ], [ -73.309965205672029, 1.017458426722548 ], [ -73.311695990210922, 1.019957169931637 ], [ -73.31142400707563, 1.022635201742943 ], [ -73.312827383280307, 1.021641798994341 ], [ -73.31478706592253, 1.02376402473016 ], [ -73.312523616826581, 1.025443990634591 ], [ -73.312773609186252, 1.028439235791804 ], [ -73.31744384267904, 1.030178580383815 ], [ -73.318646327578335, 1.032265903848055 ], [ -73.32149394168755, 1.033286175228205 ], [ -73.323322319276713, 1.032275357725622 ], [ -73.329453546064144, 1.035814604187809 ], [ -73.329777864191271, 1.03758425706332 ], [ -73.328052102137178, 1.038479729893173 ], [ -73.330913506295303, 1.042184320398258 ], [ -73.331158134810153, 1.04108901627593 ], [ -73.335664919706744, 1.04135281305753 ], [ -73.340133633971277, 1.039498320524047 ], [ -73.339141858072935, 1.043103728857943 ], [ -73.344749949639436, 1.041475558057465 ], [ -73.346262775767286, 1.042816410570199 ], [ -73.345187348682998, 1.044761138945886 ], [ -73.348038521021977, 1.045646347617121 ], [ -73.34871752215372, 1.044405611524275 ], [ -73.347132471419513, 1.042959504224142 ], [ -73.352035018413062, 1.040649953551185 ], [ -73.352767835859765, 1.046221834897839 ], [ -73.363508749641596, 1.043501187873779 ], [ -73.362100244950909, 1.045854890778195 ], [ -73.365216995432036, 1.046497158870348 ], [ -73.363249899886227, 1.048805830091944 ], [ -73.365053061745186, 1.052095010532622 ], [ -73.367033190957898, 1.048310964875608 ], [ -73.368174985628229, 1.051028028517085 ], [ -73.369979971068688, 1.048936391339429 ], [ -73.370523846609444, 1.050532059270362 ], [ -73.37355449260366, 1.05083433272287 ], [ -73.37304028844045, 1.051810821079464 ], [ -73.37515070042258, 1.053868950172083 ], [ -73.374246582199589, 1.056288822134678 ], [ -73.377172969638877, 1.056315897378921 ], [ -73.375653299241435, 1.058299827366518 ], [ -73.377859893019433, 1.059906446667822 ], [ -73.375489920713903, 1.060376506684514 ], [ -73.377907062694248, 1.062712307947638 ], [ -73.376321654430285, 1.066270084872228 ], [ -73.37928102803312, 1.065013233888708 ], [ -73.378704419653957, 1.066834868717889 ], [ -73.428282840817019, 1.0556241958556 ], [ -73.434174164231763, 1.05610659154754 ], [ -73.435091776059437, 1.052879905154398 ], [ -73.438515570051095, 1.050355397344154 ], [ -73.443959503351778, 1.049045850245677 ], [ -73.446605877609045, 1.049983934694972 ], [ -73.448594019800453, 1.048053988109076 ], [ -73.453252629084204, 1.047844345409212 ], [ -73.455794663938036, 1.04450506588524 ], [ -73.464937923612183, 1.043735503720914 ], [ -73.471199098995555, 1.034161295810696 ], [ -73.479453621413199, 1.032914911106891 ], [ -73.483770402594359, 1.028225212004801 ], [ -73.491288420876458, 1.026035459855268 ], [ -73.49236915790658, 1.024202763162914 ], [ -73.492379057348899, 1.011619734744058 ], [ -73.502395712838904, 1.006212527296629 ], [ -73.507227884858708, 1.001466086064403 ], [ -73.511304142829147, 0.988686153964946 ], [ -73.514666313241548, 0.984838324278641 ], [ -73.513031082575594, 0.982001530385694 ], [ -73.513591806032878, 0.972841013163173 ], [ -73.517784805557426, 0.961846556877218 ], [ -73.516145775014763, 0.95502711223611 ], [ -73.518358145862976, 0.94418858025155 ], [ -73.521139680745591, 0.941389565038033 ], [ -73.521016782133586, 0.937058875230403 ], [ -73.524827346079064, 0.931885345825685 ], [ -73.523717729087878, 0.926477997342633 ], [ -73.527135934655689, 0.922030538133081 ], [ -73.52682565720761, 0.918567334120333 ], [ -73.529404270590646, 0.913822119089443 ], [ -73.527901371752932, 0.912218500163584 ], [ -73.529131640667799, 0.909066471914895 ], [ -73.538170876247477, 0.900851451146958 ], [ -73.538644064200469, 0.897635150185083 ], [ -73.540285276752684, 0.897309350734848 ], [ -73.540203898306231, 0.891363372876523 ], [ -73.537497706084878, 0.891092953709349 ], [ -73.53656325083216, 0.889613285323489 ], [ -73.53911327171528, 0.886729487944169 ], [ -73.537762088568513, 0.885100614660619 ], [ -73.54063829697435, 0.882047161321528 ], [ -73.537610300114011, 0.875238812679653 ], [ -73.539252241200472, 0.873510515577792 ], [ -73.53562929055164, 0.870669469955256 ], [ -73.53817549269337, 0.866402407869906 ], [ -73.536242346305812, 0.863036502259737 ], [ -73.536702570660623, 0.858488376860916 ], [ -73.53793025332368, 0.855118779171955 ], [ -73.540210717423008, 0.855273924633414 ], [ -73.541390393180734, 0.849088403627116 ], [ -73.539627764237935, 0.846575690705941 ], [ -73.545041181744068, 0.839352275156277 ], [ -73.550699553853747, 0.837215830874772 ], [ -73.550155192324041, 0.831862660727973 ], [ -73.552507189326434, 0.831128388907747 ], [ -73.553131976189263, 0.826702065277087 ], [ -73.556053818149621, 0.824717874777809 ], [ -73.554783788870282, 0.823745277926104 ], [ -73.556740329203137, 0.823145968203359 ], [ -73.557539253724258, 0.813538746281844 ], [ -73.560769999607487, 0.81091640107937 ], [ -73.566830350160842, 0.809286901669542 ], [ -73.566495178579771, 0.802663795668325 ], [ -73.568442987281117, 0.802212725153576 ], [ -73.567530064662947, 0.800402519598869 ], [ -73.568565652330904, 0.799329356270974 ], [ -73.567241525563759, 0.799000088422675 ], [ -73.568538505221397, 0.797953225990627 ], [ -73.567180261310853, 0.797421316917355 ], [ -73.568977413435789, 0.792469829668293 ], [ -73.568097602745411, 0.790577153314892 ], [ -73.566420331788947, 0.790642467176289 ], [ -73.568000863095392, 0.788020871169346 ], [ -73.570947974684771, 0.787500942936572 ], [ -73.567944996823314, 0.785473221840582 ], [ -73.570075424184324, 0.783402334864179 ], [ -73.568459561211284, 0.782389761153874 ], [ -73.572441829277011, 0.780462982928454 ], [ -73.572903732584393, 0.777175968327707 ], [ -73.574970172896656, 0.775543296964089 ], [ -73.57718293002074, 0.776512712878826 ], [ -73.575892788344504, 0.777448165262231 ], [ -73.576526943744909, 0.778760047982254 ], [ -73.580623082346733, 0.773155690715578 ], [ -73.584386143342101, 0.772717988939505 ], [ -73.583986662216887, 0.769174592257443 ], [ -73.579869459003191, 0.764445862223481 ], [ -73.581626114144569, 0.763325903818505 ], [ -73.581254095437771, 0.76218368693974 ], [ -73.579267793895838, 0.761148001355335 ], [ -73.582474941017779, 0.759647059948254 ], [ -73.582536475663801, 0.757660230196588 ], [ -73.580700202775347, 0.757555191005025 ], [ -73.581581315125618, 0.756230354568307 ], [ -73.583765577666156, 0.757736791872638 ], [ -73.584941795805605, 0.757104727751922 ], [ -73.580964595140472, 0.749417154121676 ], [ -73.578294280761781, 0.749395792167222 ], [ -73.580216270962978, 0.746795437740432 ], [ -73.577856065148978, 0.747742387670327 ], [ -73.57742046273745, 0.74546565427747 ], [ -73.575805310332385, 0.745952413988578 ], [ -73.576869688129818, 0.741489871155114 ], [ -73.574198646115235, 0.742049655872137 ], [ -73.577072580883282, 0.739918187363044 ], [ -73.576393715397217, 0.737411324275583 ], [ -73.580015730899163, 0.738551185769866 ], [ -73.578733179993094, 0.735968277538067 ], [ -73.580166809684044, 0.737107900978595 ], [ -73.581648500179256, 0.734608380726159 ], [ -73.578182072110224, 0.729924627577736 ], [ -73.580915851615998, 0.728683067729105 ], [ -73.581995690330075, 0.731347758649505 ], [ -73.583539390680528, 0.72885830223124 ], [ -73.581134456814596, 0.723095537717682 ], [ -73.575808472404731, 0.718771800875912 ], [ -73.57656321774499, 0.717407379246297 ], [ -73.580453076043739, 0.717600586356625 ], [ -73.580304278981487, 0.714922933634699 ], [ -73.577216185679049, 0.71440453253908 ], [ -73.577550726642301, 0.709888281188633 ], [ -73.581407589794367, 0.710403230055809 ], [ -73.579803154299213, 0.705992126593142 ], [ -73.58098943267953, 0.703274884186726 ], [ -73.577806936246986, 0.700955647870637 ], [ -73.577069644288258, 0.702863904616735 ], [ -73.575365728380973, 0.701944649769119 ], [ -73.577043646124935, 0.699337548989169 ], [ -73.574147082776847, 0.693236723012022 ], [ -73.577640342646475, 0.691361848586831 ], [ -73.57449948316048, 0.690287993555587 ], [ -73.577509997893173, 0.688749878934137 ], [ -73.577349101412722, 0.686262994394544 ], [ -73.582260325240554, 0.685870150926298 ], [ -73.581452523560699, 0.684116953403253 ], [ -73.579992895706425, 0.684652744099983 ], [ -73.579675602410362, 0.68213240537422 ], [ -73.585153340240424, 0.683910825813898 ], [ -73.586105150059893, 0.68200659621842 ], [ -73.583240225401369, 0.678541639591141 ], [ -73.585508461623249, 0.675635735553387 ], [ -73.587578314637994, 0.675594692393649 ], [ -73.591156313554222, 0.680025811235145 ], [ -73.591901466676234, 0.678057953019089 ], [ -73.589778199792079, 0.673591186303792 ], [ -73.598773372073651, 0.672379476597541 ], [ -73.598460326913937, 0.669340862540459 ], [ -73.601599345750458, 0.667307793769331 ], [ -73.604961200853893, 0.661261110195786 ], [ -73.60697902430428, 0.662317706780003 ], [ -73.608473955079035, 0.655310561705668 ], [ -73.611239329256819, 0.654384155364388 ], [ -73.6122968708695, 0.655463338307799 ], [ -73.613753398635254, 0.65184905640847 ], [ -73.621739072142134, 0.651567164847676 ], [ -73.619599005850489, 0.647818306228377 ], [ -73.624783058128969, 0.645751515572917 ], [ -73.623217985942631, 0.642711743586523 ], [ -73.625202004863581, 0.641593188351168 ], [ -73.622379031562218, 0.64122247130427 ], [ -73.622233800814513, 0.638310724619242 ], [ -73.624825826953725, 0.638202074197391 ], [ -73.626601006269311, 0.636334745626574 ], [ -73.627711529661383, 0.641793226256347 ], [ -73.630472960231941, 0.635497708252515 ], [ -73.629637948560458, 0.640211120202056 ], [ -73.630680489194219, 0.640952887571027 ], [ -73.63305293097045, 0.63355219564695 ], [ -73.634772252098855, 0.635049013783572 ], [ -73.637429665761431, 0.633952279542152 ], [ -73.634024125550866, 0.626989743942049 ], [ -73.637178954749004, 0.628176068136472 ], [ -73.639298566385321, 0.626701887563026 ], [ -73.637484525919547, 0.624327927632844 ], [ -73.637863794934731, 0.622445749898528 ], [ -73.640441367169558, 0.623094486764245 ], [ -73.6411722900678, 0.624707850622062 ], [ -73.642975136617906, 0.623253469831601 ], [ -73.642641107694772, 0.620635644955255 ], [ -73.636827157135372, 0.613899644887389 ], [ -73.63903592573638, 0.612290566895172 ], [ -73.643315436684986, 0.613971591015783 ], [ -73.641023600803464, 0.611010189015563 ], [ -73.644597826792506, 0.604758343542426 ], [ -73.641561368693715, 0.602301657691813 ], [ -73.645207747423854, 0.599541008656287 ], [ -73.642686022596422, 0.597283032999797 ], [ -73.642425053713623, 0.595093936620953 ], [ -73.645900178379804, 0.59512018541447 ], [ -73.64621031209731, 0.59140978370316 ], [ -73.649925950991076, 0.588895354100055 ], [ -73.649657049079622, 0.586632202346814 ], [ -73.651236304777285, 0.588805612331634 ], [ -73.65356386668617, 0.589079293284228 ], [ -73.652864950786977, 0.591133722213216 ], [ -73.655834637057467, 0.588998992816998 ], [ -73.654260834137915, 0.585444573797555 ], [ -73.651442945305121, 0.585885620902394 ], [ -73.650609496703453, 0.583970879213109 ], [ -73.656380238263239, 0.57983563781423 ], [ -73.654967556403108, 0.5775801208486 ], [ -73.65645517488565, 0.577370733270528 ], [ -73.654817968822783, 0.575401840194399 ], [ -73.6550521418377, 0.572887088994187 ], [ -73.660506846845522, 0.56976291033814 ], [ -73.660214212323638, 0.567193017806911 ], [ -73.658133210309018, 0.567566492683892 ], [ -73.655244731804942, 0.565755183997159 ], [ -73.661363578899568, 0.564231957166761 ], [ -73.663404155795888, 0.560004959975007 ], [ -73.662654773402153, 0.556265901983255 ], [ -73.665796981260428, 0.553809064317233 ], [ -73.665434798215585, 0.552274292329607 ], [ -73.661502925677439, 0.552042024643001 ], [ -73.661151478407078, 0.550711044623114 ], [ -73.669680963674239, 0.545652119678745 ], [ -73.668415812250828, 0.541368401916422 ], [ -73.670677374883155, 0.540310556672953 ], [ -73.672866224225174, 0.536295070678355 ], [ -73.676404114230309, 0.538158505947637 ], [ -73.676494870197473, 0.544934952693428 ], [ -73.684178876615078, 0.544450922066294 ], [ -73.693254476026425, 0.549654264782422 ], [ -73.699879664324385, 0.558911377924445 ], [ -73.699849411736409, 0.561573551763401 ], [ -73.697671267626163, 0.562420609852425 ], [ -73.69231666376686, 0.555674413897899 ], [ -73.689714993307064, 0.555825673244298 ], [ -73.685963745167101, 0.561301284760213 ], [ -73.684693160728443, 0.570316379893717 ], [ -73.692286412077237, 0.576306273726322 ], [ -73.700877979963138, 0.580753317913896 ], [ -73.696158667873988, 0.586924726375771 ], [ -73.698699835852892, 0.593459157807997 ], [ -73.704447715270476, 0.596575113279408 ], [ -73.715852718138478, 0.596998639628942 ], [ -73.719785478212771, 0.600991904878996 ], [ -73.718424137807006, 0.604017107078196 ], [ -73.707351907118039, 0.604561640186222 ], [ -73.70411494309144, 0.607647343069659 ], [ -73.704326706715392, 0.610763298541068 ], [ -73.709046018804543, 0.613576736218029 ], [ -73.715489695168174, 0.609008684373729 ], [ -73.719785478212771, 0.60934145565446 ], [ -73.726561925857084, 0.616601934823917 ], [ -73.728104777298881, 0.621623768300667 ], [ -73.735092988567146, 0.622440572005126 ], [ -73.740901372262272, 0.628339711667224 ], [ -73.743140019751763, 0.626917866085609 ], [ -73.744108083700951, 0.621533010536856 ], [ -73.742776995883105, 0.619596883536903 ], [ -73.736514833250453, 0.619506129366336 ], [ -73.734608957041701, 0.616662439101519 ], [ -73.734639686635433, 0.612926994136693 ], [ -73.737089620743063, 0.608040620424576 ], [ -73.741355152098095, 0.605015421818619 ], [ -73.74701227644681, 0.606558273260366 ], [ -73.748555127888608, 0.619203607978633 ], [ -73.749432435870631, 0.620867467077161 ], [ -73.751761840225583, 0.621169986668216 ], [ -73.756360142861354, 0.602655764875829 ], [ -73.754424014962979, 0.592884370315406 ], [ -73.758417279314813, 0.591976810643789 ], [ -73.760897943016175, 0.593761679195695 ], [ -73.760504666559598, 0.605832224624779 ], [ -73.761684495031034, 0.607102809961636 ], [ -73.763741630586196, 0.606739785194687 ], [ -73.767129853959204, 0.599570061992332 ], [ -73.765375237995158, 0.594064197888507 ], [ -73.766161790010017, 0.591523030807985 ], [ -73.767946657663686, 0.591160006041038 ], [ -73.769186990412663, 0.594578482001857 ], [ -73.770518078230509, 0.594608733691477 ], [ -73.773180253866201, 0.591523030807985 ], [ -73.778716368761536, 0.589254128933999 ], [ -73.774571845961589, 0.586833968611958 ], [ -73.778232337236091, 0.583324736683984 ], [ -73.776447469582422, 0.574460901795176 ], [ -73.777657548845184, 0.571102931010254 ], [ -73.785523068993768, 0.570528142619366 ], [ -73.786400376975791, 0.573039058908563 ], [ -73.784101225208758, 0.576518039146919 ], [ -73.784524753354958, 0.580632311155406 ], [ -73.786309621008627, 0.580420546633165 ], [ -73.789425575581845, 0.576760057155434 ], [ -73.791361704378517, 0.57679030704841 ], [ -73.795778495978254, 0.584958346787835 ], [ -73.798803696380901, 0.586501198229584 ], [ -73.801465872016593, 0.584232299050541 ], [ -73.801465872016593, 0.58223566687469 ], [ -73.795929756222961, 0.580904579056893 ], [ -73.795717991700712, 0.579452482684008 ], [ -73.800044028231582, 0.57654829083654 ], [ -73.808333074729774, 0.564659254646839 ], [ -73.812628858672724, 0.564023963775054 ], [ -73.816712878093426, 0.561301284760213 ], [ -73.824094365818269, 0.562783631924415 ], [ -73.829116196600239, 0.561331537348131 ], [ -73.835650628930978, 0.56332816772739 ], [ -73.834380045390674, 0.567321432079085 ], [ -73.839069103095255, 0.568531512240109 ], [ -73.835106092229694, 0.571768473571655 ], [ -73.834712816671413, 0.573734854057879 ], [ -73.83586239255493, 0.575005437598148 ], [ -73.841549766796618, 0.57506594367233 ], [ -73.844998496243818, 0.582538187364094 ], [ -73.851381667431554, 0.581025585815379 ], [ -73.861667347003959, 0.575307958087606 ], [ -73.870168158024399, 0.574793675770848 ], [ -73.871529498430164, 0.578333160286747 ], [ -73.867747997702281, 0.58444406087784 ], [ -73.873737894230032, 0.581600374206265 ], [ -73.875976540821227, 0.592642355001836 ], [ -73.892736148446829, 0.598057461341914 ], [ -73.895037236983171, 0.606864103145933 ], [ -73.893996858595983, 0.607832731237542 ], [ -73.888712632405372, 0.607012053096175 ], [ -73.888687344809966, 0.610523362829086 ], [ -73.884489958808388, 0.614074996170572 ], [ -73.884356345083177, 0.61766075653689 ], [ -73.896729411900367, 0.621896036202155 ], [ -73.897273947703354, 0.631788439317655 ], [ -73.901085699222563, 0.635358172828225 ], [ -73.903324346711997, 0.6353279211386 ], [ -73.904020142759748, 0.632211964768896 ], [ -73.905562995099842, 0.631334660380143 ], [ -73.912067173944308, 0.633482549207457 ], [ -73.915697414427541, 0.637778334946919 ], [ -73.923986461824029, 0.635116159311314 ], [ -73.925892337134485, 0.631153147547521 ], [ -73.925710443415824, 0.622756771152278 ], [ -73.932132084986279, 0.616406878979285 ], [ -73.93618597129506, 0.616084003547632 ], [ -73.93847716757557, 0.618538063620589 ], [ -73.94452756838092, 0.620262426098303 ], [ -73.960760410690625, 0.615187124853269 ], [ -73.962769416271158, 0.615689377820432 ], [ -73.966187998233409, 0.621986791271025 ], [ -73.971330836672109, 0.623045611187337 ], [ -73.973539231573682, 0.625405268130135 ], [ -73.974900572877743, 0.629580042619563 ], [ -73.970816554355395, 0.630487604087775 ], [ -73.971058568770616, 0.632363225013596 ], [ -73.985458521249996, 0.6353279211386 ], [ -73.99132740832431, 0.638443878406662 ], [ -73.992658496142155, 0.641862355265781 ], [ -73.989905562742706, 0.646188389101621 ], [ -73.984732471716029, 0.649425354924701 ], [ -73.987818176396217, 0.651300976748878 ], [ -73.987606411873969, 0.655082478374937 ], [ -73.993868575404917, 0.655324493688503 ], [ -73.996651758697396, 0.662433711715019 ], [ -74.000735779016395, 0.664974878795485 ], [ -74.003549214896793, 0.663674045362256 ], [ -73.998950909566133, 0.660225315915225 ], [ -73.999495446267417, 0.657926165046566 ], [ -74.003942489556778, 0.659529518969204 ], [ -74.010658433821845, 0.657442131724489 ], [ -74.013471869702244, 0.661284135831546 ], [ -74.013320610355834, 0.663734547843203 ], [ -74.009206339245566, 0.66306900528175 ], [ -74.010870198344094, 0.669452174672623 ], [ -74.004547531433957, 0.675744591689634 ], [ -74.005939122630991, 0.677650466101677 ], [ -74.010386165920352, 0.678739537707611 ], [ -74.01201977422761, 0.682611796199183 ], [ -74.00990213529326, 0.683216833584746 ], [ -74.006907186580179, 0.681401715139868 ], [ -74.005061814648968, 0.685879010118705 ], [ -74.009387851179895, 0.689055469867656 ], [ -74.008298778675567, 0.696194939583744 ], [ -74.016981101630336, 0.695196623944962 ], [ -74.020429830179182, 0.7019730733857 ], [ -74.019582773886782, 0.708235236018091 ], [ -74.013986153815608, 0.707751202696069 ], [ -74.011293725591997, 0.710594892960939 ], [ -74.010991206000881, 0.714194879059432 ], [ -74.012685317687385, 0.714830172626208 ], [ -74.016708833728842, 0.71310580925014 ], [ -74.024846620880624, 0.715253699874098 ], [ -74.025784433140188, 0.718067135754405 ], [ -74.023182760883742, 0.722544430733187 ], [ -74.022849988704706, 0.728050295735365 ], [ -74.027357537169905, 0.724813331708877 ], [ -74.029928956838432, 0.725599881927057 ], [ -74.030685257163668, 0.727808277726853 ], [ -74.029142404823574, 0.732255321914359 ], [ -74.03694741979632, 0.731680534421772 ], [ -74.044205882246672, 0.727942548121044 ], [ -74.046839822912148, 0.728806594263925 ], [ -74.046749066944983, 0.737186399423953 ], [ -74.051861654592415, 0.738880510212103 ], [ -74.05812381902166, 0.745505695814842 ], [ -74.052224679359369, 0.752040129942018 ], [ -74.052829719439899, 0.755095580237534 ], [ -74.055975926601036, 0.756608179989657 ], [ -74.071253186164085, 0.757757755873136 ], [ -74.068984286086675, 0.761872026983328 ], [ -74.072947296952293, 0.765048486732281 ], [ -74.075669976865527, 0.770221578657082 ], [ -74.071464948889741, 0.772308966800095 ], [ -74.071253186164085, 0.774003079384841 ], [ -74.074732164605962, 0.775182906059643 ], [ -74.077031317271292, 0.779357682345671 ], [ -74.076305268635679, 0.782261873294837 ], [ -74.072523768806093, 0.784470269992933 ], [ -74.071797721068776, 0.786587909825565 ], [ -74.08386826829485, 0.785438333043793 ], [ -74.083596000393356, 0.788584542899769 ], [ -74.086469939653, 0.792910575837259 ], [ -74.086258176029048, 0.794907208911401 ], [ -74.08286995265604, 0.796329053594661 ], [ -74.074459896704468, 0.795209729400809 ], [ -74.076335521223598, 0.800534081570309 ], [ -74.080207777020348, 0.803922304943207 ], [ -74.084745576276873, 0.813330675634986 ], [ -74.082748944999253, 0.822769298914672 ], [ -74.080117021053184, 0.82473568029926 ], [ -74.075488464931198, 0.823041566816158 ], [ -74.07551871662082, 0.826369285911518 ], [ -74.07739434113995, 0.829333982036525 ], [ -74.076940561304127, 0.840375961035503 ], [ -74.091753823585179, 0.846085759040998 ], [ -74.091482560000998, 0.84801312207009 ], [ -74.087042484050528, 0.849455079150298 ], [ -74.090368971554767, 0.855322828956435 ], [ -74.097250373050599, 0.84899822527714 ], [ -74.100305605953793, 0.842330971536133 ], [ -74.104474418320024, 0.839775426908024 ], [ -74.106630213226538, 0.83980398527199 ], [ -74.113397401029488, 0.84514348933747 ], [ -74.11835143859787, 0.845971548941423 ], [ -74.116880924051998, 0.851882128657784 ], [ -74.135140907145683, 0.85623654388924 ], [ -74.130243983610228, 0.861361898403533 ], [ -74.130072656782716, 0.865716310041752 ], [ -74.146833585831189, 0.868043423690858 ], [ -74.147090567089322, 0.870698906872231 ], [ -74.144949046424074, 0.874339480684272 ], [ -74.149731766148079, 0.876009861556937 ], [ -74.149446228322631, 0.880264339133438 ], [ -74.151302210264134, 0.882520063610009 ], [ -74.158968836962117, 0.876852186418962 ], [ -74.162480916551942, 0.867143984795855 ], [ -74.168034580948643, 0.869314054841865 ], [ -74.1683343930153, 0.876994954882508 ], [ -74.175101581716604, 0.881863329935266 ], [ -74.174544788391813, 0.886417627663304 ], [ -74.179199013893481, 0.892371031001709 ], [ -74.176243717747013, 0.900451685255616 ], [ -74.177699949966836, 0.906690625521094 ], [ -74.176743406022013, 0.917726574124779 ], [ -74.178927749411002, 0.917983553586256 ], [ -74.180883669007471, 0.914342980672563 ], [ -74.180426813337647, 0.902950114952444 ], [ -74.189264132633411, 0.900651557870649 ], [ -74.194532259204664, 0.902764521070218 ], [ -74.193689926257775, 0.903849552050739 ], [ -74.189778096047917, 0.903435527189509 ], [ -74.189321238581499, 0.90459194734264 ], [ -74.192990362672731, 0.907218872160045 ], [ -74.197287670159653, 0.907889877381099 ], [ -74.198943776791111, 0.910502527957296 ], [ -74.202527247350133, 0.906490753804414 ], [ -74.207738266176591, 0.90971730275517 ], [ -74.206481909266813, 0.912701148282369 ], [ -74.210279527580383, 0.916698641007499 ], [ -74.211578716197039, 0.92095311588905 ], [ -74.210108209736006, 0.922666329366893 ], [ -74.204069133102166, 0.923351618710644 ], [ -74.204797253254526, 0.926292629836022 ], [ -74.217860490864609, 0.924422373653369 ], [ -74.222314841954642, 0.926992192522694 ], [ -74.223771073276112, 0.934830137963089 ], [ -74.226298061336934, 0.93714297557428 ], [ -74.228596616622156, 0.93680033180076 ], [ -74.237905066727251, 0.929533455722989 ], [ -74.240032314049586, 0.929490623117816 ], [ -74.240232180376381, 0.936314916868689 ], [ -74.246271257010221, 0.945580537063193 ], [ -74.245214776308728, 0.947279476299828 ], [ -74.240446338012475, 0.947550730900861 ], [ -74.240217906135172, 0.948721424396904 ], [ -74.247170695006901, 0.954831882118193 ], [ -74.24896956291542, 0.952618990246797 ], [ -74.246114214305408, 0.949520925636831 ], [ -74.24662817592332, 0.947593562607739 ], [ -74.252895677247977, 0.950506027945581 ], [ -74.253152657607757, 0.952733202143025 ], [ -74.249754789015867, 0.955602833079046 ], [ -74.250668502152109, 0.95747309016 ], [ -74.25710732042279, 0.95740170098751 ], [ -74.261790103390126, 0.954018107535298 ], [ -74.265701933599928, 0.955445783187702 ], [ -74.266929733044094, 0.96225580269736 ], [ -74.26331771490095, 0.965111159392116 ], [ -74.26194714609494, 0.968637515019683 ], [ -74.280920966116526, 0.974919289687049 ], [ -74.284587863282411, 0.978812506789168 ], [ -74.281424580032422, 0.984142643215429 ], [ -74.283876126617258, 0.98966257584612 ], [ -74.286489308996636, 0.989057719920442 ], [ -74.286375097100404, 0.991342002760914 ], [ -74.287874151145616, 0.989971433056649 ], [ -74.289101959572918, 0.991470499678194 ], [ -74.293699070143361, 0.990428290523055 ], [ -74.295412282722964, 0.9933407531659 ], [ -74.29334215212856, 0.995111071693584 ], [ -74.295911970997963, 0.995896292404118 ], [ -74.297339645752118, 0.993783336391088 ], [ -74.307490428804101, 0.994340130614219 ], [ -74.307304836718458, 0.997209752567051 ], [ -74.305006271551804, 0.998323341911594 ], [ -74.305634445964301, 0.999993721885905 ], [ -74.3068622552899, 1.000993096639284 ], [ -74.3073476594422, 0.999065735406787 ], [ -74.308789617420757, 0.999679634679703 ], [ -74.309374959228023, 1.002991849739214 ], [ -74.313315346903494, 1.003063229928563 ], [ -74.315927999276425, 1.007631790219732 ], [ -74.319639954176239, 1.006875121584924 ], [ -74.321495936117742, 1.009973187991485 ], [ -74.319283036161437, 1.011729222396475 ], [ -74.320053988020618, 1.013242564157584 ], [ -74.323623173558587, 1.012400236600666 ], [ -74.322523861150216, 1.014184832962809 ], [ -74.32308065357671, 1.017625533261464 ], [ -74.324850973002754, 1.014541749181006 ], [ -74.326050223964444, 1.014684521237793 ], [ -74.325393492984631, 1.020723588888244 ], [ -74.329833568935101, 1.014127724319775 ], [ -74.330890051433187, 1.015455462317163 ], [ -74.333902442748013, 1.014841563942602 ], [ -74.335587107743436, 1.019809873955435 ], [ -74.337742893666814, 1.021508814988661 ], [ -74.339341895248481, 1.021508814988661 ], [ -74.340755294863072, 1.019210251618731 ], [ -74.342782594648952, 1.023222025771614 ], [ -74.340484040262027, 1.023764535871981 ], [ -74.341883156652273, 1.027505050932291 ], [ -74.346780089170807, 1.030388958804466 ], [ -74.345909207741443, 1.031117075363507 ], [ -74.344552914074995, 1.029746509252428 ], [ -74.343810518783073, 1.031031411949751 ], [ -74.352733503289187, 1.034586326839577 ], [ -74.35129154531063, 1.039397603130743 ], [ -74.354717971368189, 1.041610494103838 ], [ -74.354875014971299, 1.044979814213139 ], [ -74.357758921046923, 1.043495034409185 ], [ -74.361171072863215, 1.044394462524405 ], [ -74.360928365846348, 1.046121950243511 ], [ -74.357730372564447, 1.04840624116888 ], [ -74.359001003715491, 1.049919580235037 ], [ -74.35823005185631, 1.051747002914224 ], [ -74.360514341883402, 1.050747629059204 ], [ -74.363840821302801, 1.053060465772097 ], [ -74.362341766359293, 1.055230535818046 ], [ -74.365739634951183, 1.056001477795773 ], [ -74.366182217278038, 1.05955639088895 ], [ -74.368266623012005, 1.059841929612743 ], [ -74.367638448599564, 1.058085887122914 ], [ -74.370265365332216, 1.0588853838713 ], [ -74.37007977324663, 1.062140483999536 ], [ -74.3740201609221, 1.060127459353341 ], [ -74.3762187785523, 1.062854323622414 ], [ -74.380616022795891, 1.063625274583273 ], [ -74.380487536658393, 1.069450195377422 ], [ -74.377946266271465, 1.070835035729705 ], [ -74.380630297935397, 1.072619627600307 ], [ -74.379816523352474, 1.07511806717863 ], [ -74.381601125104623, 1.077916312535349 ], [ -74.380316210729177, 1.080300528539307 ], [ -74.3824862798769, 1.08221362002207 ], [ -74.380030680988568, 1.0873247002951 ], [ -74.382257856084436, 1.086882118866559 ], [ -74.383485656426899, 1.088766657375315 ], [ -74.38258621843022, 1.089965899353828 ], [ -74.384013892286077, 1.090708295543965 ], [ -74.381872379705669, 1.09294974488097 ], [ -74.38452785390399, 1.096875856518452 ], [ -74.382657597721277, 1.097875234865066 ], [ -74.383000242393166, 1.099174413600193 ], [ -74.38492760362567, 1.09848913234133 ], [ -74.38644094179358, 1.101244544194526 ], [ -74.386198234776714, 1.098931714668178 ], [ -74.388211261219624, 1.098446303329405 ], [ -74.390181455057359, 1.101715683088742 ], [ -74.389396237940105, 1.103129083601637 ], [ -74.390895292883613, 1.103985690789703 ], [ -74.393208131393237, 1.102372414068527 ], [ -74.39683443186243, 1.105984433109849 ], [ -74.403915707770011, 1.105613241752148 ], [ -74.403501682908768, 1.107840414152941 ], [ -74.4078846439279, 1.108211608205646 ], [ -74.412024907811713, 1.112337597847997 ], [ -74.413980827408182, 1.110453064729195 ], [ -74.415793977642807, 1.111780801828285 ], [ -74.418692158857993, 1.111066965798699 ], [ -74.419834303871539, 1.112009225620741 ], [ -74.418249577429435, 1.113536839826511 ], [ -74.418749264806138, 1.117591448381222 ], [ -74.420348266387805, 1.116406470762481 ], [ -74.423746134081398, 1.116963264087313 ], [ -74.42346059625595, 1.115278608075074 ], [ -74.425930478368684, 1.115021630410199 ], [ -74.427215391845778, 1.116791948039585 ], [ -74.428914322099331, 1.116163763745619 ], [ -74.42927124101243, 1.117562890017252 ], [ -74.433725591204109, 1.119276104393451 ], [ -74.43593849205871, 1.126714299213885 ], [ -74.438622522824403, 1.125900521936042 ], [ -74.439193591288756, 1.128156257192393 ], [ -74.440635549267313, 1.126971278675361 ], [ -74.444547378578818, 1.129512540079066 ], [ -74.445489649180672, 1.133038903791478 ], [ -74.444418893339673, 1.135608723559091 ], [ -74.446017885938147, 1.136165516883864 ], [ -74.444404610115271, 1.139020867290429 ], [ -74.447374179604651, 1.141776287228524 ], [ -74.448459218670109, 1.141347978244592 ], [ -74.448059468948429, 1.144017736565524 ], [ -74.450400855940529, 1.148072335238799 ], [ -74.454755267578889, 1.148814732327289 ], [ -74.457325088244943, 1.155624751836894 ], [ -74.460237542803043, 1.155924563005243 ], [ -74.459637925856214, 1.159822120770356 ], [ -74.461336856109767, 1.160735833008216 ], [ -74.46302152110519, 1.158365887652289 ], [ -74.464049445239368, 1.161007089405902 ], [ -74.465891143956469, 1.159765015720567 ], [ -74.466419388798784, 1.16200646415922 ], [ -74.46522204316534, 1.162793120378726 ], [ -74.466578336831788, 1.16798986316721 ], [ -74.465407644234062, 1.171387730860632 ], [ -74.466449841711153, 1.173200881993492 ], [ -74.469376580392009, 1.171330624912551 ], [ -74.470361681802444, 1.175370951141147 ], [ -74.473188481929981, 1.175942019605536 ], [ -74.47642930691876, 1.17157333462435 ], [ -74.480797993696683, 1.172330004157465 ], [ -74.482268500157772, 1.173557802703228 ], [ -74.481483283040461, 1.176398876173646 ], [ -74.483225045000893, 1.181438577155613 ], [ -74.491933870074263, 1.185350408263588 ], [ -74.493789852015766, 1.191318095724683 ], [ -74.497073508711424, 1.192188987035509 ], [ -74.498015779313278, 1.193802252976899 ], [ -74.503269620863477, 1.193402509543419 ], [ -74.505525353424957, 1.195201381943477 ], [ -74.511064741783798, 1.191889172273914 ], [ -74.514619654877151, 1.195101443390163 ], [ -74.518088902760098, 1.19504433474713 ], [ -74.525384337202013, 1.199641455198853 ], [ -74.527325973574079, 1.206137378519112 ], [ -74.534364417774782, 1.211905193365168 ], [ -74.539603994066908, 1.214389357803872 ], [ -74.54240223762713, 1.212847463068703 ], [ -74.555436926754737, 1.218786593064184 ], [ -74.562075621233703, 1.226110575090038 ], [ -74.566715571595864, 1.227880893617729 ], [ -74.57255476483482, 1.233448833153747 ], [ -74.572569048059222, 1.23671821381144 ], [ -74.570755897824597, 1.238260108546672 ], [ -74.572369172749234, 1.247896920997173 ], [ -74.577808616266509, 1.259675254112914 ], [ -74.581420643392789, 1.263472873324712 ], [ -74.586060584771815, 1.264415143028241 ], [ -74.590186574414304, 1.268198487100416 ], [ -74.595540361704366, 1.274951392577149 ], [ -74.598095899146017, 1.282832168826074 ], [ -74.602715960791954, 1.283131001728339 ], [ -74.606843422774375, 1.28159662589807 ], [ -74.608960859587683, 1.283407188982531 ], [ -74.787462592695249, 1.567755837171084 ], [ -74.782385362765581, 1.576667380724339 ], [ -74.782726527012699, 1.582361919035937 ], [ -74.787134586980926, 1.584731045127738 ], [ -74.794940431099349, 1.583145284723969 ], [ -74.798694968872496, 1.585468140355182 ], [ -74.802505360341286, 1.596775894227618 ], [ -74.811648661337983, 1.604639689609229 ], [ -74.812764716559911, 1.608601367373759 ], [ -74.81130526028403, 1.612153213616134 ], [ -74.804058737351625, 1.614119562661306 ], [ -74.802534281624901, 1.616421430037555 ], [ -74.80339024022885, 1.619651698914869 ], [ -74.807464394343242, 1.621988038269278 ], [ -74.807801470354264, 1.625044368914514 ], [ -74.802053803837566, 1.634107036168439 ], [ -74.801738742856742, 1.642653634355125 ], [ -74.795158933889923, 1.650557702141322 ], [ -74.799310385401157, 1.661636246194772 ], [ -74.797866664028277, 1.666071901532057 ], [ -74.79484689304752, 1.668092402862315 ], [ -74.79811629167159, 1.673610929628499 ], [ -74.796783303915447, 1.674168800932489 ], [ -74.795272513371685, 1.681674526658179 ], [ -74.800214595252442, 1.687564040864365 ], [ -74.803364463949549, 1.688716502138836 ], [ -74.803256077632568, 1.691684901122417 ], [ -74.804878931300721, 1.691217650139858 ], [ -74.801677597181595, 1.696021375186747 ], [ -74.802975774294453, 1.699961411620525 ], [ -74.801361645071324, 1.703251552360962 ], [ -74.802698638418576, 1.705270398094864 ], [ -74.799857938647563, 1.706864944927433 ], [ -74.803491425644779, 1.708012022594154 ], [ -74.802338461313298, 1.708541224142968 ], [ -74.802788424204437, 1.710101028604267 ], [ -74.8058793705585, 1.710087887139506 ], [ -74.805261823224328, 1.711789261710831 ], [ -74.807287312005087, 1.711065920599643 ], [ -74.809154762746971, 1.714773171916744 ], [ -74.813501923178592, 1.715308632931476 ], [ -74.814244110061168, 1.717953003045626 ], [ -74.813172043577083, 1.718630519261036 ], [ -74.815283925204199, 1.719976732025303 ], [ -74.814053014891726, 1.721853006925166 ], [ -74.815178319175288, 1.723584804764446 ], [ -74.81263141544872, 1.72279775867583 ], [ -74.812385150202147, 1.725131509083535 ], [ -74.814147268901422, 1.725817500910368 ], [ -74.812514063938011, 1.727770454267339 ], [ -74.815511624055716, 1.732147730742762 ], [ -74.815034095439785, 1.733760304980804 ], [ -74.820169965641298, 1.732611992129614 ], [ -74.825092077957379, 1.735265046264595 ], [ -74.828670616761485, 1.734819837261747 ], [ -74.832024589142065, 1.73848273961624 ], [ -74.835434513134658, 1.739324750965944 ], [ -74.834950981971247, 1.743114795577202 ], [ -74.839099893943114, 1.745723419002775 ], [ -74.839982076187766, 1.748823845285529 ], [ -74.844323321208549, 1.75074928681669 ], [ -74.847036773619834, 1.756373715157767 ], [ -74.846717222855659, 1.759883754671849 ], [ -74.849642971592289, 1.762760806596357 ], [ -74.848698397708176, 1.764128555588409 ], [ -74.850509388391117, 1.766640570518101 ], [ -74.847469009143026, 1.774216647861308 ], [ -74.845681714239504, 1.774297068702892 ], [ -74.843086993152269, 1.778536600996107 ], [ -74.844246829601161, 1.780368679647137 ], [ -74.843870640013165, 1.7848872226017 ], [ -74.833296370137589, 1.789803141927062 ], [ -74.833550923247515, 1.794936978341028 ], [ -74.835852538197059, 1.797717396616726 ], [ -74.843990225635764, 1.797337147538819 ], [ -74.848616291625774, 1.800559181553414 ], [ -74.853965928695914, 1.813871554529231 ], [ -74.856796197221513, 1.815581017537754 ], [ -74.856037025878379, 1.840713493526705 ], [ -74.857874195286172, 1.84146036333057 ], [ -74.859339434920514, 1.848087129071162 ], [ -74.855549418156897, 1.854010411874078 ], [ -74.858822023769164, 1.861096941133323 ], [ -74.85803282711197, 1.864345202381859 ], [ -74.861690680930678, 1.868739906187642 ], [ -74.8639948183515, 1.876789846119206 ], [ -74.869460372321669, 1.884565000169536 ], [ -74.87068142900597, 1.889887886287299 ], [ -74.876729319018068, 1.90010521119833 ], [ -74.876366450558066, 1.903729130231696 ], [ -74.881575090643764, 1.905539104919186 ], [ -74.883497696191398, 1.908242171000815 ], [ -74.883383480701923, 1.910469347893204 ], [ -74.878599337147023, 1.916792767592014 ], [ -74.889772692166446, 1.928190714187404 ], [ -74.895969760126775, 1.930025752789624 ], [ -74.899753100605835, 1.934223121723086 ], [ -74.897208070766453, 1.940262787652 ], [ -74.901237094383305, 1.948747588884388 ], [ -74.901598769879627, 1.953297121046012 ], [ -74.905856814669107, 1.957618219533745 ], [ -74.917430926422412, 1.962812047286775 ], [ -74.922273617722624, 1.971411896747619 ], [ -74.922965763014076, 1.974221194086082 ], [ -74.919707611306308, 1.985836028299942 ], [ -74.919360593632121, 1.995306196844256 ], [ -74.917525646658078, 1.997436694273806 ], [ -74.918896217260794, 1.999359298024781 ], [ -74.918780295869169, 2.004604954119423 ], [ -74.917366526148385, 2.006339282514881 ], [ -74.918178202265153, 2.010318997566374 ], [ -74.920517285974995, 2.013103769081396 ], [ -74.919651954341873, 2.016149999061506 ], [ -74.920613298887417, 2.019114735610768 ], [ -74.92411977388366, 2.021093105022338 ], [ -74.92273271558912, 2.026389327324653 ], [ -74.927528220146485, 2.028816060624872 ], [ -74.93216288930887, 2.033731935932798 ], [ -74.93495872538216, 2.040238966930377 ], [ -74.938975238152125, 2.040056047334895 ], [ -74.942288527597668, 2.037169179511473 ], [ -74.943544679691399, 2.037826990267069 ], [ -74.943762217690619, 2.036093950056777 ], [ -74.948600129949682, 2.034519591079659 ], [ -74.948521498553532, 2.032669372733703 ], [ -74.953638406202629, 2.032050238973453 ], [ -74.956578824439532, 2.033115917532392 ], [ -74.953591962367113, 2.03905242893677 ], [ -74.955455168565891, 2.041254938970141 ], [ -74.953767012714422, 2.041887587894579 ], [ -74.952027883718245, 2.045496046011249 ], [ -74.950269016922903, 2.044601591871794 ], [ -74.950848961647637, 2.045968793789424 ], [ -74.946488906788147, 2.048065200126746 ], [ -74.948090852151381, 2.05186067415994 ], [ -74.945239142619471, 2.055884849565202 ], [ -74.946854659740779, 2.059376444855175 ], [ -74.945427573383597, 2.060356431254239 ], [ -74.945343019390123, 2.063538877381048 ], [ -74.942030927399799, 2.065480224495312 ], [ -74.945021099766677, 2.069866277517984 ], [ -74.940969429603456, 2.075179211192853 ], [ -74.941359282577764, 2.08034958301682 ], [ -74.937223116811595, 2.083845569275352 ], [ -74.939632585376671, 2.08877974058522 ], [ -74.938517043991453, 2.094242013006861 ], [ -74.942100883758314, 2.098446793047322 ], [ -74.946792453154444, 2.098469789038611 ], [ -74.949276225029166, 2.094376163925057 ], [ -74.953407220986776, 2.09258520299403 ], [ -74.960982150282405, 2.085941689049934 ], [ -74.965118894564114, 2.096604089114673 ], [ -74.965562322206324, 2.102954614600431 ], [ -74.969296064862419, 2.10397496862563 ], [ -74.968437419395286, 2.108258504029772 ], [ -74.973925619911824, 2.107541303806801 ], [ -74.977714550611324, 2.105365177314329 ], [ -74.980995462951626, 2.105950367306221 ], [ -74.985265406834856, 2.109448631694148 ], [ -74.987633594186434, 2.109326876638438 ], [ -74.991996140076196, 2.112976050927848 ], [ -74.998732017973339, 2.111453278645347 ], [ -75.001146509023215, 2.11351108254757 ], [ -75.002622552704054, 2.120231956770625 ], [ -75.005856307047623, 2.124733542214096 ], [ -75.004061444730098, 2.128394145777933 ], [ -75.005351431896031, 2.135934071292123 ], [ -75.003910966020328, 2.138252528768222 ], [ -75.008947442946351, 2.142925460802126 ], [ -75.01303218461311, 2.144407076737078 ], [ -75.014359468961004, 2.147318871032852 ], [ -75.019211332067528, 2.146275309013839 ], [ -75.022063187126605, 2.149418593952879 ], [ -75.026268115389371, 2.150459421498029 ], [ -75.025888498725863, 2.158091578014258 ], [ -75.02391526588508, 2.160851751840564 ], [ -75.025794532177315, 2.167229523250611 ], [ -75.022476990103826, 2.17569589463198 ], [ -75.024336918347501, 2.178043676735597 ], [ -75.023955785326621, 2.181664439984869 ], [ -75.020800003913564, 2.187061282662301 ], [ -75.01801773331016, 2.187533888506557 ], [ -75.013970100178994, 2.20038569397085 ], [ -75.009171068833098, 2.20426125287539 ], [ -75.00503337682801, 2.204550348930536 ], [ -75.003433746425117, 2.206208705843561 ], [ -75.00346423796509, 2.211138022653781 ], [ -75.00764145497584, 2.212662555635601 ], [ -75.006299867640621, 2.222785451365363 ], [ -75.007065092735331, 2.229446327961103 ], [ -75.009243120064468, 2.2304759418276 ], [ -75.005505881162549, 2.23346197026265 ], [ -75.003120485669626, 2.237682285780015 ], [ -75.004133431282753, 2.239685988601132 ], [ -75.003047245966115, 2.242665209597538 ], [ -75.000134060178766, 2.245427710960628 ], [ -75.005332586124666, 2.251580553925748 ], [ -75.006851962772714, 2.256452603989267 ], [ -75.003989008121152, 2.258926297656712 ], [ -75.004215029816635, 2.261676244155415 ], [ -75.002055256268591, 2.263597435753582 ], [ -75.001816676115425, 2.272035625165426 ], [ -74.999164904775625, 2.2732842197266 ], [ -75.001603881224696, 2.282200359064477 ], [ -75.003891316256158, 2.284186429739131 ], [ -75.001848738810111, 2.285525825183317 ], [ -74.999102979362192, 2.291134542875916 ], [ -74.989169665139059, 2.298696666676719 ], [ -74.994967597825848, 2.310103721298058 ], [ -74.995295645761075, 2.322277043060703 ], [ -74.984465380978293, 2.333719450908206 ], [ -74.985224547829887, 2.342802742599202 ], [ -74.987218988114762, 2.346722566024653 ], [ -74.994677745388685, 2.347588987315048 ], [ -75.003279168699407, 2.352762398142008 ], [ -75.010461675837007, 2.349372055641678 ], [ -75.009532439800296, 2.354447789875079 ], [ -75.002437864324349, 2.360083030347553 ], [ -74.998469907330843, 2.366913941992396 ], [ -74.994916324643555, 2.367818035062545 ], [ -74.993560188182357, 2.370429855594767 ], [ -74.995554630263882, 2.37658060548362 ], [ -74.9943994021761, 2.385470838286418 ], [ -74.992875840273769, 2.387647357342946 ], [ -74.993729702208157, 2.390594025164123 ], [ -74.997037265787526, 2.393535112646359 ], [ -74.99747256905988, 2.399378220746286 ], [ -74.995463477241003, 2.401822615837381 ], [ -74.995245825155678, 2.404735804319583 ], [ -74.990775595432069, 2.407263908987141 ], [ -74.993184412718051, 2.412870530908473 ], [ -74.992479661358175, 2.41952721955504 ], [ -74.989709427290848, 2.42389953283449 ], [ -74.98883741488163, 2.429444151188885 ], [ -74.984266793853408, 2.431440585735233 ], [ -74.983169308619779, 2.435094407911655 ], [ -74.990318013922945, 2.441085402181355 ], [ -74.996701230924771, 2.449249570178817 ], [ -75.002900915679618, 2.452212470570143 ], [ -75.005963410569336, 2.449872029504908 ], [ -75.010768791212797, 2.450245505280185 ], [ -75.012415590392209, 2.45542460154918 ], [ -75.012163095324183, 2.465931455503613 ], [ -75.009623464363926, 2.470786632497678 ], [ -75.01196391081919, 2.4725544159776 ], [ -75.015627857017023, 2.489748318964434 ], [ -75.010021839662159, 2.497303359543647 ], [ -75.011391247843903, 2.50950354185294 ], [ -75.005838919243104, 2.513686463170158 ], [ -75.008328753852481, 2.524044173312375 ], [ -75.002004575076512, 2.526658494756301 ], [ -74.996228162447835, 2.539655427662036 ], [ -74.986492910733034, 2.547622893201649 ], [ -74.984376554593894, 2.551581730490941 ], [ -74.987697370130888, 2.559633229899072 ], [ -74.98048930230982, 2.564861879075237 ], [ -74.98019051971329, 2.567887028273794 ], [ -74.984896307655049, 2.571042892331794 ], [ -74.987828084990383, 2.577055842342861 ], [ -74.997305149008639, 2.586536007347681 ], [ -75.018845186550777, 2.591415954507202 ], [ -75.023775057622117, 2.589922054100915 ], [ -75.028742275282866, 2.590314203170927 ], [ -75.032645090891606, 2.592443011766359 ], [ -75.037578386343569, 2.59777585302208 ], [ -75.037276181163065, 2.602153363957957 ], [ -75.039330293884859, 2.605327899514038 ], [ -75.049342694950269, 2.610440305701478 ], [ -75.049378718320213, 2.62296810834757 ], [ -75.055364859887106, 2.628708846152733 ], [ -75.06928864469927, 2.62716481162885 ], [ -75.074638493771999, 2.625199136320644 ], [ -75.086801696903592, 2.626445972877451 ], [ -75.093297673224697, 2.624139281544311 ], [ -75.103691825352428, 2.626188835312314 ], [ -75.118004169563903, 2.608602394284708 ], [ -75.120205167731513, 2.606817799719159 ], [ -75.126748684731979, 2.606163449276779 ], [ -75.134372406959471, 2.599054158486644 ], [ -75.134020462022022, 2.604850694291873 ], [ -75.149526240599073, 2.620740646688976 ], [ -75.15015680183717, 2.63361353023994 ], [ -75.152855520069409, 2.637466001524953 ], [ -75.155599502648272, 2.645926009235785 ], [ -75.153520114009154, 2.656917799319821 ], [ -75.140280954685238, 2.668797225324896 ], [ -75.133332094149353, 2.691488890503577 ], [ -75.134277623841683, 2.694309471589356 ], [ -75.138353228736378, 2.695162505276387 ], [ -75.144639028757922, 2.699726854262162 ], [ -75.148898264714433, 2.700178949755448 ], [ -75.151111162874088, 2.703010508262772 ], [ -75.154093446229865, 2.704123760738775 ], [ -75.153789573774873, 2.707408272631171 ], [ -75.146811568274643, 2.722372114232873 ], [ -75.140125098655858, 2.726038351136413 ], [ -75.122826602939938, 2.729474804197017 ], [ -75.120578011990631, 2.729522396080357 ], [ -75.118186940038925, 2.726434976515042 ], [ -75.114385464356474, 2.724715883558954 ], [ -75.107728128922133, 2.731857043905759 ], [ -75.096282921921556, 2.737567750108729 ], [ -75.091857122009003, 2.734522035762037 ], [ -75.089596635559246, 2.730453160152606 ], [ -75.087859630182038, 2.730334188079851 ], [ -75.084018550442067, 2.733142108299922 ], [ -75.074718604694567, 2.745459186673688 ], [ -75.072247090341648, 2.746038301354428 ], [ -75.070344334882691, 2.742146321233432 ], [ -75.06973322398261, 2.745137550918097 ], [ -75.057896963857559, 2.758324690558718 ], [ -75.055041635908822, 2.764425024258663 ], [ -75.047995113152353, 2.770194601600755 ], [ -75.046216753798149, 2.774527389874533 ], [ -75.042353337430825, 2.777011013527061 ], [ -75.041111523358722, 2.783082100752996 ], [ -75.035870351657366, 2.788374738774435 ], [ -75.026485726152146, 2.793154582988793 ], [ -75.025519871161976, 2.799777582090436 ], [ -75.021104539325734, 2.803641002949175 ], [ -75.022484331142152, 2.809574107939257 ], [ -75.020276663876587, 2.814955296562085 ], [ -75.014343557988013, 2.824199900653751 ], [ -75.011859928945512, 2.824475860634037 ], [ -75.009514284833926, 2.82723544516508 ], [ -75.005512888925637, 2.834686321512496 ], [ -75.000821592617569, 2.837721865125459 ], [ -74.996544237627347, 2.846138596462958 ], [ -74.99171496806656, 2.850967867820239 ], [ -74.988955381738776, 2.858004808239722 ], [ -74.984678026748554, 2.861040351852681 ], [ -74.975433421758225, 2.862834077800403 ], [ -74.971294046308969, 2.870146977301751 ], [ -74.964119124551701, 2.873044544068695 ], [ -74.962601354990966, 2.878011793170346 ], [ -74.955793053959553, 2.879709918532685 ], [ -74.95459856227609, 2.88587660814065 ], [ -74.950597163672853, 2.890981841274798 ], [ -74.947285663672744, 2.892913544966822 ], [ -74.937075202794006, 2.907539343969576 ], [ -74.931526187182556, 2.909861168334069 ], [ -74.928329467712786, 2.906249999099641 ], [ -74.922500613192653, 2.905416725669635 ], [ -74.919166563664362, 2.900416613473797 ], [ -74.919998167124902, 2.899166816965804 ], [ -74.917915346020379, 2.891666652714439 ], [ -74.910625452391514, 2.883541823771214 ], [ -74.907501216243134, 2.88833332004242 ], [ -74.905830380822465, 2.888333560791075 ], [ -74.904998779158575, 2.891666652714439 ], [ -74.900001526302333, 2.892499926144448 ], [ -74.898750306861757, 2.896666772995115 ], [ -74.895416260028412, 2.899999856833651 ], [ -74.894165040587779, 2.904999961842941 ], [ -74.879997263268535, 2.912083143078483 ], [ -74.878334041974313, 2.914999952672513 ], [ -74.87124632963264, 2.916666505820715 ], [ -74.859169003714044, 2.914999952672513 ], [ -74.856666573815971, 2.915833234187357 ], [ -74.8516693137733, 2.913333421982184 ], [ -74.845413212078711, 2.916666754654257 ], [ -74.836875920445493, 2.908541554706542 ], [ -74.832916262095239, 2.910833361841871 ], [ -74.832496646115203, 2.914999951774214 ], [ -74.829170234967819, 2.919583564248227 ], [ -74.824165351815566, 2.922916896021953 ], [ -74.817497257250523, 2.923750154180574 ], [ -74.815002434292353, 2.928333284258941 ], [ -74.809791564586305, 2.929791572724026 ], [ -74.804168695721614, 2.935833455696844 ], [ -74.799163814365954, 2.937916759197007 ] ] ] ] } },
{ "type": "Feature", "properties": { "dpto_ccdgo": "18", "mpio_ccdgo": "756", "mpio_cdpmp": "18756", "dpto_cnmbr": "CAQUETÁ", "mpio_cnmbr": "SOLANO", "mpio_crslc": "Ordenanza 3 de Noviembre 12 de 1985", "mpio_tipo": "MUNICIPIO", "mpio_narea": 42312.783609400001, "mpio_nano": 2024, "shape_Leng": 20.0458589831, "shape_Area": 3.4357902616899998 }, "geometry": { "type": "MultiPolygon", "coordinates": [ [ [ [ -72.694378897995023, 1.163756971225836 ], [ -72.670770712441822, 1.163827233910123 ], [ -72.666484702176945, 1.160665423898463 ], [ -72.663779596917948, 1.151742092642673 ], [ -72.658755830265022, 1.151039465800143 ], [ -72.654188771059751, 1.159506094099896 ], [ -72.651448535356963, 1.171661498051511 ], [ -72.65390772122106, 1.180690224232035 ], [ -72.649902760794873, 1.181814423586816 ], [ -72.645932930812535, 1.179320109075598 ], [ -72.643649401659047, 1.165302746686172 ], [ -72.635674613047172, 1.157644136560437 ], [ -72.637255518053053, 1.153779703299495 ], [ -72.636306975408843, 1.150828677747396 ], [ -72.62257066285764, 1.136249216578842 ], [ -72.619233197033566, 1.134106212793949 ], [ -72.605637409850885, 1.132314521532025 ], [ -72.589687830830485, 1.12490183080118 ], [ -72.587509695703375, 1.122266990921446 ], [ -72.586631413946805, 1.115697448808357 ], [ -72.582450798606658, 1.113835493963842 ], [ -72.579710562903813, 1.114713773923734 ], [ -72.574300354182412, 1.113589573670655 ], [ -72.570998017005536, 1.107652396614154 ], [ -72.56544728291567, 1.103436649033706 ], [ -72.557030996244293, 1.093614065732631 ], [ -72.539719307859627, 1.085192049602115 ], [ -72.520587474951924, 1.081017449386021 ], [ -72.513517925661461, 1.073968880265966 ], [ -72.512657832108914, 1.069500591803357 ], [ -72.510916668427001, 1.0680111623158 ], [ -72.505168726127295, 1.068346807309428 ], [ -72.498455802898889, 1.073822034346056 ], [ -72.492498083151929, 1.073234653361479 ], [ -72.488449349583732, 1.071178820364575 ], [ -72.484148882719467, 1.071598377055774 ], [ -72.479072234000228, 1.079234328058699 ], [ -72.471331392925947, 1.079465084777826 ], [ -72.468562313194639, 1.084017286734662 ], [ -72.455681889178777, 1.079863665790394 ], [ -72.455010597394903, 1.069878191747388 ], [ -72.452451294212608, 1.065556749204683 ], [ -72.444836321582954, 1.059640982611731 ], [ -72.442025285104592, 1.054081843877529 ], [ -72.437724818240326, 1.052151874833707 ], [ -72.432920880292386, 1.04757869809665 ], [ -72.42622631415145, 1.037301619900251 ], [ -72.423659439063556, 1.022663494205335 ], [ -72.413322562665712, 1.012465367205591 ], [ -72.39946043017892, 1.003933851744573 ], [ -72.40243614235311, 0.993494731714839 ], [ -72.410478608295819, 0.986819485656361 ], [ -72.404929305223334, 0.978133620641904 ], [ -72.400465090623641, 0.967362853124818 ], [ -72.395337899951301, 0.963757768184675 ], [ -72.391319693855678, 0.963570871744255 ], [ -72.386273575304074, 0.961141259341245 ], [ -72.379451970212756, 0.961608492357483 ], [ -72.377022357809665, 0.960206793308828 ], [ -72.383283282562843, 0.938994405748547 ], [ -72.392347606311773, 0.923295369755994 ], [ -72.391600033126451, 0.919090272610038 ], [ -72.386647361896735, 0.917688569968084 ], [ -72.374032065068434, 0.917408228900732 ], [ -72.354408271199986, 0.935069645178352 ], [ -72.350763850798728, 0.934882754127821 ], [ -72.339924041408494, 0.926659448191425 ], [ -72.34039127442469, 0.921146095725459 ], [ -72.342820885929484, 0.913576918347361 ], [ -72.346465305432389, 0.908157012304926 ], [ -72.346932538448641, 0.902924000007953 ], [ -72.345437392976351, 0.898158222523878 ], [ -72.332354863131854, 0.879375447366609 ], [ -72.333943455926033, 0.875731029660469 ], [ -72.343194673420442, 0.870684908414029 ], [ -72.343568460013103, 0.868629082603666 ], [ -72.340332223622454, 0.861984335271695 ], [ -72.331140056031984, 0.850768067697373 ], [ -72.329831804305172, 0.842931255931713 ], [ -72.327589082952613, 0.839940964088941 ], [ -72.322262626028532, 0.841342666730833 ], [ -72.31880509937281, 0.844613295149431 ], [ -72.316655827138788, 0.853023495729648 ], [ -72.325346365193354, 0.867507724622372 ], [ -72.323944664348005, 0.875357243067821 ], [ -72.319272333287358, 0.877132726912472 ], [ -72.310021115792949, 0.875824475185706 ], [ -72.304788104394106, 0.880403360720966 ], [ -72.300115770638513, 0.882085399938678 ], [ -72.29516309940874, 0.881150933906263 ], [ -72.291705572753017, 0.877786856369135 ], [ -72.287500474708565, 0.87012422987256 ], [ -72.287033241692313, 0.862274710528812 ], [ -72.290584212975034, 0.855826892030307 ], [ -72.296564797559142, 0.85395796086377 ], [ -72.298246837675265, 0.852089029697179 ], [ -72.301330577738383, 0.841155770290413 ], [ -72.295443437781216, 0.831624211728952 ], [ -72.287967707724818, 0.823774695080152 ], [ -72.286752902421597, 0.818728576528656 ], [ -72.289275961248222, 0.816766196243585 ], [ -72.303292957125223, 0.817420324801944 ], [ -72.309740775623879, 0.813308673181224 ], [ -72.31011456221654, 0.809290466187433 ], [ -72.29961737773516, 0.795556226051676 ], [ -72.292639451286789, 0.781491721835191 ], [ -72.280495927563834, 0.770336496629685 ], [ -72.269654450000758, 0.76310517859419 ], [ -72.263943314402525, 0.763367846192586 ], [ -72.261710662274027, 0.765337831620911 ], [ -72.260988332666614, 0.773349108930139 ], [ -72.261776328275289, 0.778142743193402 ], [ -72.270029126824568, 0.78780708992769 ], [ -72.27034076162812, 0.79409849633915 ], [ -72.267257582114212, 0.794868861597985 ], [ -72.25514429480944, 0.79221146769848 ], [ -72.248695818743499, 0.788537374123197 ], [ -72.242662536247849, 0.773891316298037 ], [ -72.238118236776756, 0.767510599309829 ], [ -72.22701203267502, 0.758690913957474 ], [ -72.221851268340515, 0.747279620182923 ], [ -72.223952586669782, 0.735459703121214 ], [ -72.229271550740123, 0.725938100596004 ], [ -72.230519209256101, 0.718189483698627 ], [ -72.22907743094072, 0.714536630805211 ], [ -72.219018895060515, 0.704779267042407 ], [ -72.210059174819889, 0.700083359678438 ], [ -72.204646719410164, 0.699868610950427 ], [ -72.200378414055365, 0.701969929279683 ], [ -72.197357769013138, 0.707945555159271 ], [ -72.193089463658282, 0.724099445373546 ], [ -72.190791147325115, 0.726988759311456 ], [ -72.186774856439285, 0.72693515320249 ], [ -72.178104884431207, 0.723202130995927 ], [ -72.168514949702455, 0.712071347172181 ], [ -72.163933662968361, 0.713330187027347 ], [ -72.161044349928716, 0.716941826979342 ], [ -72.161110015031682, 0.720619134729187 ], [ -72.166722608957969, 0.73014006082249 ], [ -72.163648628199894, 0.733805244001377 ], [ -72.159278701745905, 0.732889579722772 ], [ -72.146222080233144, 0.719427451181543 ], [ -72.140293824352625, 0.718058155289349 ], [ -72.135565856090523, 0.723574117363299 ], [ -72.133595870662077, 0.735591031530548 ], [ -72.128867903298271, 0.739793669985651 ], [ -72.126700918069389, 0.740122003585304 ], [ -72.119477632775272, 0.734409040812519 ], [ -72.118623972961984, 0.730469068159168 ], [ -72.121184955096908, 0.726200763702803 ], [ -72.121381953999048, 0.721669797936235 ], [ -72.109824700043816, 0.704924909218849 ], [ -72.102141751842396, 0.700722271662044 ], [ -72.093999140733729, 0.698817953133333 ], [ -72.08973083627717, 0.700328275654369 ], [ -72.084280541102601, 0.704924909218849 ], [ -72.081128562261199, 0.704924909218849 ], [ -72.070359302117993, 0.692710992556226 ], [ -72.066944659271428, 0.685093711254669 ], [ -72.069308643402508, 0.671303808764637 ], [ -72.072526287346875, 0.666181840003362 ], [ -72.085593864721545, 0.662964197855692 ], [ -72.086578857435768, 0.660468879027227 ], [ -72.084280541102601, 0.65777656488981 ], [ -72.062873353717066, 0.657382568882134 ], [ -72.05164442976826, 0.655478248556722 ], [ -72.036475533165913, 0.663029862060364 ], [ -72.029684808585444, 0.664508758792775 ], [ -72.023950512604074, 0.663128281561303 ], [ -72.01736669085966, 0.654739215661675 ], [ -72.013650017105874, 0.653252549394153 ], [ -72.010358105784519, 0.653783501760911 ], [ -72.002818568342605, 0.658668271978963 ], [ -71.999314275355914, 0.658774461015006 ], [ -71.996447127365229, 0.655270168926725 ], [ -71.994217122573957, 0.644544913691452 ], [ -71.994960456606066, 0.633076318135849 ], [ -71.991987117782742, 0.632014410707444 ], [ -71.983279482978048, 0.632970128201505 ], [ -71.98147424061915, 0.630633934374267 ], [ -71.986571394299403, 0.618952959848337 ], [ -71.994960456606066, 0.60663483763136 ], [ -71.998464749592813, 0.603555308873735 ], [ -72.011313822380259, 0.598989111153714 ], [ -72.01173858481269, 0.596015770533778 ], [ -72.006960003630468, 0.592617669278196 ], [ -71.992405377305602, 0.590729333587675 ], [ -71.989121696355426, 0.586235875209063 ], [ -71.98894887023846, 0.581915241150759 ], [ -71.991541250314242, 0.576384832358862 ], [ -71.989762932282531, 0.563016231089667 ], [ -71.985841697602496, 0.560181606629842 ], [ -71.976392938623064, 0.560795773600929 ], [ -71.963873334008383, 0.556024149876313 ], [ -71.959526905704308, 0.551205282814934 ], [ -71.955369451645538, 0.541473063815254 ], [ -71.9531017499217, 0.540008505104524 ], [ -71.949652953100781, 0.541331331110026 ], [ -71.942991577939438, 0.551630478235605 ], [ -71.942991577939438, 0.557961148242796 ], [ -71.945212037224906, 0.56315796559149 ], [ -71.944786842702513, 0.568118560866501 ], [ -71.941385290116671, 0.571047679186318 ], [ -71.938645149635363, 0.569961068966237 ], [ -71.935385327958159, 0.561362700828528 ], [ -71.929290879126086, 0.553425742100266 ], [ -71.928912927940473, 0.543504546160343 ], [ -71.927306640117706, 0.539630553918865 ], [ -71.918377563232468, 0.527110950202953 ], [ -71.913180745883608, 0.515961414930969 ], [ -71.914078378265117, 0.5117567193322 ], [ -71.921164947050556, 0.506654389555367 ], [ -71.929149147319151, 0.497205628779598 ], [ -71.92900741641057, 0.486623023430162 ], [ -71.926125545020682, 0.481520692754977 ], [ -71.921920846726834, 0.478544332895032 ], [ -71.905432764095394, 0.478638822263481 ], [ -71.901464285180282, 0.471977445305762 ], [ -71.903259549943357, 0.468008967289084 ], [ -71.920786995864944, 0.460072010357469 ], [ -71.921873604288407, 0.454780706335282 ], [ -71.920503534047782, 0.452560247948244 ], [ -71.914881522176529, 0.447127211220824 ], [ -71.904204424763293, 0.442780781120296 ], [ -71.8980627316962, 0.443678414400076 ], [ -71.889842312947167, 0.447552404844899 ], [ -71.885070690120699, 0.455678336920166 ], [ -71.885023445885622, 0.459316108884566 ], [ -71.888141535755949, 0.46786723817715 ], [ -71.887102173364156, 0.469379038428009 ], [ -71.884173057739133, 0.468859354537188 ], [ -71.880724260918271, 0.465741265565316 ], [ -71.86825189964037, 0.459363354916294 ], [ -71.858992116702893, 0.457001165620674 ], [ -71.855212612931439, 0.452607491285014 ], [ -71.847275655999567, 0.438056404325653 ], [ -71.845716610615284, 0.428182450824157 ], [ -71.848031556574199, 0.419300619970943 ], [ -71.846897705712252, 0.413584118731426 ], [ -71.837543435202974, 0.407111717815656 ], [ -71.823417540968933, 0.405741650269963 ], [ -71.823842736389622, 0.403521190086274 ], [ -71.828992308605052, 0.398371617871017 ], [ -71.834945027426841, 0.396859817620095 ], [ -71.836267853432446, 0.395111795295564 ], [ -71.835134001672202, 0.381269363777438 ], [ -71.832913544183384, 0.373521384684423 ], [ -71.835748171338253, 0.365773401998173 ], [ -71.84311820283915, 0.358923055286638 ], [ -71.853748056017253, 0.356702595102948 ], [ -71.85393703116091, 0.353395529190779 ], [ -71.834614319578009, 0.340120022205254 ], [ -71.831779693321494, 0.338938928006619 ], [ -71.823464785203953, 0.339364121630641 ], [ -71.808205040107964, 0.346119982566972 ], [ -71.803622393323451, 0.350466411769259 ], [ -71.801874371897156, 0.355285278830644 ], [ -71.802630273370085, 0.362466337882596 ], [ -71.814960902841165, 0.367001738635229 ], [ -71.816236484611636, 0.371348167837512 ], [ -71.81481917103423, 0.373568627122848 ], [ -71.788882330321655, 0.363836407224874 ], [ -71.778913890146328, 0.364592306901189 ], [ -71.770457251120263, 0.369269443952287 ], [ -71.766961210064323, 0.369600150004517 ], [ -71.765969091009254, 0.367190714677231 ], [ -71.772441490128642, 0.358025420210215 ], [ -71.773480853418732, 0.348387688782385 ], [ -71.775795799377704, 0.346403447079071 ], [ -71.785244558357135, 0.345364082890715 ], [ -71.788598866707844, 0.340781436106359 ], [ -71.789071304567017, 0.335679105431166 ], [ -71.784630387792788, 0.33218306527364 ], [ -71.77664618842249, 0.33133267622894 ], [ -71.769323400258315, 0.327458685784107 ], [ -71.753685704875011, 0.332419287347313 ], [ -71.753969166692173, 0.317537490742483 ], [ -71.751323514680962, 0.297222659206881 ], [ -71.745229065848889, 0.289380189847074 ], [ -71.737244864681998, 0.285695174545947 ], [ -71.733796067861078, 0.286829027204454 ], [ -71.73137701965419, 0.302200341350534 ], [ -71.727160715117634, 0.30856052822486 ], [ -71.722444169841765, 0.311276115933221 ], [ -71.714440336876976, 0.313062687692272 ], [ -71.707865758804132, 0.318636783387896 ], [ -71.705007248121831, 0.31842239757954 ], [ -71.69950461166718, 0.30627372021805 ], [ -71.700862404623081, 0.299556215578335 ], [ -71.706150651676126, 0.29469674732866 ], [ -71.717441774126485, 0.292124087085854 ], [ -71.724373666371434, 0.288122170154443 ], [ -71.726303161104454, 0.280975887609773 ], [ -71.697932431106324, 0.237455043900029 ], [ -71.692644183154982, 0.23423922084226 ], [ -71.680638433258594, 0.230737541056903 ], [ -71.667203426673609, 0.223376873602229 ], [ -71.657270098077447, 0.220161050544461 ], [ -71.650481132399705, 0.213086230834244 ], [ -71.643906555225215, 0.209584553743835 ], [ -71.636188572699837, 0.210513568794792 ], [ -71.627041335282399, 0.215873278682054 ], [ -71.624111359968992, 0.215873278682054 ], [ -71.623896970567387, 0.21251452726049 ], [ -71.627470111390664, 0.204796547430319 ], [ -71.625187839879629, 0.201442331606252 ], [ -71.617775768088222, 0.196883474924492 ], [ -71.617122674389918, 0.192939287372503 ], [ -71.620773302154703, 0.190757905731475 ], [ -71.628603619994237, 0.191024401054343 ], [ -71.632074493829123, 0.189808884284895 ], [ -71.63712981832316, 0.18547884755295 ], [ -71.636148830301636, 0.18297210933149 ], [ -71.624779967584686, 0.18431855655627 ], [ -71.612679423790723, 0.181602479265714 ], [ -71.605782439207189, 0.183302544990603 ], [ -71.592440976962223, 0.197250436112177 ], [ -71.577010700048334, 0.207964033002404 ], [ -71.571148543157449, 0.215308574786554 ], [ -71.567914248926002, 0.216521435235643 ], [ -71.560771850699496, 0.21625191438446 ], [ -71.559963277366251, 0.212815475696883 ], [ -71.561715185805838, 0.208098796572088 ], [ -71.570879018713015, 0.204460215224987 ], [ -71.577212843606276, 0.197991628558905 ], [ -71.577886655166481, 0.17979872631484 ], [ -71.579571182719576, 0.177103482768939 ], [ -71.590015256962374, 0.169556795630264 ], [ -71.589947875177529, 0.166255122309023 ], [ -71.58738739340464, 0.16389678229745 ], [ -71.582199047175664, 0.163222969838972 ], [ -71.577414987164161, 0.164772734720622 ], [ -71.5687228231576, 0.170837037864139 ], [ -71.555853028914953, 0.171106561410269 ], [ -71.548306342674323, 0.173869190334252 ], [ -71.543724427119059, 0.172588947202018 ], [ -71.531461062651829, 0.165244405417875 ], [ -71.526879147096508, 0.159921294721087 ], [ -71.526137954649755, 0.152509372948686 ], [ -71.532000112438993, 0.141391488942701 ], [ -71.54264632934138, 0.135596712040204 ], [ -71.545004667556384, 0.131014793790146 ], [ -71.536379885334668, 0.121648820918632 ], [ -71.529709154212185, 0.11989691158075 ], [ -71.521488658208, 0.125354781355629 ], [ -71.516367691068865, 0.13222765513747 ], [ -71.510909822192104, 0.132968849380849 ], [ -71.503026230620549, 0.12946502980679 ], [ -71.495210020833838, 0.134788136910332 ], [ -71.494873114604559, 0.145569117382002 ], [ -71.485372377264753, 0.148533885372321 ], [ -71.483081419037944, 0.150555321849575 ], [ -71.482744513706962, 0.165648691635331 ], [ -71.476949736804272, 0.172117278301422 ], [ -71.475669496367004, 0.182965638761335 ], [ -71.473513299913236, 0.184987074340295 ], [ -71.469335670575447, 0.184919690758807 ], [ -71.464349467904412, 0.182089685439871 ], [ -71.459161121675436, 0.178585865865806 ], [ -71.455589922113006, 0.174071330298885 ], [ -71.456668019890742, 0.16308820806588 ], [ -71.461182554559457, 0.160392963621684 ], [ -71.468796621686636, 0.159112721387811 ], [ -71.470211624795297, 0.157293432960028 ], [ -71.470346388364987, 0.152644134721782 ], [ -71.466707807017713, 0.149611984048315 ], [ -71.461115173672965, 0.149948891175883 ], [ -71.454916110552801, 0.141324108056154 ], [ -71.449593003449081, 0.13903314893112 ], [ -71.439351071865872, 0.142200059580972 ], [ -71.43052414608627, 0.13977434227615 ], [ -71.421831981181413, 0.141997918718037 ], [ -71.408827425165669, 0.150690080927666 ], [ -71.404245508712108, 0.155271997381127 ], [ -71.401752407825711, 0.160123440973909 ], [ -71.403841221596281, 0.169691558301654 ], [ -71.402695742932053, 0.184380642768249 ], [ -71.399596212270296, 0.185863026763406 ], [ -71.391106190923324, 0.178316341421385 ], [ -71.37675401178717, 0.174879906327055 ], [ -71.373115432236546, 0.172117278301422 ], [ -71.36893780200046, 0.162347017415805 ], [ -71.370285425120926, 0.150420559178188 ], [ -71.365433984222875, 0.144558398694253 ], [ -71.360178257107407, 0.143210780065421 ], [ -71.351822998431828, 0.144491017807705 ], [ -71.345421790855426, 0.138628862713668 ], [ -71.341850592191349, 0.138291954687746 ], [ -71.339155346848713, 0.140380773848142 ], [ -71.338953204189181, 0.14287387203951 ], [ -71.343804644188879, 0.148938171589782 ], [ -71.34373726330233, 0.152441990265547 ], [ -71.340435588184334, 0.155069858314787 ], [ -71.335247241955358, 0.155002474733293 ], [ -71.33012627661293, 0.145097447583103 ], [ -71.322983878386424, 0.140582913812779 ], [ -71.320962444604049, 0.136337906283583 ], [ -71.321029826388894, 0.126904546237336 ], [ -71.323388164603898, 0.121850962679858 ], [ -71.329317704177981, 0.116190949347048 ], [ -71.328509129946383, 0.112889273330861 ], [ -71.322040543280082, 0.111002603118242 ], [ -71.307418839699494, 0.101906153792864 ], [ -71.292594992561021, 0.098065427989528 ], [ -71.290304035232509, 0.095909230637539 ], [ -71.290169272561172, 0.085263014633799 ], [ -71.297042147241541, 0.074953703961028 ], [ -71.29663786012577, 0.070573932862151 ], [ -71.289630223672305, 0.067474397708902 ], [ -71.279792580103219, 0.065789870155861 ], [ -71.268000885434901, 0.070169643051391 ], [ -71.264362304087626, 0.070102264859847 ], [ -71.259847769418911, 0.067137494174575 ], [ -71.253845903728745, 0.059518810601759 ], [ -71.261214376651367, 0.054335363788453 ], [ -71.261829363785012, 0.044905555683669 ], [ -71.263366833415603, 0.041933116074723 ], [ -71.271361668847362, 0.035168254012065 ], [ -71.285688105840222, 0.037874200094795 ], [ -71.293488472925958, 0.033273984046089 ], [ -71.303688952615687, 0.03247394471482 ], [ -71.315152269666839, 0.020539898401982 ], [ -71.32787100578588, 0.018742685191577 ], [ -71.342248706079602, 0.018880933329059 ], [ -71.352617240929931, 0.023719583105344 ], [ -71.356840288226351, 0.029062678638251 ], [ -71.361979174973044, 0.031885450716711 ], [ -71.370589366746231, 0.031184925933638 ], [ -71.385934796815604, 0.025931534439903 ], [ -71.387455516446096, 0.022337113408982 ], [ -71.385796549576469, 0.014595271610885 ], [ -71.388146750845124, 0.012798059298835 ], [ -71.395473849129473, 0.011139092429261 ], [ -71.400450745246758, 0.005609208253913 ], [ -71.420295896754055, 0.003711656739589 ], [ -71.427243929940857, 0.006253618829723 ], [ -71.435547675583791, 0.006762010888457 ], [ -71.448378997647069, 0.00334882421226 ], [ -71.450431567960322, -0.00178260112153 ], [ -71.450914525998144, -0.009328815745992 ], [ -71.453751901999965, -0.012226563074527 ], [ -71.462492486137194, -0.008320304220668 ], [ -71.465881771319687, -0.007981374085453 ], [ -71.470287839721379, -0.011201194649376 ], [ -71.474863373639778, -0.012217980563429 ], [ -71.485709084067821, -0.008659232559243 ], [ -71.500621934558978, 0.001169692852744 ], [ -71.514856929271275, 0.00557576215259 ], [ -71.546716201183358, 0.021335933938854 ], [ -71.563832087222806, 0.021166468422094 ], [ -71.577219759741126, 0.015743614106551 ], [ -71.58213422199816, 0.009303972978594 ], [ -71.578236544756919, -0.001033342695471 ], [ -71.581117436982368, -0.005269945580211 ], [ -71.593488325383248, -0.014421017010004 ], [ -71.626025453972545, -0.034587257197693 ], [ -71.647547409311926, -0.038484934438805 ], [ -71.671780792258346, -0.059837426057368 ], [ -71.686354714410925, -0.06390456701859 ], [ -71.702962206594975, -0.064751887415891 ], [ -71.704826313804688, -0.067293848607729 ], [ -71.704995778423154, -0.073902954354088 ], [ -71.700928636563447, -0.087460093287079 ], [ -71.700928636563447, -0.097458479724278 ], [ -71.70347059955202, -0.101695087100554 ], [ -71.71431630998012, -0.108982046829099 ], [ -71.717027736688806, -0.112710262146757 ], [ -71.718722379280052, -0.11948882712162 ], [ -71.725500947848445, -0.121522399848029 ], [ -71.727195590439692, -0.123894898218063 ], [ -71.729758663854284, -0.134502365361126 ], [ -71.72902658212837, -0.137696902821296 ], [ -71.732903101332852, -0.143451464811382 ], [ -71.736458009934609, -0.154534416003137 ], [ -71.734994223775573, -0.166872044253704 ], [ -71.731439315173816, -0.169381391184838 ], [ -71.722865710014673, -0.182555465717544 ], [ -71.7203563621851, -0.193220193319054 ], [ -71.714491872367546, -0.203624381432793 ], [ -71.715057193406153, -0.210295178132129 ], [ -71.712569777961733, -0.215496136717604 ], [ -71.711326070239522, -0.234377882043479 ], [ -71.720032024294994, -0.235282396423856 ], [ -71.722858633081216, -0.234717073588675 ], [ -71.727155078184751, -0.230646759775321 ], [ -71.729190236438967, -0.23132514466225 ], [ -71.730433944161177, -0.232908043929619 ], [ -71.72930330028737, -0.237882878411537 ], [ -71.738014561593729, -0.242238396775088 ], [ -71.738165558631863, -0.247221288253202 ], [ -71.742997454868657, -0.252355177667801 ], [ -71.756285169070736, -0.253110161061738 ], [ -71.770327866666776, -0.255828103256339 ], [ -71.772592817747068, -0.256734083688408 ], [ -71.773347802039382, -0.258697041590658 ], [ -71.773196805001248, -0.263528936030702 ], [ -71.782558604296923, -0.265944886843994 ], [ -71.78965545161401, -0.27047478900437 ], [ -71.792373392910349, -0.270172795826472 ], [ -71.798262265719075, -0.265491894831312 ], [ -71.808681041586681, -0.263075947611262 ], [ -71.811398983781316, -0.263679932170481 ], [ -71.813438980365504, -0.26946655505865 ], [ -71.816626554978427, -0.272397070259897 ], [ -71.820431078647118, -0.274607807071143 ], [ -71.830867813648183, -0.276304416974407 ], [ -71.83384973857585, -0.275070518862969 ], [ -71.836677426239589, -0.27651006665966 ], [ -71.842325966280669, -0.273066083016006 ], [ -71.845366136221116, -0.27645865513663 ], [ -71.848142410565231, -0.276767128766175 ], [ -71.851792697868291, -0.274042267741777 ], [ -71.85734524655652, -0.27260271994509 ], [ -71.869977342792311, -0.272969734133406 ], [ -71.873793399940098, -0.26961622977561 ], [ -71.900274515943977, -0.273779197697828 ], [ -71.909988112853284, -0.273316646704609 ], [ -71.913457254734965, -0.268228572304362 ], [ -71.92779534198803, -0.265253991110064 ], [ -71.95295436411385, -0.2676767089378 ], [ -71.961340705421378, -0.270285794996096 ], [ -71.968608866989541, -0.269167616155119 ], [ -71.974945212557486, -0.270658518880909 ], [ -71.980349743023453, -0.273640330620666 ], [ -71.980722469603222, -0.277926679550534 ], [ -71.983145190125924, -0.279417588564505 ], [ -71.998054239842077, -0.27569032456353 ], [ -72.008863301672307, -0.270099431257068 ], [ -72.012963291354822, -0.265253990211769 ], [ -72.019672362604183, -0.263763083892739 ], [ -72.041849574786852, -0.269167616155119 ], [ -72.045390475048919, -0.274385783780179 ], [ -72.046135927310104, -0.282585762246699 ], [ -72.061417702707729, -0.296190269382356 ], [ -72.056758625401301, -0.30942205083656 ], [ -72.058622255605201, -0.320231109971487 ], [ -72.062722245287773, -0.324703827131982 ], [ -72.070735860015475, -0.324703827131982 ], [ -72.072599491117728, -0.325822005972894 ], [ -72.077258569322453, -0.334581071164956 ], [ -72.082849462629156, -0.338308336962526 ], [ -72.086203999152133, -0.336817429745202 ], [ -72.089558534776813, -0.330853809858921 ], [ -72.093658523561032, -0.329176543394112 ], [ -72.112108474437548, -0.332903804700143 ], [ -72.120681177687459, -0.338867424586418 ], [ -72.123476623891634, -0.339053788325448 ], [ -72.126272070994162, -0.337190157223253 ], [ -72.127949339255622, -0.338121974121797 ], [ -72.127576612675853, -0.34073105479026 ], [ -72.143603842131313, -0.347253764995315 ], [ -72.144162930653522, -0.349676488212889 ], [ -72.142299299551269, -0.355267378824459 ], [ -72.143976567812786, -0.356199193028053 ], [ -72.150466280176431, -0.354243134192673 ], [ -72.153444339650321, -0.355326063113801 ], [ -72.157234598959235, -0.363177312614156 ], [ -72.158858995035928, -0.382399339142532 ], [ -72.15669313270206, -0.387001794693021 ], [ -72.148029685163067, -0.392957916335605 ], [ -72.148029685163067, -0.395394511348884 ], [ -72.155236778311235, -0.40572809811321 ], [ -72.162980668270109, -0.411406950929194 ], [ -72.167627002065728, -0.434638624398177 ], [ -72.172789595371626, -0.443931292887463 ], [ -72.18311478198342, -0.460967852233613 ], [ -72.187761116677336, -0.465614185130782 ], [ -72.194988747125933, -0.467679222273414 ], [ -72.201183860350625, -0.474390593211512 ], [ -72.201183860350625, -0.47955318741553 ], [ -72.207378971778724, -0.483683261700794 ], [ -72.225448049247632, -0.489878374925284 ], [ -72.230610642553529, -0.492975930190083 ], [ -72.230094383043252, -0.503817377210095 ], [ -72.233708198716727, -0.507947452393653 ], [ -72.234740716838928, -0.512077523983913 ], [ -72.232675679696229, -0.517756378596497 ], [ -72.233191939206449, -0.523435231412481 ], [ -72.237322014390145, -0.530146602350575 ], [ -72.239903311043122, -0.562154683001999 ], [ -72.245065904349019, -0.574544906756027 ], [ -72.246614681981441, -0.585386352877742 ], [ -72.242829889823724, -0.605261492867376 ], [ -72.249072644339151, -0.613720718144913 ], [ -72.254605772333775, -0.61561825618451 ], [ -72.263409360762012, -0.622704956123802 ], [ -72.278499431931948, -0.626752188605871 ], [ -72.285718787991868, -0.630727084192016 ], [ -72.291010251016132, -0.642489908780319 ], [ -72.296618351565826, -0.646989717354733 ], [ -72.309543896197738, -0.652094877725331 ], [ -72.318313457314218, -0.65174473211487 ], [ -72.334529440029257, -0.642790811402624 ], [ -72.354126745253836, -0.638057435278301 ], [ -72.360171759756383, -0.634066597278102 ], [ -72.370873264415309, -0.623319809408336 ], [ -72.37993370115089, -0.619040894941686 ], [ -72.380203636125714, -0.620434469620427 ], [ -72.387097967982129, -0.618102054110314 ], [ -72.38691076341928, -0.616611947292499 ], [ -72.392462287128922, -0.615272638086651 ], [ -72.396736003939338, -0.612237913737878 ], [ -72.40895215740926, -0.597557115338037 ], [ -72.408750233938747, -0.593072139757391 ], [ -72.403799258729634, -0.582875210212868 ], [ -72.407712922402425, -0.568073362833697 ], [ -72.415539961388504, -0.562418541767368 ], [ -72.424969998564166, -0.562289796016606 ], [ -72.433520919447744, -0.566717921669135 ], [ -72.469363302944259, -0.601770122156373 ], [ -72.475526707410779, -0.61164119835173 ], [ -72.4994977856785, -0.634685466933478 ], [ -72.513887194622953, -0.656943275128579 ], [ -72.527971440232307, -0.665166226230162 ], [ -72.535444388204041, -0.672519673919106 ], [ -72.544575038216522, -0.689209359321705 ], [ -72.55637220362928, -0.705840044227702 ], [ -72.562805691292795, -0.705686957706552 ], [ -72.592072595705588, -0.693283352637356 ], [ -72.604151836833921, -0.68534811957417 ], [ -72.630486613568166, -0.662497684229016 ], [ -72.673814184591947, -0.635177886035395 ], [ -72.676954434121342, -0.631516783007815 ], [ -72.677648814423037, -0.615957964261361 ], [ -72.683985970271976, -0.61504831061519 ], [ -72.694548675227452, -0.610646314280116 ], [ -72.699453619826386, -0.605331486056784 ], [ -72.702546933243127, -0.60426905760513 ], [ -72.714356699334417, -0.588890482370819 ], [ -72.721004359007054, -0.587987713418431 ], [ -72.727980296583837, -0.583391800303419 ], [ -72.736679702813944, -0.583473867758213 ], [ -72.740619057425988, -0.580109004194612 ], [ -72.743573572037576, -0.575677228684128 ], [ -72.745953598295785, -0.558196350566228 ], [ -72.749728811709986, -0.554995626403811 ], [ -72.754160585423961, -0.555077696553549 ], [ -72.763060774263295, -0.560615046633229 ], [ -72.77656100667474, -0.57770606189529 ], [ -72.792329009082039, -0.575203411909925 ], [ -72.8014566380578, -0.579382580062874 ], [ -72.807490676037162, -0.585611631665888 ], [ -72.811109358786723, -0.597080547920236 ], [ -72.81586180615983, -0.599208180620075 ], [ -72.832459600124423, -0.598452520794175 ], [ -72.854109134302121, -0.611824409899958 ], [ -72.872214839707624, -0.616765240426342 ], [ -72.877722168066725, -0.617601932847018 ], [ -72.917278269857377, -0.615509517727673 ], [ -72.929932423344212, -0.610853879175046 ], [ -72.937176384279383, -0.60584265481029 ], [ -72.942240499693753, -0.596857962283462 ], [ -72.945027308589601, -0.584046263933607 ], [ -72.95015990532761, -0.572882432860788 ], [ -72.955820332784299, -0.563009830426574 ], [ -72.967969418879932, -0.551695315827937 ], [ -72.989474583794959, -0.536812612822276 ], [ -73.012185933772855, -0.527550355024514 ], [ -73.02637028771727, -0.526869188951211 ], [ -73.044174806632611, -0.534847339959624 ], [ -73.053302139164089, -0.546697719815188 ], [ -73.057450272296023, -0.555964845587337 ], [ -73.060992958410282, -0.575713570057875 ], [ -73.070421198953966, -0.592501206938796 ], [ -73.072530559906397, -0.610274961225512 ], [ -73.071624034196475, -0.616275193776941 ], [ -73.074792014740808, -0.621288799577461 ], [ -73.084902131027434, -0.622809819245427 ], [ -73.09244814981929, -0.617798207706444 ], [ -73.099240167974813, -0.609976081610799 ], [ -73.112369630338776, -0.604585633146671 ], [ -73.121423874982156, -0.604131504764241 ], [ -73.136890933444647, -0.607172466121008 ], [ -73.147227226835412, -0.610820153697469 ], [ -73.154243671277243, -0.614391329005205 ], [ -73.161486069142541, -0.620393151576028 ], [ -73.170162717435176, -0.622825265789038 ], [ -73.180273371813087, -0.622978922740886 ], [ -73.196872460250972, -0.626627684703208 ], [ -73.206757027356332, -0.625641900572651 ], [ -73.213624333375833, -0.619338567219628 ], [ -73.220492753307155, -0.605895157787217 ], [ -73.231585877029659, -0.596554083540297 ], [ -73.239359061971584, -0.586908589763906 ], [ -73.252639567187714, -0.582504989934769 ], [ -73.25603542265344, -0.57954310823378 ], [ -73.259734749026961, -0.564807684136291 ], [ -73.265017767880863, -0.555769347771248 ], [ -73.27965716289674, -0.545668813821719 ], [ -73.299275704311526, -0.541949395712699 ], [ -73.315499753904248, -0.530937333331449 ], [ -73.323347885350074, -0.523722121203498 ], [ -73.328555894817953, -0.509594224623488 ], [ -73.331876292638015, -0.506100451815562 ], [ -73.335649000648914, -0.506176847303172 ], [ -73.344401170367632, -0.511115254173002 ], [ -73.357680750318309, -0.515218623320157 ], [ -73.366432784391293, -0.521904136232207 ], [ -73.371637901281645, -0.533374770965141 ], [ -73.374354010911702, -0.53588178676626 ], [ -73.378504011642576, -0.536262060997036 ], [ -73.395557621027024, -0.530566931593462 ], [ -73.404085138982111, -0.52107273668939 ], [ -73.411555745044041, -0.516515861692785 ], [ -73.430344844346564, -0.510896666940686 ], [ -73.448982227059844, -0.513785072681117 ], [ -73.464374698344841, -0.520547194879955 ], [ -73.474259373248117, -0.522143366766164 ], [ -73.480974648267761, -0.526245964259926 ], [ -73.488746538736336, -0.528145766055819 ], [ -73.510478565272308, -0.524273714176944 ], [ -73.517119091417612, -0.521083873112881 ], [ -73.522326166636901, -0.515235207131868 ], [ -73.528816665027023, -0.501486488837149 ], [ -73.5297230649727, -0.490395987299419 ], [ -73.533194308015482, -0.487737568421325 ], [ -73.536137152603885, -0.487509918078965 ], [ -73.537721629314206, -0.489105273395936 ], [ -73.545642999565132, -0.509615939616156 ], [ -73.549792802666502, -0.514098109755918 ], [ -73.56020566132662, -0.517973089246678 ], [ -73.568355203841577, -0.516834313816455 ], [ -73.571751051222464, -0.513872014398537 ], [ -73.56828092209156, -0.50194548519396 ], [ -73.569337888782002, -0.494577118272848 ], [ -73.579374855196761, -0.479840964742757 ], [ -73.578848136593308, -0.459026928226178 ], [ -73.580126377379145, -0.454521208732516 ], [ -73.584649313997488, -0.449116193176078 ], [ -73.598001450033166, -0.438999626082555 ], [ -73.608156139861421, -0.439154378979889 ], [ -73.618502728851865, -0.442162073898569 ], [ -73.631576521674958, -0.450583455818023 ], [ -73.64143360120903, -0.45313208341287 ], [ -73.6477065553118, -0.457221602323995 ], [ -73.651398226236324, -0.457168839733739 ], [ -73.653410200751182, -0.454056735343024 ], [ -73.652411266172692, -0.450978254920209 ], [ -73.641084597358201, -0.441117486002616 ], [ -73.636255064590785, -0.432024612873212 ], [ -73.63596508010113, -0.426199316582981 ], [ -73.639259265060332, -0.418860277882626 ], [ -73.643082718942026, -0.415900508122532 ], [ -73.646789626204281, -0.415490363986463 ], [ -73.664552696819385, -0.42167129459792 ], [ -73.670188331652753, -0.421910147839137 ], [ -73.677701940101599, -0.421093319880168 ], [ -73.685679545832443, -0.417675076583218 ], [ -73.694171795901411, -0.4103178829165 ], [ -73.700281058862629, -0.397051105765891 ], [ -73.707119870298641, -0.387271209542879 ], [ -73.71366235423568, -0.382646609604707 ], [ -73.722535139945421, -0.38046463507506 ], [ -73.73480664764719, -0.381572441061205 ], [ -73.739538272055484, -0.385177225963764 ], [ -73.753755045325988, -0.402832795102553 ], [ -73.763427124764689, -0.407461034118888 ], [ -73.792704387659285, -0.409022537295736 ], [ -73.807482491648727, -0.411802898079209 ], [ -73.818484941150814, -0.41118842208746 ], [ -73.830733478912521, -0.405581343821588 ], [ -73.862824892747028, -0.380805413944593 ], [ -73.881411746981939, -0.369928478052732 ], [ -73.902771788048824, -0.368064429233612 ], [ -73.944945174828035, -0.354835110063566 ], [ -73.997871566722438, -0.344644684326852 ], [ -74.007231319654238, -0.340583141670967 ], [ -74.016442680664397, -0.334053879149004 ], [ -74.024630186911793, -0.317187085357147 ], [ -74.035270624947373, -0.309797417567 ], [ -74.038400148583719, -0.306059983730643 ], [ -74.040898552229464, -0.29610641877026 ], [ -74.040277985655166, -0.281524605810475 ], [ -74.04466858325867, -0.274762655189967 ], [ -74.047772621670106, -0.272652159664505 ], [ -74.052579613892476, -0.272006560616555 ], [ -74.069806003579686, -0.280723919691702 ], [ -74.078593549880793, -0.281339742259133 ], [ -74.08176282400018, -0.279820411425232 ], [ -74.084026586608388, -0.278073187703606 ], [ -74.093911674737001, -0.259081555873006 ], [ -74.105532282428157, -0.24138134761551 ], [ -74.111568960558259, -0.235076117019086 ], [ -74.122661368322895, -0.232265334764252 ], [ -74.134734743447723, -0.233556725998 ], [ -74.14605355109893, -0.240849453813626 ], [ -74.158202509633668, -0.26310755216482 ], [ -74.162050921428829, -0.265386524161157 ], [ -74.168464919228427, -0.266525973328348 ], [ -74.175708942147367, -0.266146085373437 ], [ -74.181443786101454, -0.263943021079109 ], [ -74.188310472282922, -0.258549348558804 ], [ -74.190724901348972, -0.227175219390071 ], [ -74.194573194566431, -0.215856205126603 ], [ -74.197063288789195, -0.211905945856762 ], [ -74.200307984621588, -0.209778861129694 ], [ -74.208381997625565, -0.207727710155808 ], [ -74.214795961289155, -0.208259412616379 ], [ -74.217587922925588, -0.210082579972614 ], [ -74.219549889985387, -0.21540020195869 ], [ -74.220078196811471, -0.225883541593475 ], [ -74.223247524829844, -0.23408787329931 ], [ -74.228076895002062, -0.23743033376026 ], [ -74.234038098418466, -0.237582212046341 ], [ -74.255392659757774, -0.225807200903203 ], [ -74.279237171589273, -0.206055729382312 ], [ -74.288216633222305, -0.202333280355086 ], [ -74.289952097089213, -0.197167572587806 ], [ -74.287839053041182, -0.178328032842529 ], [ -74.284594321276131, -0.173922030916405 ], [ -74.26912535838369, -0.162451315335075 ], [ -74.26497512498895, -0.15743758556696 ], [ -74.263843201913176, -0.150524679230935 ], [ -74.265503225202394, -0.14444738104812 ], [ -74.268898795003679, -0.140497119981632 ], [ -74.278104631370354, -0.139433514735978 ], [ -74.299006497141306, -0.148093454350719 ], [ -74.30625040238084, -0.146042303376774 ], [ -74.317267090191535, -0.133355891362816 ], [ -74.323228131012741, -0.1224927257569 ], [ -74.330471993133131, -0.115959599577804 ], [ -74.341865997918319, -0.10965434562521 ], [ -74.351092101192307, -0.106496569950723 ], [ -74.355746514442046, -0.106398553793625 ], [ -74.3708415892321, -0.111325319386451 ], [ -74.401854460622474, -0.114287658330268 ], [ -74.41577629608895, -0.120727744124566 ], [ -74.428992491760994, -0.132316230730126 ], [ -74.440488663821498, -0.138671978126838 ], [ -74.44627419076437, -0.139595902420982 ], [ -74.44878885572632, -0.136165003648218 ], [ -74.447204164318521, -0.129100292687961 ], [ -74.426528826893332, -0.112540183978451 ], [ -74.423261419835796, -0.106397889039799 ], [ -74.423359489891823, -0.097954902620595 ], [ -74.427660426575358, -0.088003436126366 ], [ -74.436111487957362, -0.078203867681258 ], [ -74.446071694168268, -0.071442896225252 ], [ -74.454371894157873, -0.070759151985045 ], [ -74.457541087428808, -0.072734217390337 ], [ -74.460408456405219, -0.07714014655285 ], [ -74.462068542576617, -0.082001882152066 ], [ -74.463351571386738, -0.106994298998524 ], [ -74.474821260193266, -0.130315316281916 ], [ -74.48372522555303, -0.137759712177689 ], [ -74.493232717330841, -0.13791148086926 ], [ -74.501381945435242, -0.136088188647025 ], [ -74.508323756885432, -0.12689638397656 ], [ -74.508776383283532, -0.11983168020285 ], [ -74.506588024422001, -0.110564060356856 ], [ -74.506587923810628, -0.103347454042481 ], [ -74.511417008318347, -0.094991305136027 ], [ -74.518962524053222, -0.08861021355003 ], [ -74.523942593920992, -0.087622613922872 ], [ -74.530507258178375, -0.088762002902882 ], [ -74.534657401741526, -0.095142940876817 ], [ -74.534657491573114, -0.102055675634564 ], [ -74.526357482026526, -0.111095530153619 ], [ -74.524018429757689, -0.116185169420334 ], [ -74.524018501623004, -0.121046878968387 ], [ -74.52545220407751, -0.123477711284542 ], [ -74.530205962992, -0.125984447709408 ], [ -74.544014254011017, -0.119451298174098 ], [ -74.57842180497147, -0.111398568073039 ], [ -74.598719023225954, -0.098332526819144 ], [ -74.608679021925809, -0.094686131021153 ], [ -74.617205408002803, -0.093926371281011 ], [ -74.631768068865938, -0.088456817109867 ], [ -74.63403167157395, -0.085874041828913 ], [ -74.633729829313097, -0.084278832039109 ], [ -74.621807910265829, -0.076758641629139 ], [ -74.617129626065037, -0.068706598739831 ], [ -74.616534375832259, -0.056308044003195 ], [ -74.62310088163747, -0.049166995047558 ], [ -74.631364896560342, -0.044054764031753 ], [ -74.646444322685625, -0.038419729273684 ], [ -74.65094852133052, -0.040261519618902 ], [ -74.671350024191099, -0.06005157471032 ], [ -74.676886952062375, -0.060777125678822 ], [ -74.681641258949639, -0.055037502683778 ], [ -74.681855201888197, -0.050682714651184 ], [ -74.6796682354165, -0.04701248293638 ], [ -74.666163664138821, -0.041814742118887 ], [ -74.660905536722964, -0.037233308061126 ], [ -74.656432762968393, -0.026200971586087 ], [ -74.656370589619712, -0.011572679756411 ], [ -74.659898714031613, -0.006200099695858 ], [ -74.676520324149976, 0.009859168199238 ], [ -74.68998531382806, 0.018868718926403 ], [ -74.694959628185245, 0.023836770224201 ], [ -74.703549802783016, 0.036199060842251 ], [ -74.704476757097098, 0.042037858822002 ], [ -74.700886388369554, 0.044834621957362 ], [ -74.68546512695508, 0.042552811282424 ], [ -74.676376591793314, 0.044714882722761 ], [ -74.659750932964755, 0.056595147754996 ], [ -74.65681260600752, 0.064143754594954 ], [ -74.656003619448882, 0.072221565678725 ], [ -74.658623520333606, 0.076770663055442 ], [ -74.670664978290972, 0.082695833220272 ], [ -74.677660616835908, 0.082522342349542 ], [ -74.691095442859421, 0.078599688330338 ], [ -74.698334814298107, 0.079046071432183 ], [ -74.708753231737603, 0.085718987259 ], [ -74.712549710088183, 0.091580836027268 ], [ -74.713236013630706, 0.09629554784005 ], [ -74.70942209896657, 0.098046937052978 ], [ -74.706761208821092, 0.097509495251437 ], [ -74.697543155356811, 0.090036856300673 ], [ -74.692587177425821, 0.087968836748928 ], [ -74.688087182899892, 0.08843694113163 ], [ -74.680264392948459, 0.092042569552952 ], [ -74.674325495616642, 0.10227233614055 ], [ -74.672786421593628, 0.115183542750414 ], [ -74.675772296416767, 0.132238443014346 ], [ -74.675671020270897, 0.149550711710575 ], [ -74.678285952569865, 0.161716495703621 ], [ -74.69196475133748, 0.176410487670562 ], [ -74.703614472551862, 0.184627309562068 ], [ -74.707691206629761, 0.193651263887979 ], [ -74.719457151968243, 0.203125694941726 ], [ -74.736544195775878, 0.209605946241046 ], [ -74.745077606683935, 0.210872372374849 ], [ -74.768685243366065, 0.212607487695132 ], [ -74.775854611733791, 0.208896182277888 ], [ -74.781558224833873, 0.208575756553955 ], [ -74.815866090566146, 0.216754460202663 ], [ -74.827454161251751, 0.215632190430588 ], [ -74.832560884692327, 0.212527815150776 ], [ -74.841908843633405, 0.213327073845406 ], [ -74.861086007363099, 0.221825100085953 ], [ -74.880766145407677, 0.241030019084475 ], [ -74.8926046980352, 0.248998411686188 ], [ -74.896923149185739, 0.25040278681818 ], [ -74.916865385296433, 0.252260810631903 ], [ -74.928626092554282, 0.250695936075065 ], [ -74.94598644900492, 0.242618036058059 ], [ -74.96043405355482, 0.242742615419227 ], [ -74.969203667671934, 0.247830974585681 ], [ -74.987444777146436, 0.266686666950949 ], [ -75.003888042792653, 0.273203018875361 ], [ -75.010360655711224, 0.281235079623557 ], [ -75.010577311564077, 0.291450435425871 ], [ -75.005909746968143, 0.29661187619217 ], [ -74.990509083041218, 0.299360496776463 ], [ -74.985195413645386, 0.301977754815415 ], [ -74.981148836035572, 0.308299926753256 ], [ -74.979885948368405, 0.314620240973654 ], [ -74.984475432236025, 0.321855981418835 ], [ -75.000067203010474, 0.333405944641045 ], [ -75.007136127073011, 0.342273349437642 ], [ -75.011861391404011, 0.353177604017394 ], [ -75.012864637899327, 0.36829390781067 ], [ -75.016646410816975, 0.382896345207532 ], [ -75.015594080335404, 0.386540278721372 ], [ -75.010206549601435, 0.391857110189314 ], [ -74.991129936178254, 0.395223123597458 ], [ -74.984649265365192, 0.39996033732768 ], [ -74.982871498899499, 0.408826601262934 ], [ -74.986197097969182, 0.418507249737685 ], [ -75.005800700388875, 0.438516935904522 ], [ -75.012860379881488, 0.46239306127187 ], [ -75.018617188560086, 0.472823155920746 ], [ -75.025559835444199, 0.479873403095134 ], [ -75.033861362246569, 0.484262376543148 ], [ -75.037520515030224, 0.484262376543148 ], [ -75.045402339614213, 0.479895455854577 ], [ -75.058599502665174, 0.479734023079496 ], [ -75.071514157910542, 0.475899987035399 ], [ -75.08624493591816, 0.476505358594552 ], [ -75.100917826442753, 0.472533925118216 ], [ -75.10585906839799, 0.473760996028099 ], [ -75.106948741875726, 0.475577117891989 ], [ -75.106303009877024, 0.478402199540907 ], [ -75.096455585443323, 0.487402099659233 ], [ -75.094034088426952, 0.498056688866433 ], [ -75.095486986097796, 0.506491574271939 ], [ -75.097948841757045, 0.510123819796318 ], [ -75.101177506242152, 0.511939944355162 ], [ -75.112074246408895, 0.512868185057727 ], [ -75.119661605703072, 0.510123819796318 ], [ -75.124827467980879, 0.506895156209677 ], [ -75.142948343248634, 0.487482816945099 ], [ -75.15525762334164, 0.480904413843006 ], [ -75.160853973917995, 0.480637603211228 ], [ -75.175777574556719, 0.486520944189846 ], [ -75.182163154129626, 0.486664442984285 ], [ -75.196199868941164, 0.479225310321964 ], [ -75.201930746830101, 0.479467462179562 ], [ -75.209800614828168, 0.482090749715517 ], [ -75.217670482826179, 0.487458404309515 ], [ -75.218840873589727, 0.490646706558286 ], [ -75.216419375675059, 0.495086119551378 ], [ -75.201285014831399, 0.498758726413636 ], [ -75.198459934080688, 0.501382013949581 ], [ -75.198459934080688, 0.504691394822155 ], [ -75.202576479727099, 0.512601620564545 ], [ -75.213231069832943, 0.520471487663998 ], [ -75.224813902437973, 0.535444418427025 ], [ -75.231069437295162, 0.550336631005888 ], [ -75.235307058870376, 0.565027046776846 ], [ -75.235508850288397, 0.571807241296955 ], [ -75.232078395283622, 0.579999976641577 ], [ -75.212666054221813, 0.587910200587311 ], [ -75.207096609107907, 0.595255410718589 ], [ -75.207258042781348, 0.601470591424236 ], [ -75.212078872663312, 0.606975367667353 ], [ -75.220837636021486, 0.634386157187009 ], [ -75.231180583238881, 0.646063680382904 ], [ -75.236518879069536, 0.649455720700485 ], [ -75.258372525913842, 0.658130454681396 ], [ -75.271050977950154, 0.661744925227086 ], [ -75.276166843552687, 0.667416861908108 ], [ -75.276222452008028, 0.674757017215288 ], [ -75.263766429301484, 0.687880328809112 ], [ -75.257093558390295, 0.703394749185573 ], [ -75.258261309901457, 0.713126016868571 ], [ -75.265601467903764, 0.725637646233398 ], [ -75.27046212911722, 0.727778655756755 ], [ -75.286402864216598, 0.729608992573033 ], [ -75.294361845161859, 0.728362200033725 ], [ -75.297504447380845, 0.729489438391505 ], [ -75.30112643413662, 0.732246052191573 ], [ -75.30165304404386, 0.739822344232367 ], [ -75.305269650785078, 0.745220265787321 ], [ -75.309264111693892, 0.747703307331062 ], [ -75.321139538396551, 0.745328223607581 ], [ -75.324432268982093, 0.746245869571229 ], [ -75.331125690668443, 0.752075623305457 ], [ -75.333754595374444, 0.761271727316362 ], [ -75.338760024702822, 0.768415844021105 ], [ -75.341171732769737, 0.769462434263383 ], [ -75.347496775725745, 0.766231656040896 ], [ -75.355641975781168, 0.753172032356474 ], [ -75.359828335852114, 0.750396291612203 ], [ -75.378348428140214, 0.754719164273988 ], [ -75.382944323289109, 0.754582651683069 ], [ -75.392090609389868, 0.748621639608113 ], [ -75.403102554990369, 0.738694205761895 ], [ -75.423002932270379, 0.738633530804322 ], [ -75.434651933035354, 0.746520880031423 ], [ -75.441993231000652, 0.748159021241178 ], [ -75.468749529941476, 0.758837271193486 ], [ -75.472147155988068, 0.762416911332917 ], [ -75.473542609045637, 0.774065911199155 ], [ -75.477668296854006, 0.779647724327542 ], [ -75.484057186721373, 0.783112371035811 ], [ -75.485303125860526, 0.786793048368994 ], [ -75.496942908106689, 0.787914424316624 ], [ -75.499410809432618, 0.786629323989799 ], [ -75.502588436094186, 0.792054418705473 ], [ -75.508671553568206, 0.797670433418899 ], [ -75.519918362988619, 0.800219563172435 ], [ -75.514609858011454, 0.810091473005002 ], [ -75.514798885257449, 0.812866166312885 ], [ -75.508642900881057, 0.817456226000828 ], [ -75.508593897743253, 0.821259341109943 ], [ -75.511832429331321, 0.829702828789472 ], [ -75.508964392906137, 0.835596530046489 ], [ -75.507676684767887, 0.836139508169536 ], [ -75.50555945187233, 0.83388105999883 ], [ -75.499994650153894, 0.832708215934356 ], [ -75.498624881747389, 0.830742724780925 ], [ -75.493266077362478, 0.833792485142927 ], [ -75.486745816864925, 0.833288152574233 ], [ -75.486121650738426, 0.836256192231414 ], [ -75.477855873319641, 0.838761213770987 ], [ -75.476317968005731, 0.841812472524092 ], [ -75.469563169777018, 0.842831151189955 ], [ -75.316598780087133, 0.928861569253975 ], [ -75.311384382694143, 0.929692215109679 ], [ -75.306701697643234, 0.933538182586886 ], [ -75.301315183802956, 0.935488381707005 ], [ -75.298994589233018, 0.940881128063507 ], [ -75.296831656307631, 0.942244557952245 ], [ -75.294206519138925, 0.942337354893336 ], [ -75.290582431221992, 0.938302739259522 ], [ -75.284417272344342, 0.935814573721309 ], [ -75.272961722133346, 0.934672267909253 ], [ -75.257116098935342, 0.937626417804439 ], [ -75.252775462972863, 0.936836568969881 ], [ -75.249606270600225, 0.932709571416918 ], [ -75.245871334980507, 0.920598257712868 ], [ -75.245291826837331, 0.903128323778793 ], [ -75.242575885192423, 0.893171718917127 ], [ -75.239713076966325, 0.890904273213393 ], [ -75.237019574356793, 0.890929976729082 ], [ -75.22799665758555, 0.897603250085601 ], [ -75.224955707008462, 0.89807438269162 ], [ -75.22462225390592, 0.900098022737998 ], [ -75.222014880936115, 0.898614771867912 ], [ -75.2207828728815, 0.901662873938559 ], [ -75.223884376245167, 0.903267094736183 ], [ -75.221883157267769, 0.903553337739638 ], [ -75.222429433108857, 0.907164241072493 ], [ -75.220638314074165, 0.906550165729704 ], [ -75.218416830708463, 0.910180246312509 ], [ -75.214926101395008, 0.909028827084606 ], [ -75.211679095093871, 0.911488024626766 ], [ -75.210745251594346, 0.91078900811622 ], [ -75.212683246193421, 0.907968537523305 ], [ -75.208578545741773, 0.909513458685091 ], [ -75.202433286360076, 0.917311113754575 ], [ -75.204497868056592, 0.91810656358941 ], [ -75.203843415206165, 0.921612276813641 ], [ -75.201764908713358, 0.920336845061919 ], [ -75.200283529933756, 0.923900717060574 ], [ -75.20242934904104, 0.925064143180144 ], [ -75.201380309091007, 0.929992013701591 ], [ -75.203057748032563, 0.927429015745643 ], [ -75.203875585698711, 0.930161732543492 ], [ -75.205768977111745, 0.928987144847618 ], [ -75.208784099307195, 0.932309953747687 ], [ -75.205944985063923, 0.934146381146439 ], [ -75.207844052037387, 0.935155815242325 ], [ -75.208605705427715, 0.93851515595921 ], [ -75.211019917999579, 0.938596919783183 ], [ -75.210289497259964, 0.948273000321078 ], [ -75.211760001924404, 0.948469303926612 ], [ -75.212238949879577, 0.946477850542519 ], [ -75.215203997246249, 0.949307191107624 ], [ -75.217485197066367, 0.948217517629981 ], [ -75.217456209307329, 0.950809250019773 ], [ -75.215871572696813, 0.952187979128301 ], [ -75.217005414575567, 0.953344993068296 ], [ -75.221171261600716, 0.950585755287226 ], [ -75.22061073128134, 0.955783059523162 ], [ -75.222015983169854, 0.955213626892249 ], [ -75.22340904670682, 0.957117174665867 ], [ -75.222343517268314, 0.958701900209625 ], [ -75.226962377865675, 0.961069242245832 ], [ -75.22559173719435, 0.963135115720678 ], [ -75.2277527656899, 0.967595752327597 ], [ -75.22523089982684, 0.969522737165653 ], [ -75.223041284221267, 0.968317839389632 ], [ -75.223860262748815, 0.969953454534754 ], [ -75.222232009303184, 0.971286029963871 ], [ -75.223543081742264, 0.972260610297268 ], [ -75.222608751355494, 0.978759617536367 ], [ -75.225572854592031, 0.98702775752602 ], [ -75.223516456554307, 0.99088937905783 ], [ -75.223233543608217, 0.995353791286885 ], [ -75.221229676395239, 0.992473183827674 ], [ -75.218332553396294, 0.995353296314796 ], [ -75.219484654446092, 1.001165591277597 ], [ -75.217436669137726, 1.002104892945038 ], [ -75.218350399341944, 1.006062440252625 ], [ -75.213909167258805, 1.010293362186983 ], [ -75.21548323877488, 1.012669638874093 ], [ -75.212458810923977, 1.014516433737785 ], [ -75.214426262202949, 1.015367198278625 ], [ -75.214581968213508, 1.019266600286453 ], [ -75.217199392441046, 1.022899513259611 ], [ -75.208094102787584, 1.025702923933356 ], [ -75.208946013579634, 1.026677260823164 ], [ -75.207567829748882, 1.028257537906062 ], [ -75.208680854052659, 1.029480242101829 ], [ -75.207001208847032, 1.029607475986822 ], [ -75.206996351652435, 1.032469167606 ], [ -75.20897487916767, 1.033998838955385 ], [ -75.208677974949865, 1.036557035412311 ], [ -75.204358608415305, 1.034466534604344 ], [ -75.198034406283057, 1.03623413662444 ], [ -75.197225385588411, 1.039998445380591 ], [ -75.194592003675496, 1.040594902051758 ], [ -75.195679249005025, 1.041286541591262 ], [ -75.19483551558352, 1.042226655336401 ], [ -74.900052839908938, 0.976473500334551 ], [ -74.898159706312583, 0.974870571315394 ], [ -74.899629827396097, 0.972600908567745 ], [ -74.898237080964634, 0.970872873774212 ], [ -74.900145660206249, 0.967803672955692 ], [ -74.896663792780146, 0.967571547202945 ], [ -74.894574672683802, 0.964012305124971 ], [ -74.892949801397947, 0.964631305934432 ], [ -74.893104550701992, 0.962490601838491 ], [ -74.891247554561744, 0.962387433839165 ], [ -74.890293266288438, 0.955887949594255 ], [ -74.888642602553603, 0.956739071664858 ], [ -74.887920438236335, 0.955372118580775 ], [ -74.889029476712039, 0.95431466230812 ], [ -74.887198273020772, 0.953386162890579 ], [ -74.888152563090728, 0.951193875693274 ], [ -74.882039952105799, 0.945287598910548 ], [ -74.882994242175755, 0.941908897687288 ], [ -74.878996542837797, 0.941986273237636 ], [ -74.877784337261062, 0.940438778400475 ], [ -74.878506501578329, 0.939278155925146 ], [ -74.875411509209016, 0.938040157001178 ], [ -74.875334134556965, 0.935203081036971 ], [ -74.871052728161601, 0.93651845461299 ], [ -74.867235569678371, 0.93151488120558 ], [ -74.866719737766573, 0.93381033370726 ], [ -74.863753704048918, 0.933836127952895 ], [ -74.862541497573886, 0.932469174868806 ], [ -74.860375002825492, 0.927156100158367 ], [ -74.86468220077154, 0.922771527560413 ], [ -74.861741957706272, 0.917535831095265 ], [ -74.865533323740522, 0.914208714769968 ], [ -74.862773623326575, 0.912454884832451 ], [ -74.862515706023203, 0.910004683925032 ], [ -74.859446505204573, 0.908895642754419 ], [ -74.858466423583934, 0.906342274746023 ], [ -74.855603556068957, 0.906187526340276 ], [ -74.852947020959448, 0.901106578280871 ], [ -74.847453408987349, 0.900926036527801 ], [ -74.845028997833936, 0.899481706995072 ], [ -74.845080580935246, 0.897934211259615 ], [ -74.847401824987685, 0.89888849953289 ], [ -74.847608158291393, 0.897573131346763 ], [ -74.843172001693688, 0.895174509947461 ], [ -74.842398254275054, 0.89231163973769 ], [ -74.839509594311153, 0.891305766566401 ], [ -74.839174303254026, 0.886508531852584 ], [ -74.835872976682651, 0.885399489783671 ], [ -74.836466184144854, 0.882381872066453 ], [ -74.834144940092415, 0.878977381089167 ], [ -74.830044074551779, 0.878409966075958 ], [ -74.830611489565001, 0.876166096675644 ], [ -74.828367620164556, 0.872245771989863 ], [ -74.824653628782414, 0.870311400299335 ], [ -74.824705211883725, 0.868480196608131 ], [ -74.817689894828504, 0.869228153374355 ], [ -74.81758672862577, 0.867732240740263 ], [ -74.816039231991965, 0.868144904652715 ], [ -74.815961858238268, 0.864147207111539 ], [ -74.813872738141924, 0.862677086926427 ], [ -74.813356905331773, 0.859092053297766 ], [ -74.814723861110849, 0.858988887993392 ], [ -74.813176363578748, 0.857570350011289 ], [ -74.814801234864603, 0.857131890056549 ], [ -74.815213900573724, 0.853933729687964 ], [ -74.812531573913532, 0.851277198171781 ], [ -74.813795362591577, 0.849497573988699 ], [ -74.812325240609766, 0.848801202120492 ], [ -74.815755524934559, 0.846737871778246 ], [ -74.816400314599775, 0.841631133964755 ], [ -74.818205726740359, 0.842611219178661 ], [ -74.817328813119047, 0.835982775383743 ], [ -74.819804807373828, 0.836060149137439 ], [ -74.820475388589728, 0.833532569984783 ], [ -74.821945509673185, 0.834847942662449 ], [ -74.824215172420907, 0.833661527738137 ], [ -74.825969000561827, 0.829895954153044 ], [ -74.82354459030671, 0.828425833069639 ], [ -74.826974872834796, 0.826491465870648 ], [ -74.825169459795916, 0.825769298858512 ], [ -74.824473087029332, 0.823370679255805 ], [ -74.826304291618897, 0.821926347926432 ], [ -74.826123749865872, 0.818831354658869 ], [ -74.824498877681719, 0.817980234384915 ], [ -74.824782585637479, 0.813879369742712 ], [ -74.828393410816943, 0.809830083710279 ], [ -74.832752191864358, 0.807973091163394 ], [ -74.834970269714063, 0.804517012593082 ], [ -74.834686563554953, 0.801705728179625 ], [ -74.842862503085541, 0.798636527361038 ], [ -74.842166129420661, 0.796856907669545 ], [ -74.843636251402472, 0.796573200612095 ], [ -74.843429918098764, 0.795360995035398 ], [ -74.846757035322469, 0.796263699309067 ], [ -74.850806316863441, 0.790537964279363 ], [ -74.853101770263493, 0.791028003742217 ], [ -74.850084151647877, 0.7855343917703 ], [ -74.850393652052617, 0.782181482995965 ], [ -74.847350241886318, 0.781717235083848 ], [ -74.845364287992709, 0.779731281190243 ], [ -74.845751163049499, 0.775656206302129 ], [ -74.848639822115103, 0.774134503015656 ], [ -74.847995031551534, 0.771916424267726 ], [ -74.846473328265063, 0.771684301209931 ], [ -74.847272867234324, 0.770497885387329 ], [ -74.845312704891342, 0.770575260039323 ], [ -74.845364287992709, 0.767867141828535 ], [ -74.842630378231149, 0.767273935264699 ], [ -74.842888293737929, 0.763766277186332 ], [ -74.838013680778658, 0.763456776781598 ], [ -74.840128592425685, 0.75963961919685 ], [ -74.836982016955005, 0.751541056115171 ], [ -74.834222314744466, 0.748239732238856 ], [ -74.832494277255876, 0.750122519929723 ], [ -74.829837742146367, 0.744603112813877 ], [ -74.819108433708948, 0.73789729616356 ], [ -74.821249136906658, 0.735111802402429 ], [ -74.828006537556803, 0.736427176876804 ], [ -74.831694737388318, 0.731810476729523 ], [ -74.831875279141343, 0.729876106835576 ], [ -74.828986619177442, 0.726058949250831 ], [ -74.829425076437246, 0.722551291172512 ], [ -74.824782587434072, 0.718398841632294 ], [ -74.82382829826247, 0.719740004962344 ], [ -74.822441987366801, 0.71490359109454 ], [ -74.822879663990022, 0.711414681769456 ], [ -74.825543239202034, 0.712240014086026 ], [ -74.824692895073042, 0.709288824142026 ], [ -74.825943400352458, 0.708200884414287 ], [ -74.824692895073042, 0.706325128741027 ], [ -74.826693702621753, 0.706925368220872 ], [ -74.828744530201959, 0.70489955065648 ], [ -74.827956711561569, 0.702786199384453 ], [ -74.831983336674682, 0.699684950244264 ], [ -74.832496044243499, 0.697071392368888 ], [ -74.831420609972724, 0.696796282195565 ], [ -74.830707823176169, 0.69907220081583 ], [ -74.829194712282231, 0.697359011592506 ], [ -74.829344773275068, 0.69994755496054 ], [ -74.826493621597422, 0.699259778179815 ], [ -74.823517420739279, 0.697171433330225 ], [ -74.827056349197676, 0.693682525801736 ], [ -74.824930490671932, 0.689643396130007 ], [ -74.82305473410031, 0.689180707694461 ], [ -74.823329845171941, 0.692081879403503 ], [ -74.821804229719248, 0.692932223532463 ], [ -74.816914756816743, 0.68996852813147 ], [ -74.817514998991498, 0.688230326197457 ], [ -74.815013990229374, 0.687905194195985 ], [ -74.812462961435756, 0.684466306698988 ], [ -74.817239887919868, 0.679201682662038 ], [ -74.815276595843955, 0.675725278793952 ], [ -74.815326615875506, 0.66662160521129 ], [ -74.810174537358364, 0.666484049675453 ], [ -74.809974456334032, 0.669547786037787 ], [ -74.803796963577668, 0.673574411150767 ], [ -74.805935326662166, 0.662682517399193 ], [ -74.802058761643536, 0.662832578392022 ], [ -74.801733631438708, 0.661081872797609 ], [ -74.799632782928711, 0.661369486631333 ], [ -74.795743714249681, 0.656692600210362 ], [ -74.795681188761137, 0.655191994773468 ], [ -74.800170499614921, 0.655016922866541 ], [ -74.794493208970323, 0.651915671929761 ], [ -74.796418987370032, 0.648676863660494 ], [ -74.793267714605008, 0.650077429932698 ], [ -74.792554926910157, 0.647814016769482 ], [ -74.790766705842884, 0.648339227998628 ], [ -74.791316927986145, 0.6456131308914 ], [ -74.789391151383029, 0.64592575474087 ], [ -74.788453271749745, 0.644100019099163 ], [ -74.78280099201919, 0.645400541715076 ], [ -74.782388325411773, 0.643037090285468 ], [ -74.780875213619481, 0.644500182046224 ], [ -74.779174528056501, 0.641911635983239 ], [ -74.780074892216987, 0.640373516870196 ], [ -74.776448428254241, 0.636709536536479 ], [ -74.773872389444819, 0.638210141075022 ], [ -74.773059560788681, 0.646288401316838 ], [ -74.766969602638312, 0.643049594844224 ], [ -74.76468118035757, 0.63806008008219 ], [ -74.761917565082513, 0.637759959893113 ], [ -74.761704978601131, 0.635133901950641 ], [ -74.757303203251638, 0.635734142328777 ], [ -74.756090213445077, 0.628018531357877 ], [ -74.752501264955129, 0.624342045567102 ], [ -74.75332659817002, 0.622928978329444 ], [ -74.751901022780316, 0.620390449603068 ], [ -74.748049468675788, 0.62200360325495 ], [ -74.745398398920827, 0.619415059886912 ], [ -74.740809047105699, 0.61936503895707 ], [ -74.739633572771879, 0.621878552277861 ], [ -74.736482300905152, 0.616701464643497 ], [ -74.729979677943959, 0.617164150384095 ], [ -74.727391132779246, 0.620290409540023 ], [ -74.721863903127485, 0.62315406667463 ], [ -74.717299561328105, 0.623929378959704 ], [ -74.716649299121798, 0.621453379315056 ], [ -74.711747320762242, 0.621966085985499 ], [ -74.712247521975712, 0.619540109965702 ], [ -74.70859354798381, 0.618180809635612 ], [ -74.709975923357035, 0.616149351545034 ], [ -74.706553335803733, 0.61398539364113 ], [ -74.705084935893751, 0.609489799965416 ], [ -74.702029448767121, 0.608160784562596 ], [ -74.703432985770348, 0.604372479091145 ], [ -74.699185114409602, 0.606421891823586 ], [ -74.700216029037733, 0.602260963976994 ], [ -74.695521013701409, 0.600534488660037 ], [ -74.695632800144438, 0.597385847960961 ], [ -74.641789305767531, 0.527235360680725 ], [ -74.641982131093584, 0.525091253763792 ], [ -74.646425538898086, 0.52192083878317 ], [ -74.645590930570506, 0.515280645015025 ], [ -74.644077550181692, 0.513690149587605 ], [ -74.636417650073952, 0.511891236763351 ], [ -74.631590517606867, 0.502832033415891 ], [ -74.630956998214174, 0.496844361118731 ], [ -74.633186015756166, 0.489560233780534 ], [ -74.632195263938058, 0.484619914395971 ], [ -74.63480786870025, 0.476921449582582 ], [ -74.632327433171156, 0.472527916282495 ], [ -74.631601468977237, 0.465000589650241 ], [ -74.628216875699195, 0.46297187322013 ], [ -74.626379085555016, 0.458533377407719 ], [ -74.620501084166506, 0.452634733616002 ], [ -74.621262991780213, 0.441812836647143 ], [ -74.619038826042981, 0.439281232140454 ], [ -74.617010707891268, 0.432526521048603 ], [ -74.607129706202102, 0.423372327072425 ], [ -74.601259989083758, 0.413426136388081 ], [ -74.59508709929861, 0.409115849133495 ], [ -74.590438084029699, 0.397339170715808 ], [ -74.591274702788496, 0.377795134732411 ], [ -74.593932538659601, 0.37339696432516 ], [ -74.59367837811368, 0.370230537867613 ], [ -74.596801759065272, 0.367675782859274 ], [ -74.593688961174507, 0.362487795956878 ], [ -74.594116209247261, 0.353088383272288 ], [ -74.582702636444651, 0.344116207880594 ], [ -74.575927731208878, 0.342102049559596 ], [ -74.569885249957395, 0.337280271056065 ], [ -74.569091795282418, 0.339294439258549 ], [ -74.567504885932408, 0.339294439258549 ], [ -74.567871093432984, 0.336914062657201 ], [ -74.565979007273143, 0.337280271056065 ], [ -74.554992673560093, 0.330078126730966 ], [ -74.560485836374198, 0.326293948123162 ], [ -74.558898926125835, 0.321289063174422 ], [ -74.55480957070813, 0.317504883668323 ], [ -74.55639648005814, 0.315490726245621 ], [ -74.554687499445208, 0.314514157938877 ], [ -74.555908201294642, 0.314086911662783 ], [ -74.555725098442679, 0.311096195814828 ], [ -74.554077146723841, 0.310913083979735 ], [ -74.554992673560093, 0.308288573835688 ], [ -74.552795413285367, 0.308288573835688 ], [ -74.555419921632847, 0.305480961737985 ], [ -74.548522954117345, 0.298522950955589 ], [ -74.551696772817365, 0.295898433625005 ], [ -74.54980468755582, 0.290710446722603 ], [ -74.547424313649344, 0.290710446722603 ], [ -74.549194336631103, 0.288696290198203 ], [ -74.543701173816999, 0.285888668219066 ], [ -74.547607418297957, 0.285095215340707 ], [ -74.546508786813092, 0.283874511694666 ], [ -74.547302242386422, 0.281127931185998 ], [ -74.548278809794851, 0.281494136889971 ], [ -74.548095706044592, 0.278686525690565 ], [ -74.547424313649344, 0.277282718294262 ], [ -74.545288084065305, 0.277893070117262 ], [ -74.546081538740339, 0.273071290715429 ], [ -74.544189454377147, 0.273315434139557 ], [ -74.543395998803817, 0.270080565884327 ], [ -74.54437255722911, 0.268676760284629 ], [ -74.537597651993337, 0.263122556000231 ], [ -74.536010741745031, 0.264526372379666 ], [ -74.535278317760742, 0.263488774280523 ], [ -74.539489746238019, 0.259704592977827 ], [ -74.538391115651507, 0.257690426571938 ], [ -74.541687008309395, 0.257324219071436 ], [ -74.540435433135656, 0.253154553305089 ], [ -74.54297490239901, 0.250651888048343 ], [ -74.541631559754308, 0.248204428801386 ], [ -74.5390920895926, 0.250007819730912 ], [ -74.537362306676073, 0.248719683095981 ], [ -74.534767634097875, 0.249308545403683 ], [ -74.534510006950597, 0.243567139251398 ], [ -74.532375379962332, 0.239978759395612 ], [ -74.527094022993026, 0.239721132248287 ], [ -74.527094022993026, 0.238543407632935 ], [ -74.529136638168325, 0.238028154236636 ], [ -74.52887901102099, 0.235875126143478 ], [ -74.526284336646199, 0.232765196575822 ], [ -74.527370052143567, 0.23055696516782 ], [ -74.524830583778567, 0.229876091047271 ], [ -74.527314846133834, 0.22523880059892 ], [ -74.524260121677514, 0.225938074027844 ], [ -74.522824771711441, 0.223306594748264 ], [ -74.520929370765543, 0.224153086898241 ], [ -74.519917264179526, 0.222128871929566 ], [ -74.524977798008024, 0.216479474895233 ], [ -74.522953583937635, 0.215062526034173 ], [ -74.526910002960392, 0.210885282972392 ], [ -74.524701768857426, 0.207388914031221 ], [ -74.527038816983236, 0.206192787412614 ], [ -74.52168385110258, 0.205456709078919 ], [ -74.521518233073209, 0.201371477830048 ], [ -74.519696441038718, 0.200469782365287 ], [ -74.520892566759017, 0.199089635714101 ], [ -74.518353099292312, 0.198555979416189 ], [ -74.520009273297489, 0.194268327029834 ], [ -74.51844510930863, 0.192869779273682 ], [ -74.516862540621503, 0.193808277846677 ], [ -74.517469805830785, 0.188342899946619 ], [ -74.521426223955245, 0.186815539065979 ], [ -74.51767222696833, 0.185840234689872 ], [ -74.517635422961803, 0.184864932110356 ], [ -74.520027676199049, 0.185177766165771 ], [ -74.519751647048508, 0.183245563010054 ], [ -74.513679004837343, 0.177872193329719 ], [ -74.515298375734289, 0.176308028442559 ], [ -74.51307174142471, 0.173934176310299 ], [ -74.513697406840606, 0.170916256758906 ], [ -74.511286751600039, 0.171670737095917 ], [ -74.512390869100727, 0.17014337711363 ], [ -74.511010723347795, 0.169940955077743 ], [ -74.511606627554613, 0.169097663627719 ], [ -73.861568888875411, 0.169232163990831 ], [ -73.859476737860916, 0.161069881558638 ], [ -73.857515536166318, 0.159813406969493 ], [ -73.846368502704024, 0.159636207850291 ], [ -73.842814605606122, 0.157519855304463 ], [ -73.840702191277558, 0.14263574014605 ], [ -73.835819857292336, 0.131500503369847 ], [ -73.836152700438333, 0.127104470954704 ], [ -73.829052246382503, 0.125352479870077 ], [ -73.827852725027697, 0.122451000936902 ], [ -73.818862825861061, 0.114713810619064 ], [ -73.814157496060432, 0.118323761736938 ], [ -73.81020735177492, 0.116821464771036 ], [ -73.809691306063883, 0.114094834962417 ], [ -73.806660290861714, 0.113332066762002 ], [ -73.803790461397796, 0.106355582111025 ], [ -73.800182764154613, 0.107481125346604 ], [ -73.795214352631945, 0.105628205764375 ], [ -73.794784831819698, 0.102010338685931 ], [ -73.792523620428938, 0.101897080801273 ], [ -73.792294289337292, 0.098271640918884 ], [ -73.790382863332297, 0.097735108213171 ], [ -73.789991817394309, 0.096005514841365 ], [ -73.781052879694357, 0.092446111964781 ], [ -73.780284675783832, 0.093980595592962 ], [ -73.776053027111686, 0.093169698316217 ], [ -73.774585459042271, 0.088689950036415 ], [ -73.771461864291496, 0.087803978694921 ], [ -73.77111047900496, 0.084686573341505 ], [ -73.765011870071476, 0.082779860800598 ], [ -73.76035891119534, 0.078024890057959 ], [ -73.757899314800795, 0.079153900793254 ], [ -73.757394614820839, 0.077885714858431 ], [ -73.75482809187281, 0.078557015625419 ], [ -73.750458506778898, 0.076788673392934 ], [ -73.749361798588609, 0.078582761361952 ], [ -73.741909447206126, 0.080405999685205 ], [ -73.738925127367963, 0.079863247937773 ], [ -73.738148685899716, 0.077978042878601 ], [ -73.733366288671107, 0.07792425261481 ], [ -73.732878494998261, 0.080077840358828 ], [ -73.729514915128107, 0.080887075750984 ], [ -73.727492869592538, 0.083083698221271 ], [ -73.726695156899723, 0.087072209582999 ], [ -73.724744654148708, 0.087259974694995 ], [ -73.724819187427215, 0.089381733306489 ], [ -73.72339348896827, 0.090089192190802 ], [ -73.723137459925113, 0.093203367199914 ], [ -73.719237765964408, 0.094401833033387 ], [ -73.717794110168597, 0.097356347644818 ], [ -73.715784615005873, 0.098109254132229 ], [ -73.710911264180652, 0.104607719686744 ], [ -73.711227775941779, 0.106119180374175 ], [ -73.70566861474947, 0.105924948285324 ], [ -73.704968018999352, 0.104789295401483 ], [ -73.703123247143253, 0.106130553953077 ], [ -73.702353463094823, 0.104792000230999 ], [ -73.698318347997201, 0.106334957674011 ], [ -73.695484243662293, 0.102153287711004 ], [ -73.692963715391784, 0.102250144142072 ], [ -73.690916534974519, 0.096777448559911 ], [ -73.692717307312989, 0.096667018574063 ], [ -73.691920177627196, 0.093352235229126 ], [ -73.694265957384516, 0.089858500150449 ], [ -73.690986432942509, 0.084803012163079 ], [ -73.686745244154451, 0.085227097265178 ], [ -73.686596887267058, 0.082882046940535 ], [ -73.681388231011624, 0.081740034877757 ], [ -73.679623346397364, 0.083660688384696 ], [ -73.676603983252051, 0.084181920073957 ], [ -73.674596491334057, 0.087274089036007 ], [ -73.671932186689446, 0.087414288315831 ], [ -73.672636053208066, 0.089023253120178 ], [ -73.670459569185766, 0.091304514025699 ], [ -73.666777868670522, 0.091107775635186 ], [ -73.66618232199346, 0.094264345769561 ], [ -73.661393116427917, 0.098706445625833 ], [ -73.66104634758733, 0.101246994664917 ], [ -73.656892573929213, 0.100939611591024 ], [ -73.656116078561979, 0.096379818864027 ], [ -73.651896010081373, 0.094956238634206 ], [ -73.653474404294059, 0.088559228888736 ], [ -73.651288919145429, 0.086912832154923 ], [ -73.650516727610125, 0.088373338562216 ], [ -73.648658112704481, 0.085472309685393 ], [ -73.647783846420396, 0.081378265956562 ], [ -73.649151431918995, 0.081563169033797 ], [ -73.649448172643304, 0.079500426190227 ], [ -73.644778352375852, 0.074335126258394 ], [ -73.644460186814968, 0.07117628877442 ], [ -73.642149755792218, 0.071744282303104 ], [ -73.640942985925619, 0.070295300391774 ], [ -73.640129104443133, 0.071469271842857 ], [ -73.639525966097551, 0.070080308220174 ], [ -73.636111622390217, 0.069792882134463 ], [ -73.631461771687441, 0.071166973237536 ], [ -73.630584540062273, 0.072748259129343 ], [ -73.623833277605343, 0.070119117267972 ], [ -73.622020819074066, 0.066835907035468 ], [ -73.616467830210979, 0.063710532720851 ], [ -73.609632188932153, 0.066147284041085 ], [ -73.607663055107309, 0.064070667605211 ], [ -73.603770332078795, 0.066004361965481 ], [ -73.605307411840329, 0.068786751146494 ], [ -73.60342727418157, 0.067998417771069 ], [ -73.600867901828906, 0.069748252897312 ], [ -73.597779637846429, 0.06777029042284 ], [ -73.594266021237956, 0.073320718186801 ], [ -73.592879812750368, 0.071180238669896 ], [ -73.594071266329138, 0.07035292826152 ], [ -73.592662960166251, 0.069646671324033 ], [ -73.590052463751761, 0.072945859903182 ], [ -73.587010714571704, 0.072848178817976 ], [ -73.585849391409852, 0.07552692568886 ], [ -73.583334656379293, 0.072377631914035 ], [ -73.58072269660795, 0.073595619950841 ], [ -73.579828504776742, 0.072274496254075 ], [ -73.576127256905295, 0.07301788059184 ], [ -73.575868065789848, 0.071301404430283 ], [ -73.570553569943286, 0.075897940976632 ], [ -73.567052377045115, 0.074620851831906 ], [ -73.56527753100471, 0.07819065630944 ], [ -73.562255931052562, 0.073275434975611 ], [ -73.55407524302359, 0.07744209407827 ], [ -73.554041978382145, 0.074897871825023 ], [ -73.550954280338715, 0.075529055596073 ], [ -73.548161130230199, 0.073130401857418 ], [ -73.545667334945563, 0.07412636300995 ], [ -73.545413193264324, 0.07660663863871 ], [ -73.541184211692382, 0.081141407875177 ], [ -73.536591574735667, 0.081665402784527 ], [ -73.536922649097448, 0.077629839427284 ], [ -73.534197538341118, 0.078101661939949 ], [ -73.53314765936392, 0.083692090817094 ], [ -73.530523984653655, 0.08643388599642 ], [ -73.527292717747173, 0.085878591960987 ], [ -73.525840906140388, 0.087515197948748 ], [ -73.522810627557362, 0.086571121731697 ], [ -73.523016809045714, 0.090605654720462 ], [ -73.517960362555016, 0.089102314809698 ], [ -73.515881015238449, 0.091513786619367 ], [ -73.517483052229863, 0.092931578999186 ], [ -73.517128945944137, 0.094980868662326 ], [ -73.51491110435154, 0.094340289404227 ], [ -73.513583132791894, 0.095801974402057 ], [ -73.510903934966336, 0.094327497384389 ], [ -73.509264950237821, 0.096900796329908 ], [ -73.507759911611402, 0.095913876727896 ], [ -73.507604494858583, 0.099189612072927 ], [ -73.505234685148253, 0.099139083594562 ], [ -73.506440386018767, 0.102389942772938 ], [ -73.502712818386897, 0.104454052853464 ], [ -73.504341526380358, 0.105569698443316 ], [ -73.503409039338067, 0.10774298625719 ], [ -73.499638434284918, 0.1047040227552 ], [ -73.496097505276737, 0.106428655626086 ], [ -73.496200257355781, 0.112517389371517 ], [ -73.494034485751797, 0.115405501362607 ], [ -73.489655550984935, 0.115927466976062 ], [ -73.488280015389762, 0.113835738170164 ], [ -73.488459382145436, 0.111433572015891 ], [ -73.491471308132589, 0.110568856627588 ], [ -73.492934267840894, 0.108220549907411 ], [ -73.492316302789789, 0.106031757159401 ], [ -73.489779215860437, 0.104448194036497 ], [ -73.480305283371763, 0.105992631005991 ], [ -73.48088518587565, 0.111526271938841 ], [ -73.48275506566398, 0.11451892455611 ], [ -73.47473837240733, 0.112672510578397 ], [ -73.469485397732058, 0.106046188605912 ], [ -73.468622604739949, 0.109808806731355 ], [ -73.46494686365304, 0.114611781684433 ], [ -73.462762843657856, 0.113864724132492 ], [ -73.459196809412447, 0.106683481824065 ], [ -73.460017077023394, 0.102422945106158 ], [ -73.46336873534193, 0.101051810361092 ], [ -73.462672059842873, 0.098725698334349 ], [ -73.453253528298546, 0.097695579614216 ], [ -73.453450702372322, 0.094871753811047 ], [ -73.45622930515151, 0.091931508949223 ], [ -73.454941458672636, 0.090431889863314 ], [ -73.4494360598963, 0.093475167977077 ], [ -73.447924792346726, 0.092373394182877 ], [ -73.44542386533135, 0.094033922325677 ], [ -73.443818730946361, 0.092702332349245 ], [ -73.439249022607214, 0.095603884944325 ], [ -73.434454771200706, 0.089225300558284 ], [ -73.431180995981038, 0.092043871212845 ], [ -73.426387153308326, 0.089748735816722 ], [ -73.422026349253258, 0.09324235411429 ], [ -73.420203147760958, 0.098532938585372 ], [ -73.418589271862913, 0.09817668622276 ], [ -73.417769527970165, 0.095847078848429 ], [ -73.419044443190216, 0.092565305023259 ], [ -73.416494038726228, 0.088947222348929 ], [ -73.418796604992338, 0.0791906877318 ], [ -73.417339910139845, 0.07465783280666 ], [ -73.418126311237586, 0.072703042393462 ], [ -73.421244098375439, 0.071059602017601 ], [ -73.419816609572649, 0.067393745101803 ], [ -73.421554650708231, 0.064872251141669 ], [ -73.412393942144092, 0.06675990321368 ], [ -73.404210116297293, 0.06384086938925 ], [ -73.393246813609892, 0.067199916356804 ], [ -73.39309641485022, 0.06531425225808 ], [ -73.396082453166855, 0.063771342425806 ], [ -73.392194496603054, 0.061119501017488 ], [ -73.392824103829525, 0.059530892053623 ], [ -73.396556295093887, 0.058887430099496 ], [ -73.394948887071052, 0.054802439599327 ], [ -73.391514126437698, 0.052385249110026 ], [ -73.387645871740403, 0.054847288923965 ], [ -73.385912555747041, 0.053695054025121 ], [ -73.387514855945085, 0.047812443377452 ], [ -73.392155011123236, 0.045791834249225 ], [ -73.395094554400373, 0.0472839209555 ], [ -73.394573185268712, 0.043050315751202 ], [ -73.38754594576352, 0.043338305979365 ], [ -73.383765397250556, 0.045695531180764 ], [ -73.382262791263884, 0.040819818682869 ], [ -73.375731918959445, 0.045974134006672 ], [ -73.375192349945621, 0.048654392743332 ], [ -73.371759314977282, 0.045997919617738 ], [ -73.371505724862061, 0.049247574154342 ], [ -73.369973062120323, 0.049698950096521 ], [ -73.367982339965408, 0.047335858891669 ], [ -73.364505141985831, 0.048369902354347 ], [ -73.362732907350107, 0.046028094950447 ], [ -73.358980775267185, 0.05157595802223 ], [ -73.355334226755303, 0.047952720810723 ], [ -73.357469573294679, 0.044724679757058 ], [ -73.355909474185694, 0.043072729633768 ], [ -73.352990490666912, 0.043559468683593 ], [ -73.351255452601777, 0.041514700244868 ], [ -73.348408622722388, 0.042029623959234 ], [ -73.346800685591461, 0.040652550447047 ], [ -73.33709375778011, 0.040300038672263 ], [ -73.333846139725779, 0.035309322861765 ], [ -73.328735265166927, 0.037966282874665 ], [ -73.32587099717739, 0.037947842243791 ], [ -73.323173819557041, 0.033586889966756 ], [ -73.320744413766647, 0.037996269561059 ], [ -73.324612861601906, 0.04162894717546 ], [ -73.325291401897516, 0.044098861627468 ], [ -73.32126255165565, 0.048975626951662 ], [ -73.321062229882614, 0.043219631249195 ], [ -73.31797086760821, 0.041378624235507 ], [ -73.312461326696848, 0.041440281950822 ], [ -73.309216188892947, 0.046306385162388 ], [ -73.307573302778053, 0.046401582403868 ], [ -73.302106866661575, 0.041481460756239 ], [ -73.303504217860848, 0.035659592439817 ], [ -73.294860615020639, 0.034580829009997 ], [ -73.292606125728469, 0.028922925821477 ], [ -73.294531374121789, 0.026185768647667 ], [ -73.289137364732824, 0.025528715172483 ], [ -73.28524598558505, 0.032000901390713 ], [ -73.287355475895026, 0.038121109433909 ], [ -73.286699409669041, 0.042831246123297 ], [ -73.289789165754428, 0.045465767999109 ], [ -73.284362430713543, 0.049753280248193 ], [ -73.277846843255872, 0.044895392136421 ], [ -73.274688572609193, 0.045516238086953 ], [ -73.272700963119121, 0.042484704556576 ], [ -73.268294038622344, 0.040592430648784 ], [ -73.266481225256257, 0.04284053021912 ], [ -73.266017854998836, 0.048276762256535 ], [ -73.263199497245068, 0.047796700389501 ], [ -73.262535133274184, 0.05061348429357 ], [ -73.260240668021709, 0.052087907412312 ], [ -73.262133230289066, 0.055608071846038 ], [ -73.260904086065864, 0.057715535554989 ], [ -73.248216619428433, 0.05960371763344 ], [ -73.243893489848119, 0.055299530842771 ], [ -73.24142953123112, 0.044724224310813 ], [ -73.236170397701358, 0.046605499237557 ], [ -73.232863039836332, 0.046155419565374 ], [ -73.224475175883242, 0.039966945794432 ], [ -73.222788117773973, 0.036292672555982 ], [ -73.218112771066444, 0.035469380315045 ], [ -73.215123859036964, 0.037308747003715 ], [ -73.214733241595695, 0.040016574160164 ], [ -73.216089590957779, 0.043721490754001 ], [ -73.22041069124225, 0.045577384660451 ], [ -73.218274024178356, 0.05349290417899 ], [ -73.20706065457108, 0.051875327219128 ], [ -73.20376638786513, 0.054364547380343 ], [ -73.200812476921897, 0.053324152823452 ], [ -73.199970920120052, 0.056434994181884 ], [ -73.202438372287986, 0.060322030869996 ], [ -73.199343599107806, 0.061788616181625 ], [ -73.197959540290356, 0.061286218585589 ], [ -73.195433838618044, 0.054733892698674 ], [ -73.193917809993707, 0.054966822444165 ], [ -73.191279209763081, 0.058935470242536 ], [ -73.189162905726278, 0.058083910692078 ], [ -73.188161973292949, 0.054846209148144 ], [ -73.186756260568359, 0.054791049850805 ], [ -73.186127340553639, 0.060376399649268 ], [ -73.180600767570866, 0.060357190059904 ], [ -73.180806921211399, 0.054272637975404 ], [ -73.175821404853707, 0.051360164552718 ], [ -73.173692601648099, 0.047442823174403 ], [ -73.167929402349444, 0.048937798864901 ], [ -73.165908433894742, 0.053739961740284 ], [ -73.167126892649151, 0.055379464797103 ], [ -73.171778645086931, 0.054878616796156 ], [ -73.172408907185797, 0.05710799995267 ], [ -73.16657371684289, 0.059590172824781 ], [ -73.164032100604288, 0.059259353584744 ], [ -73.159664545704516, 0.051719364290193 ], [ -73.158690848415688, 0.044092100002922 ], [ -73.155236491917094, 0.042345608408851 ], [ -73.15088043815706, 0.04451192888383 ], [ -73.147303180351571, 0.040279127672397 ], [ -73.145316062240397, 0.042764485973076 ], [ -73.147145417197294, 0.04884757200589 ], [ -73.143757192925989, 0.070023971230534 ], [ -73.138069817785947, 0.078645789009122 ], [ -73.143938704860318, 0.081701241999642 ], [ -73.149656332588279, 0.080309649904301 ], [ -73.155434463695485, 0.086420553190338 ], [ -73.15594874780885, 0.089778523975262 ], [ -73.158368908130967, 0.092954983724219 ], [ -73.157310088214615, 0.095859175571688 ], [ -73.151955485253666, 0.101244032018784 ], [ -73.153770603698604, 0.111590214071739 ], [ -73.148022725179317, 0.120363293891677 ], [ -73.146086597280942, 0.130709475944694 ], [ -73.149051293406103, 0.13309938367881 ], [ -73.154889927892498, 0.142326245131208 ], [ -73.164994094632277, 0.147287571635417 ], [ -73.172768858813697, 0.145623711638594 ], [ -73.181662946290714, 0.138211973122727 ], [ -73.187168810394724, 0.138393484158696 ], [ -73.187350322329053, 0.143082542761473 ], [ -73.181662946290714, 0.146864042590937 ], [ -73.173283142927062, 0.156605188156686 ], [ -73.173767175350804, 0.160628702401357 ], [ -73.175915066873131, 0.163260627245693 ], [ -73.180241101607407, 0.164289194574035 ], [ -73.182086474436915, 0.154275782903454 ], [ -73.184990666284477, 0.151764866614252 ], [ -73.192946940603633, 0.149949747271022 ], [ -73.195034328746715, 0.14420186695533 ], [ -73.204745219928213, 0.140511123991331 ], [ -73.211551920160446, 0.140208604400225 ], [ -73.214516615387254, 0.144413632375873 ], [ -73.206560340169801, 0.15500182974245 ], [ -73.206862859760918, 0.16056819902211 ], [ -73.210130076375435, 0.160991727168301 ], [ -73.218751895052662, 0.157089218783764 ], [ -73.231245970424936, 0.158269047255153 ], [ -73.235662762024674, 0.161385002726571 ], [ -73.238718213218647, 0.166890866830396 ], [ -73.235511501779968, 0.175663945752042 ], [ -73.236328306382745, 0.179657210103792 ], [ -73.239232497332011, 0.181926110181134 ], [ -73.244677857158479, 0.184164757670554 ], [ -73.248308096743358, 0.183015180888719 ], [ -73.250032461017781, 0.171216904259479 ], [ -73.253874464226612, 0.168131198681036 ], [ -73.255659331880281, 0.169704301812407 ], [ -73.254207236405648, 0.175663945752042 ], [ -73.254328244062435, 0.185798365079404 ], [ -73.256778656074175, 0.185828618565679 ], [ -73.260802172115632, 0.182047118736215 ], [ -73.266277782733425, 0.180806785987274 ], [ -73.271965158771764, 0.181139556369653 ], [ -73.275807161980595, 0.183529464103776 ], [ -73.276442453750747, 0.188490793302926 ], [ -73.270634070953918, 0.195569759639823 ], [ -73.27066432264354, 0.199563023991531 ], [ -73.273084482965658, 0.199744536824205 ], [ -73.277017242141653, 0.195479002774368 ], [ -73.28019370189071, 0.194389932066729 ], [ -73.289087789367727, 0.195176484081557 ], [ -73.292718028952606, 0.197505889334786 ], [ -73.29441214063911, 0.202315955594294 ], [ -73.292112988872077, 0.208759631059359 ], [ -73.274929853998572, 0.208184845363415 ], [ -73.271602134903105, 0.210332735089024 ], [ -73.271874402804599, 0.217472206601763 ], [ -73.274385319093881, 0.223522605610257 ], [ -73.278802109795322, 0.223159580843318 ], [ -73.283884445753131, 0.214386502819966 ], [ -73.288270984764949, 0.215324313282913 ], [ -73.289057536779808, 0.219952869404746 ], [ -73.285034021636648, 0.230994850200317 ], [ -73.286607125666364, 0.234050303190839 ], [ -73.289178545334892, 0.233021733167493 ], [ -73.29501718071964, 0.22409739400115 ], [ -73.298556665235651, 0.222161266102835 ], [ -73.302186903922234, 0.223371347162207 ], [ -73.307541507781536, 0.229542752030842 ], [ -73.314741482673753, 0.23462508888678 ], [ -73.316223830736305, 0.232567952433388 ], [ -73.315830555178024, 0.226850324705619 ], [ -73.322304483231221, 0.227001585848615 ], [ -73.323847333774665, 0.225458732610276 ], [ -73.32206246701935, 0.219952869404746 ], [ -73.322546499443092, 0.215657087258527 ], [ -73.337927916051399, 0.21127604234757 ], [ -73.356327159684668, 0.226511614657828 ], [ -73.347534649289344, 0.22830242287515 ], [ -73.345205244934391, 0.230994850200317 ], [ -73.338459048979701, 0.232961229788252 ], [ -73.338459048979701, 0.234988112755423 ], [ -73.342452313331535, 0.237529280734247 ], [ -73.343934661394087, 0.240675489691933 ], [ -73.342906093167358, 0.245092280393174 ], [ -73.33906408906023, 0.24784521289423 ], [ -73.338549804946865, 0.250900663189805 ], [ -73.34151450107197, 0.252171246730067 ], [ -73.348109436781954, 0.247270425401698 ], [ -73.352798496283185, 0.247784707718394 ], [ -73.35836486376644, 0.252625028362465 ], [ -73.360543006978332, 0.26242667461251 ], [ -73.367652226801681, 0.262154409405972 ], [ -73.373188341697016, 0.254107374628382 ], [ -73.375063966216146, 0.253623344001248 ], [ -73.377030345804144, 0.254621659640025 ], [ -73.380448821765071, 0.261519114940899 ], [ -73.387134513442277, 0.267720774194099 ], [ -73.389826940767534, 0.268235059205741 ], [ -73.391006769239027, 0.266540946620994 ], [ -73.390946264961428, 0.260127522845552 ], [ -73.3957563330178, 0.253441831168628 ], [ -73.399265564047539, 0.260823318893229 ], [ -73.404468907662135, 0.265088850248114 ], [ -73.407826880243874, 0.265633386051086 ], [ -73.415117611103199, 0.264756078967392 ], [ -73.425403289777307, 0.255710732144259 ], [ -73.432149485731998, 0.253653595690872 ], [ -73.43463014943336, 0.254409895117778 ], [ -73.435053676681264, 0.25737459124279 ], [ -73.429275545574058, 0.261609870908057 ], [ -73.432905786057233, 0.267206489182454 ], [ -73.432119234042375, 0.276584609082904 ], [ -73.436747789266065, 0.278702248915535 ], [ -73.440226768606237, 0.286477013995003 ], [ -73.443645244567165, 0.28922994380117 ], [ -73.445097340940094, 0.288050118024665 ], [ -73.441043573209015, 0.278278719870998 ], [ -73.444280537235613, 0.27452747532446 ], [ -73.44700321625055, 0.275132515404968 ], [ -73.44760825633108, 0.279821573109396 ], [ -73.453265379781499, 0.280971148094575 ], [ -73.455050248333464, 0.282816520025731 ], [ -73.456199824216981, 0.294221524689951 ], [ -73.451601519784617, 0.30075595522388 ], [ -73.4500284157549, 0.305656779247194 ], [ -73.4500284157549, 0.321024793878605 ], [ -73.456895620264675, 0.32371722210213 ], [ -73.458256959772143, 0.329344092964442 ], [ -73.46300652265262, 0.331491986283289 ], [ -73.46427710709122, 0.338782718040733 ], [ -73.466546007168631, 0.339932292127615 ], [ -73.469026670869994, 0.338843221419976 ], [ -73.472384641655083, 0.330433164570381 ], [ -73.480098901558961, 0.324806293708066 ], [ -73.485120733239228, 0.324715537740908 ], [ -73.501668576342581, 0.329858376179439 ], [ -73.509050063169127, 0.343592784300295 ], [ -73.503392939718708, 0.349764192762168 ], [ -73.506448391810977, 0.360231381573613 ], [ -73.499218164330841, 0.366281782378764 ], [ -73.502364372390275, 0.372725456945477 ], [ -73.505540832139332, 0.375750658246371 ], [ -73.50632738415419, 0.39015060713198 ], [ -73.508626535022927, 0.390362372552578 ], [ -73.515433235255159, 0.384871636090152 ], [ -73.520182798135636, 0.384296845902613 ], [ -73.538787776794152, 0.392827910409046 ], [ -73.540754157280446, 0.394975801931299 ], [ -73.540149117199917, 0.400784185626233 ], [ -73.532011329149839, 0.399211080698214 ], [ -73.52677773384562, 0.401903510718384 ], [ -73.520666829661081, 0.409284996646341 ], [ -73.519063474840038, 0.414579096227924 ], [ -73.520152546446013, 0.420145462812702 ], [ -73.524024802242764, 0.421930332262958 ], [ -73.525476897717397, 0.419721935564804 ], [ -73.523540769819022, 0.414306828326495 ], [ -73.524932361914409, 0.409799280759742 ], [ -73.527715546105185, 0.40846819294194 ], [ -73.534613001406285, 0.40901272874491 ], [ -73.537849965432883, 0.410979108332787 ], [ -73.540723904692527, 0.417241272761885 ], [ -73.546804556289146, 0.422595876621004 ], [ -73.547893627895121, 0.426377375552171 ], [ -73.547046571602721, 0.429009297701503 ], [ -73.540562311118833, 0.430241360553362 ], [ -73.539120548973187, 0.43254878311575 ], [ -73.550253283939696, 0.434394155046901 ], [ -73.553236196116643, 0.438402478767995 ], [ -73.549752658721104, 0.445668750279107 ], [ -73.542956556821025, 0.446117548952665 ], [ -73.53834229829647, 0.449257183135522 ], [ -73.538753366799767, 0.45204947086056 ], [ -73.541733618164756, 0.454413118123076 ], [ -73.546769213842765, 0.455338025174959 ], [ -73.557251474600378, 0.450816266249064 ], [ -73.561053863870256, 0.450816266249058 ], [ -73.562595373227907, 0.453077146161157 ], [ -73.557457010199528, 0.459345949145447 ], [ -73.555305368207883, 0.467489838557569 ], [ -73.562777611001593, 0.472874694106321 ], [ -73.569493554368364, 0.483795666346813 ], [ -73.575090174439538, 0.480982229568212 ], [ -73.577782601764852, 0.477624258783232 ], [ -73.575664961932148, 0.469365463974935 ], [ -73.569614562025151, 0.464010859217517 ], [ -73.569886829926645, 0.461409187859446 ], [ -73.576027985800806, 0.463073047856275 ], [ -73.583893505051094, 0.461590698895473 ], [ -73.591789276889301, 0.462407502599927 ], [ -73.59299935705036, 0.466370516160307 ], [ -73.58059603764525, 0.483583902722868 ], [ -73.583500228594517, 0.488393969880724 ], [ -73.58952037681189, 0.493143534557642 ], [ -73.593029608739982, 0.493325045593663 ], [ -73.594965735740061, 0.491509925352138 ], [ -73.59575228775492, 0.48152676716777 ], [ -73.602649743954316, 0.48376541375889 ], [ -73.606219479261654, 0.486578850537494 ], [ -73.606552251440689, 0.488878002304453 ], [ -73.604585871852692, 0.491540177041758 ], [ -73.599866559763541, 0.492841014068238 ], [ -73.599745552106754, 0.495926718748381 ], [ -73.614145502789484, 0.502975433395601 ], [ -73.616626167389143, 0.509146841857533 ], [ -73.629574021698943, 0.504760300150914 ], [ -73.637651304573126, 0.499254436945388 ], [ -73.644639514943094, 0.497893095641372 ], [ -73.645274807611543, 0.511809015696487 ], [ -73.64869328357247, 0.522306458892501 ], [ -73.651597476318386, 0.52472661921454 ], [ -73.658071402574933, 0.526420730002689 ], [ -73.665725159099622, 0.532864407264349 ], [ -73.672866224225174, 0.536295070678355 ], [ -73.670677374883155, 0.540310556672953 ], [ -73.668415812250828, 0.541368401916422 ], [ -73.669680963674239, 0.545652119678745 ], [ -73.661151478407078, 0.550711044623114 ], [ -73.661502925677439, 0.552042024643001 ], [ -73.665434798215585, 0.552274292329607 ], [ -73.665796981260428, 0.553809064317233 ], [ -73.662654773402153, 0.556265901983255 ], [ -73.663404155795888, 0.560004959975007 ], [ -73.661363578899568, 0.564231957166761 ], [ -73.655244731804942, 0.565755183997159 ], [ -73.658133210309018, 0.567566492683892 ], [ -73.660214212323638, 0.567193017806911 ], [ -73.660506846845522, 0.56976291033814 ], [ -73.6550521418377, 0.572887088994187 ], [ -73.654817968822783, 0.575401840194399 ], [ -73.65645517488565, 0.577370733270528 ], [ -73.654967556403108, 0.5775801208486 ], [ -73.656380238263239, 0.57983563781423 ], [ -73.650609496703453, 0.583970879213109 ], [ -73.651442945305121, 0.585885620902394 ], [ -73.654260834137915, 0.585444573797555 ], [ -73.655834637057467, 0.588998992816998 ], [ -73.652864950786977, 0.591133722213216 ], [ -73.65356386668617, 0.589079293284228 ], [ -73.651236304777285, 0.588805612331634 ], [ -73.649657049079622, 0.586632202346814 ], [ -73.649925950991076, 0.588895354100055 ], [ -73.64621031209731, 0.59140978370316 ], [ -73.645900178379804, 0.59512018541447 ], [ -73.642425053713623, 0.595093936620953 ], [ -73.642686022596422, 0.597283032999797 ], [ -73.645207747423854, 0.599541008656287 ], [ -73.641561368693715, 0.602301657691813 ], [ -73.644597826792506, 0.604758343542426 ], [ -73.641023600803464, 0.611010189015563 ], [ -73.643315436684986, 0.613971591015783 ], [ -73.63903592573638, 0.612290566895172 ], [ -73.636827157135372, 0.613899644887389 ], [ -73.642641107694772, 0.620635644955255 ], [ -73.642975136617906, 0.623253469831601 ], [ -73.6411722900678, 0.624707850622062 ], [ -73.640441367169558, 0.623094486764245 ], [ -73.637863794934731, 0.622445749898528 ], [ -73.637484525919547, 0.624327927632844 ], [ -73.639298566385321, 0.626701887563026 ], [ -73.637178954749004, 0.628176068136472 ], [ -73.634024125550866, 0.626989743942049 ], [ -73.637429665761431, 0.633952279542152 ], [ -73.634772252098855, 0.635049013783572 ], [ -73.63305293097045, 0.63355219564695 ], [ -73.630680489194219, 0.640952887571027 ], [ -73.629637948560458, 0.640211120202056 ], [ -73.630472960231941, 0.635497708252515 ], [ -73.627711529661383, 0.641793226256347 ], [ -73.626601006269311, 0.636334745626574 ], [ -73.624825826953725, 0.638202074197391 ], [ -73.622233800814513, 0.638310724619242 ], [ -73.622379031562218, 0.64122247130427 ], [ -73.625202004863581, 0.641593188351168 ], [ -73.623217985942631, 0.642711743586523 ], [ -73.624783058128969, 0.645751515572917 ], [ -73.619599005850489, 0.647818306228377 ], [ -73.621739072142134, 0.651567164847676 ], [ -73.613753398635254, 0.65184905640847 ], [ -73.6122968708695, 0.655463338307799 ], [ -73.611239329256819, 0.654384155364388 ], [ -73.608473955079035, 0.655310561705668 ], [ -73.60697902430428, 0.662317706780003 ], [ -73.604961200853893, 0.661261110195786 ], [ -73.601599345750458, 0.667307793769331 ], [ -73.598460326913937, 0.669340862540459 ], [ -73.598773372073651, 0.672379476597541 ], [ -73.589778199792079, 0.673591186303792 ], [ -73.591901466676234, 0.678057953019089 ], [ -73.591156313554222, 0.680025811235145 ], [ -73.587578314637994, 0.675594692393649 ], [ -73.585508461623249, 0.675635735553387 ], [ -73.583240225401369, 0.678541639591141 ], [ -73.586105150059893, 0.68200659621842 ], [ -73.585153340240424, 0.683910825813898 ], [ -73.579675602410362, 0.68213240537422 ], [ -73.579992895706425, 0.684652744099983 ], [ -73.581452523560699, 0.684116953403253 ], [ -73.582260325240554, 0.685870150926298 ], [ -73.577349101412722, 0.686262994394544 ], [ -73.577509997893173, 0.688749878934137 ], [ -73.57449948316048, 0.690287993555587 ], [ -73.577640342646475, 0.691361848586831 ], [ -73.574147082776847, 0.693236723012022 ], [ -73.577043646124935, 0.699337548989169 ], [ -73.575365728380973, 0.701944649769119 ], [ -73.577069644288258, 0.702863904616735 ], [ -73.577806936246986, 0.700955647870637 ], [ -73.58098943267953, 0.703274884186726 ], [ -73.579803154299213, 0.705992126593142 ], [ -73.581407589794367, 0.710403230055809 ], [ -73.577550726642301, 0.709888281188633 ], [ -73.577216185679049, 0.71440453253908 ], [ -73.580304278981487, 0.714922933634699 ], [ -73.580453076043739, 0.717600586356625 ], [ -73.57656321774499, 0.717407379246297 ], [ -73.575808472404731, 0.718771800875912 ], [ -73.581134456814596, 0.723095537717682 ], [ -73.583539390680528, 0.72885830223124 ], [ -73.581995690330075, 0.731347758649505 ], [ -73.580915851615998, 0.728683067729105 ], [ -73.578182072110224, 0.729924627577736 ], [ -73.581648500179256, 0.734608380726159 ], [ -73.580166809684044, 0.737107900978595 ], [ -73.578733179993094, 0.735968277538067 ], [ -73.580015730899163, 0.738551185769866 ], [ -73.576393715397217, 0.737411324275583 ], [ -73.577072580883282, 0.739918187363044 ], [ -73.574198646115235, 0.742049655872137 ], [ -73.576869688129818, 0.741489871155114 ], [ -73.575805310332385, 0.745952413988578 ], [ -73.57742046273745, 0.74546565427747 ], [ -73.577856065148978, 0.747742387670327 ], [ -73.580216270962978, 0.746795437740432 ], [ -73.578294280761781, 0.749395792167222 ], [ -73.580964595140472, 0.749417154121676 ], [ -73.584941795805605, 0.757104727751922 ], [ -73.583765577666156, 0.757736791872638 ], [ -73.581581315125618, 0.756230354568307 ], [ -73.580700202775347, 0.757555191005025 ], [ -73.582536475663801, 0.757660230196588 ], [ -73.582474941017779, 0.759647059948254 ], [ -73.579267793895838, 0.761148001355335 ], [ -73.581254095437771, 0.76218368693974 ], [ -73.581626114144569, 0.763325903818505 ], [ -73.579869459003191, 0.764445862223481 ], [ -73.583986662216887, 0.769174592257443 ], [ -73.584386143342101, 0.772717988939505 ], [ -73.580623082346733, 0.773155690715578 ], [ -73.576526943744909, 0.778760047982254 ], [ -73.575892788344504, 0.777448165262231 ], [ -73.57718293002074, 0.776512712878826 ], [ -73.574970172896656, 0.775543296964089 ], [ -73.572903732584393, 0.777175968327707 ], [ -73.572441829277011, 0.780462982928454 ], [ -73.568459561211284, 0.782389761153874 ], [ -73.570075424184324, 0.783402334864179 ], [ -73.567944996823314, 0.785473221840582 ], [ -73.570947974684771, 0.787500942936572 ], [ -73.568000863095392, 0.788020871169346 ], [ -73.566420331788947, 0.790642467176289 ], [ -73.568097602745411, 0.790577153314892 ], [ -73.568977413435789, 0.792469829668293 ], [ -73.567180261310853, 0.797421316917355 ], [ -73.568538505221397, 0.797953225990627 ], [ -73.567241525563759, 0.799000088422675 ], [ -73.568565652330904, 0.799329356270974 ], [ -73.567530064662947, 0.800402519598869 ], [ -73.568442987281117, 0.802212725153576 ], [ -73.566495178579771, 0.802663795668325 ], [ -73.566830350160842, 0.809286901669542 ], [ -73.560769999607487, 0.81091640107937 ], [ -73.557539253724258, 0.813538746281844 ], [ -73.556740329203137, 0.823145968203359 ], [ -73.554783788870282, 0.823745277926104 ], [ -73.556053818149621, 0.824717874777809 ], [ -73.553131976189263, 0.826702065277087 ], [ -73.552507189326434, 0.831128388907747 ], [ -73.550155192324041, 0.831862660727973 ], [ -73.550699553853747, 0.837215830874772 ], [ -73.545041181744068, 0.839352275156277 ], [ -73.539627764237935, 0.846575690705941 ], [ -73.541390393180734, 0.849088403627116 ], [ -73.540210717423008, 0.855273924633414 ], [ -73.53793025332368, 0.855118779171955 ], [ -73.536702570660623, 0.858488376860916 ], [ -73.536242346305812, 0.863036502259737 ], [ -73.53817549269337, 0.866402407869906 ], [ -73.53562929055164, 0.870669469955256 ], [ -73.536623690430986, 0.872541729382578 ], [ -73.539205483852697, 0.873243386942159 ], [ -73.537610300114011, 0.875238812679653 ], [ -73.54063829697435, 0.882047161321528 ], [ -73.537762088568513, 0.885100614660619 ], [ -73.53911327171528, 0.886729487944169 ], [ -73.53656325083216, 0.889613285323489 ], [ -73.537497706084878, 0.891092953709349 ], [ -73.540203898306231, 0.891363372876523 ], [ -73.540338331295629, 0.897042306540905 ], [ -73.538644064200469, 0.897635150185083 ], [ -73.538170876247477, 0.900851451146958 ], [ -73.529131640667799, 0.909066471914895 ], [ -73.527901371752932, 0.912218500163584 ], [ -73.529404270590646, 0.913822119089443 ], [ -73.52682565720761, 0.918567334120333 ], [ -73.527135934655689, 0.922030538133081 ], [ -73.523717729087878, 0.926477997342633 ], [ -73.524827346079064, 0.931885345825685 ], [ -73.521016782133586, 0.937058875230403 ], [ -73.521139680745591, 0.941389565038033 ], [ -73.518358145862976, 0.94418858025155 ], [ -73.516145775014763, 0.95502711223611 ], [ -73.517784805557426, 0.961846556877218 ], [ -73.513591806032878, 0.972841013163173 ], [ -73.513031082575594, 0.982001530385694 ], [ -73.514666313241548, 0.984838324278641 ], [ -73.511304142829147, 0.988686153964946 ], [ -73.507227884858708, 1.001466086064403 ], [ -73.502395712838904, 1.006212527296629 ], [ -73.492379057348899, 1.011619734744058 ], [ -73.49236915790658, 1.024202763162914 ], [ -73.491288420876458, 1.026035459855268 ], [ -73.483770402594359, 1.028225212004801 ], [ -73.479453621413199, 1.032914911106891 ], [ -73.471199098995555, 1.034161295810696 ], [ -73.464937923612183, 1.043735503720914 ], [ -73.455794663938036, 1.04450506588524 ], [ -73.453252629084204, 1.047844345409212 ], [ -73.448594019800453, 1.048053988109076 ], [ -73.446605877609045, 1.049983934694972 ], [ -73.443959503351778, 1.049045850245677 ], [ -73.438515570051095, 1.050355397344154 ], [ -73.435091776059437, 1.052879905154398 ], [ -73.434174164231763, 1.05610659154754 ], [ -73.428282840817019, 1.0556241958556 ], [ -73.378704419653957, 1.066834868717889 ], [ -73.378919707371608, 1.06501629714627 ], [ -73.376540724956556, 1.066524496946634 ], [ -73.377907062694248, 1.062712307947638 ], [ -73.375489920713903, 1.060376506684514 ], [ -73.377829908129627, 1.060120315944467 ], [ -73.375648403419234, 1.058525384632676 ], [ -73.377293847039823, 1.056615952889224 ], [ -73.376127455579081, 1.055498440598726 ], [ -73.374196221706313, 1.056230773853048 ], [ -73.37515070042258, 1.053868950172083 ], [ -73.373518264417726, 1.050797835940414 ], [ -73.370523846609444, 1.050532059270362 ], [ -73.369750809758784, 1.048909567623671 ], [ -73.368121625657807, 1.051005569718788 ], [ -73.36746174967368, 1.048140878622461 ], [ -73.365053061745186, 1.052095010532622 ], [ -73.363249899886227, 1.048805830091944 ], [ -73.365216995432036, 1.046497158870348 ], [ -73.362100244950909, 1.045854890778195 ], [ -73.363400358833019, 1.04345736801933 ], [ -73.352296113060163, 1.046123925640372 ], [ -73.352035018413062, 1.040649953551185 ], [ -73.347132471419513, 1.042959504224142 ], [ -73.34871752215372, 1.044405611524275 ], [ -73.348038521021977, 1.045646347617121 ], [ -73.345187348682998, 1.044761138945886 ], [ -73.346262775767286, 1.042816410570199 ], [ -73.344749949639436, 1.041475558057465 ], [ -73.339141858072935, 1.043103728857943 ], [ -73.340133633971277, 1.039498320524047 ], [ -73.330777420404502, 1.042119947972055 ], [ -73.328052102137178, 1.038479729893173 ], [ -73.329777864191271, 1.03758425706332 ], [ -73.329453546064144, 1.035814604187809 ], [ -73.323322319276713, 1.032275357725622 ], [ -73.32149394168755, 1.033286175228205 ], [ -73.318646327578335, 1.032265903848055 ], [ -73.31744384267904, 1.030178580383815 ], [ -73.312773609186252, 1.028439235791804 ], [ -73.312523616826581, 1.025443990634591 ], [ -73.31478706592253, 1.02376402473016 ], [ -73.312827383280307, 1.021641798994341 ], [ -73.31142400707563, 1.022635201742943 ], [ -73.311695990210922, 1.019957169931637 ], [ -73.309965205672029, 1.017458426722548 ], [ -73.308146036720245, 1.018472685673669 ], [ -73.309502888240957, 1.016071919994066 ], [ -73.305391910357116, 1.015800721986903 ], [ -73.305670990188844, 1.019010777855949 ], [ -73.30322147289985, 1.017266903954683 ], [ -73.300834450556636, 1.018215498701198 ], [ -73.300713681851903, 1.020002078545092 ], [ -73.29898559315933, 1.01999502586616 ], [ -73.298005198026431, 1.019153142077346 ], [ -73.299551755919993, 1.017780534992345 ], [ -73.298726518824935, 1.014045807782039 ], [ -73.29428207705871, 1.012128884083147 ], [ -73.239339908976149, 1.032612360973023 ], [ -73.241490823331787, 1.029121563387662 ], [ -73.245421296293557, 1.028199794153609 ], [ -73.243659892653795, 1.02474447466037 ], [ -73.247837320768838, 1.021923529756587 ], [ -73.234903303220392, 1.008697859546137 ], [ -73.231700854291148, 1.009681290987106 ], [ -73.230099630275674, 1.007020985645448 ], [ -73.225018578909726, 1.005936694877249 ], [ -73.22345517938777, 1.003326823690714 ], [ -73.220315770682134, 1.004474158275815 ], [ -73.220353595175595, 1.000691738570737 ], [ -73.216722471647813, 1.002582947974104 ], [ -73.21625597435235, 1.000943900363515 ], [ -73.218374128920118, 0.999128337252182 ], [ -73.216684648052592, 0.997035400211221 ], [ -73.208212027984871, 1.001032156317273 ], [ -73.20647211475881, 1.006718395087378 ], [ -73.202551006741373, 1.000477402169771 ], [ -73.198755979171096, 0.99861140669991 ], [ -73.190775073027282, 1.00196515360305 ], [ -73.188127380042147, 1.001284317211697 ], [ -73.186841357144772, 1.002898151787139 ], [ -73.182945464857426, 1.003087273356307 ], [ -73.184987971336511, 0.998548368272953 ], [ -73.178759586283775, 1.000275671837234 ], [ -73.178847843135827, 0.994652475087378 ], [ -73.175771475552153, 0.996064579330278 ], [ -73.171736894952517, 0.992055213562567 ], [ -73.172644674711535, 0.989810976751007 ], [ -73.176893592610497, 0.991084392681623 ], [ -73.172026880340468, 0.987188500394398 ], [ -73.173048131783389, 0.985461195033475 ], [ -73.175784084315524, 0.985398154809862 ], [ -73.172846404145787, 0.981767031282147 ], [ -73.180343710854174, 0.977333660362435 ], [ -73.186617825581209, 0.971236636956949 ], [ -73.188894724264287, 0.970857152345892 ], [ -73.189501896048682, 0.966986426381427 ], [ -73.187680378898847, 0.966278058401342 ], [ -73.182443516419369, 0.971186035714974 ], [ -73.180672595121564, 0.970958348541601 ], [ -73.17940765300574, 0.966859930912231 ], [ -73.182241124926236, 0.960914699554488 ], [ -73.179559445951838, 0.959750954532711 ], [ -73.178319802211263, 0.962331436412958 ], [ -73.176523583436619, 0.962559128976218 ], [ -73.175511628665959, 0.960864102804104 ], [ -73.17869928502563, 0.955905526943439 ], [ -73.172880548238595, 0.952819066779583 ], [ -73.16817495972299, 0.955222458236839 ], [ -73.165341486904197, 0.953400939290473 ], [ -73.162634511351314, 0.949859101186631 ], [ -73.164380131578923, 0.945280007242026 ], [ -73.164253637906313, 0.9403720290301 ], [ -73.156714578368565, 0.944369247768875 ], [ -73.154488279130817, 0.941738167341596 ], [ -73.150642852439717, 0.944470443964579 ], [ -73.15114882982499, 0.941561074223659 ], [ -73.14973209386477, 0.94027083373269 ], [ -73.146949217796362, 0.943331994623052 ], [ -73.147455196080045, 0.938373420559041 ], [ -73.145861367900181, 0.933364245253051 ], [ -73.14935261015205, 0.932630578897774 ], [ -73.151831897633315, 0.935919432351404 ], [ -73.154817164296503, 0.933465442347113 ], [ -73.146063757596664, 0.928532163963288 ], [ -73.14429283809551, 0.924813232741569 ], [ -73.144115746774219, 0.919677562864673 ], [ -73.141029286610262, 0.924534945224577 ], [ -73.137563342733586, 0.923598889172818 ], [ -73.136981470222679, 0.92185326535197 ], [ -73.139637849923531, 0.920360631571276 ], [ -73.139663147400427, 0.918564414593343 ], [ -73.135084054354024, 0.914870779950112 ], [ -73.130049583367622, 0.914643092776796 ], [ -73.122384029258967, 0.921954459751032 ], [ -73.113984808794953, 0.919500470645094 ], [ -73.112239186770694, 0.922561633332055 ], [ -73.109279220279348, 0.924003668565773 ], [ -73.110240578299567, 0.918286127076344 ], [ -73.106040967169292, 0.915022572896204 ], [ -73.103713472634126, 0.915199665115839 ], [ -73.10287861008311, 0.912340895718599 ], [ -73.09452998636948, 0.912695079259468 ], [ -73.093290342628848, 0.908368973558371 ], [ -73.085397098651868, 0.910620573866183 ], [ -73.084536937725659, 0.908546066676307 ], [ -73.087269215247034, 0.905889687873838 ], [ -73.085447698097198, 0.904700639985331 ], [ -73.078490511968653, 0.906623353330821 ], [ -73.079249477597443, 0.904574147211078 ], [ -73.083524983853351, 0.901740672595729 ], [ -73.081475776835191, 0.897288075917035 ], [ -73.077529155745026, 0.894454602200035 ], [ -73.073709028327414, 0.895567754064671 ], [ -73.06447494531244, 0.905080123698037 ], [ -73.06171737031417, 0.905889687873838 ], [ -73.059946449914719, 0.90419466260002 ], [ -73.058226128062302, 0.904700639985331 ], [ -73.056758793555048, 0.908419573902054 ], [ -73.051597827099442, 0.911860219403423 ], [ -73.049245033290788, 0.910924158860079 ], [ -73.050585873227078, 0.906446261111235 ], [ -73.049751009777765, 0.905409008863775 ], [ -73.045601998092764, 0.90619327196943 ], [ -73.042363744084412, 0.911101250181361 ], [ -73.040972307397681, 0.911227745650614 ], [ -73.039454376140043, 0.907660609171585 ], [ -73.04046633001235, 0.902626134592107 ], [ -73.03879660401202, 0.902145454683627 ], [ -73.034723488350892, 0.908394272831916 ], [ -73.035229466634519, 0.913276951770355 ], [ -73.027108532789271, 0.917223573758685 ], [ -73.02860116567166, 0.920031748202194 ], [ -73.026577257028748, 0.921499082709399 ], [ -73.024882232653169, 0.921423183990581 ], [ -73.022706531064159, 0.917704253667163 ], [ -73.018633416301384, 0.916591101802525 ], [ -73.019847760768471, 0.912796274556884 ], [ -73.015471058316848, 0.914263608165733 ], [ -73.013118265406547, 0.911506034065908 ], [ -73.009374034012865, 0.91082296266436 ], [ -73.005958688683165, 0.919551071887019 ], [ -73.002796331596983, 0.921676174928984 ], [ -73.00535151510212, 0.923168805116428 ], [ -73.004769642591214, 0.92574928969162 ], [ -72.999709871433026, 0.925066221883374 ], [ -73.00163258388028, 0.928835751652128 ], [ -73.006338170599236, 0.928203278797615 ], [ -73.006211676028329, 0.933288349229182 ], [ -72.997635365141377, 0.931315038235013 ], [ -72.993789939348574, 0.933667832941886 ], [ -72.991664835408244, 0.933338946877859 ], [ -72.991816628354343, 0.931315038235013 ], [ -72.996547514346844, 0.927090130526281 ], [ -72.996648707847612, 0.922713428973093 ], [ -72.99161423686121, 0.927494909919232 ], [ -72.987414626629231, 0.928532163963288 ], [ -72.987111039838737, 0.932377588857672 ], [ -72.996648707847612, 0.951705919406548 ], [ -72.994776593049096, 0.952135999869634 ], [ -72.990172201627502, 0.949125433933007 ], [ -72.986225578740687, 0.951756515258574 ], [ -72.986605063351703, 0.95605732168618 ], [ -72.989134949380002, 0.958561906644201 ], [ -72.985719603152006, 0.961698966253386 ], [ -72.984479957614724, 0.960914699554488 ], [ -72.983442706265578, 0.955197160760002 ], [ -72.977902256097195, 0.956563297274844 ], [ -72.97415802560181, 0.955703137246958 ], [ -72.972791887290327, 0.960054538628305 ], [ -72.96869347235571, 0.959573863211421 ], [ -72.965050437157743, 0.963621677802281 ], [ -72.962798838646449, 0.963748174169774 ], [ -72.961888079173264, 0.960762906608393 ], [ -72.96047134411134, 0.960838803530562 ], [ -72.956372929176723, 0.967543002313719 ], [ -72.955765755595678, 0.973361738202263 ], [ -72.95265399705653, 0.978927488542251 ], [ -72.954222525064552, 0.983582476714077 ], [ -72.946405178009798, 0.982975303133048 ], [ -72.944890028836767, 0.978558840317099 ], [ -72.940308153705757, 0.979990039164904 ], [ -72.939043211589933, 0.982418730794003 ], [ -72.941724890564274, 0.985100407073309 ], [ -72.936715717054767, 0.984088454997685 ], [ -72.931706542646964, 0.998205216052494 ], [ -72.928914992439275, 1.001872262338726 ], [ -72.933201001805799, 1.009074166813473 ], [ -72.932498376759895, 1.015151868340131 ], [ -72.927193561166575, 1.015924756968653 ], [ -72.922767026431472, 1.012481896219959 ], [ -72.917602736206675, 1.016170672770248 ], [ -72.916127224328875, 1.014554638218927 ], [ -72.91609209298673, 1.010444284664849 ], [ -72.907871384081659, 1.008687722050061 ], [ -72.899966858154016, 1.018067759855197 ], [ -72.896523998303564, 1.016873298714482 ], [ -72.896769915901814, 1.01167387535106 ], [ -72.895083616869613, 1.01167387535106 ], [ -72.8848252973076, 1.024075198697628 ], [ -72.881698617739687, 1.024567036589116 ], [ -72.87593709739366, 1.021124176738778 ], [ -72.874250798361402, 1.022388900563782 ], [ -72.87411027299288, 1.026007418921314 ], [ -72.867189419254942, 1.024461644359332 ], [ -72.8681028323536, 1.028290948973079 ], [ -72.870526886875609, 1.032190512677754 ], [ -72.874250798361402, 1.034403783638481 ], [ -72.874531847301796, 1.036406263851506 ], [ -72.871897004727032, 1.039076235073381 ], [ -72.86645166376519, 1.039603205205255 ], [ -72.865151807699704, 1.041711076749708 ], [ -72.872283447693803, 1.046348401334001 ], [ -72.875550652630238, 1.041781341230589 ], [ -72.877447738816954, 1.041324632884651 ], [ -72.879344825901967, 1.046172743725103 ], [ -72.878747593984087, 1.048807586299727 ], [ -72.873758959571603, 1.052215315706275 ], [ -72.85991725568897, 1.041746208990147 ], [ -72.858020167705661, 1.04223804777993 ], [ -72.857422936686078, 1.0455403840584 ], [ -72.86149816069485, 1.057309343246667 ], [ -72.859882124346825, 1.059873924035353 ], [ -72.860830667889331, 1.071923936655603 ], [ -72.866521925551126, 1.074031809996713 ], [ -72.874602109986029, 1.074523646091548 ], [ -72.879450219928344, 1.072907610641929 ], [ -72.881663487295839, 1.069570143919668 ], [ -72.883349786328097, 1.070026848672359 ], [ -72.884052411374057, 1.077685456103144 ], [ -72.87987179423726, 1.079160968879195 ], [ -72.872142924121931, 1.076807177041552 ], [ -72.869121637682099, 1.086538528267948 ], [ -72.875410128160013, 1.089840862749771 ], [ -72.878361150119019, 1.095215940128849 ], [ -72.883174129617487, 1.096586058878525 ], [ -72.88370109795278, 1.098623669535342 ], [ -72.881417567900996, 1.101961138054252 ], [ -72.875269602791548, 1.100766675116888 ], [ -72.870843068056445, 1.102242187892933 ], [ -72.865678776933294, 1.108741463728499 ], [ -72.860619879836577, 1.105193209851789 ], [ -72.859284893327299, 1.102277319235079 ], [ -72.85155602321197, 1.102066530283976 ], [ -72.850045379992082, 1.10466624331316 ], [ -72.849272493160186, 1.108952251781305 ], [ -72.868419012636139, 1.121423837812107 ], [ -72.869999919438669, 1.125428800034751 ], [ -72.86975400004377, 1.130522826676853 ], [ -72.872072661437642, 1.135406068859395 ], [ -72.871826742941096, 1.141659429791664 ], [ -72.869086507238251, 1.146648063305685 ], [ -72.855806902134702, 1.142713367360509 ], [ -72.851064186218821, 1.142081002303912 ], [ -72.849799460597183, 1.143099806734031 ], [ -72.850853398166066, 1.158171106692306 ], [ -72.85260995898426, 1.16027897913506 ], [ -72.859671337192367, 1.161859885937537 ], [ -72.859249761985154, 1.164775775655947 ], [ -72.856790576121057, 1.16491630192276 ], [ -72.850291299386981, 1.161086997309072 ], [ -72.842035459139709, 1.16045463584572 ], [ -72.836730644444685, 1.155852445298454 ], [ -72.830512415752708, 1.156625331232027 ], [ -72.826893899191589, 1.1488964602186 ], [ -72.824715763166182, 1.15156643503372 ], [ -72.824259056616881, 1.158803468155663 ], [ -72.821026983920888, 1.162492247400888 ], [ -72.817127416622782, 1.163475921387159 ], [ -72.816249135764508, 1.168078111934422 ], [ -72.81874345297075, 1.17331266663993 ], [ -72.825137338373452, 1.175244883270369 ], [ -72.823907744992198, 1.178231036571369 ], [ -72.802864138431232, 1.18265757220462 ], [ -72.797629583725552, 1.176088032786472 ], [ -72.788319807706046, 1.177774332716972 ], [ -72.784314848178212, 1.175315145954603 ], [ -72.775777958990545, 1.181954948057034 ], [ -72.771281160672913, 1.182271131034449 ], [ -72.769208418673884, 1.177106839013175 ], [ -72.773353903570296, 1.172469518920478 ], [ -72.777499389364948, 1.164564990298147 ], [ -72.778377669324868, 1.148755934850137 ], [ -72.7654493767443, 1.133263064176196 ], [ -72.750799653789386, 1.128801398099157 ], [ -72.747286531254701, 1.12943375866416 ], [ -72.741946584319237, 1.133614376699169 ], [ -72.738784773409179, 1.140956802050836 ], [ -72.742508683996618, 1.147245294325195 ], [ -72.738749641168738, 1.151109729382729 ], [ -72.733971793910712, 1.153287863611412 ], [ -72.725118725338859, 1.148685673962503 ], [ -72.722764932602843, 1.149599087061189 ], [ -72.730599195846196, 1.160524898529949 ], [ -72.726523972735777, 1.168710476991012 ], [ -72.728842635028002, 1.177949991224224 ], [ -72.728069748196162, 1.182833228915228 ], [ -72.725856479930314, 1.186100434749848 ], [ -72.717600642378045, 1.187646207515238 ], [ -72.703794068040906, 1.184168216322811 ], [ -72.697435314878646, 1.181111800337527 ], [ -72.693641143403568, 1.175034096115919 ], [ -72.694378897995023, 1.163756971225836 ] ] ] ] } },
{ "type": "Feature", "properties": { "dpto_ccdgo": "18", "mpio_ccdgo": "785", "mpio_cdpmp": "18785", "dpto_cnmbr": "CAQUETÁ", "mpio_cnmbr": "SOLITA", "mpio_crslc": "ORD 28 DE NOVIEMBRE 27 DE 1996", "mpio_tipo": "MUNICIPIO", "mpio_narea": 476.93147279700003, "mpio_nano": 2024, "shape_Leng": 1.2461060651, "shape_Area": 0.03872207386 }, "geometry": { "type": "MultiPolygon", "coordinates": [ [ [ [ -75.634037709324389, 1.011068592725254 ], [ -75.623690328019222, 0.998247990267198 ], [ -75.61809383461059, 0.993393890353946 ], [ -75.609013812789556, 0.990181618339347 ], [ -75.608013545110111, 0.987905662888119 ], [ -75.599299614008544, 0.983387414581192 ], [ -75.595924188943627, 0.982307275829564 ], [ -75.59031920105889, 0.985421152597742 ], [ -75.582685371878085, 0.985678503063765 ], [ -75.577835025128934, 0.983466760138554 ], [ -75.569321051982456, 0.983789884403697 ], [ -75.56596194842092, 0.980029662985347 ], [ -75.563613895924107, 0.982069089138823 ], [ -75.559407965140736, 0.982704202144075 ], [ -75.546032041697345, 0.978010187531919 ], [ -75.541797275868703, 0.974900972125478 ], [ -75.540031159663215, 0.971349303749633 ], [ -75.533509623556995, 0.970811544842596 ], [ -75.529442405340433, 0.968496488390837 ], [ -75.526601903198923, 0.964250207049509 ], [ -75.517415660002484, 0.961248040367503 ], [ -75.516508873780936, 0.94956279704395 ], [ -75.513401116341242, 0.938843642272582 ], [ -75.514527380026266, 0.93337645785906 ], [ -75.520238443759183, 0.928688346979713 ], [ -75.541632389966935, 0.918705170829018 ], [ -75.549206166723138, 0.91194429818773 ], [ -75.558488609681717, 0.90976193199238 ], [ -75.565089172443095, 0.903441530635344 ], [ -75.565904042073214, 0.89740694378511 ], [ -75.553899638752569, 0.897413258048257 ], [ -75.544883178178452, 0.893844962741615 ], [ -75.52042722486658, 0.893661635310625 ], [ -75.517453199729857, 0.891249297524329 ], [ -75.495104068729404, 0.883534709735356 ], [ -75.487967035246072, 0.878475739875194 ], [ -75.479311073374333, 0.866381103407631 ], [ -75.480310882014351, 0.862004395566312 ], [ -75.477572241720736, 0.848010790041774 ], [ -75.469563169777018, 0.842831151189955 ], [ -75.476317968005731, 0.841812472524092 ], [ -75.477855873319641, 0.838761213770987 ], [ -75.486121650738426, 0.836256192231414 ], [ -75.486745816864925, 0.833288152574233 ], [ -75.493266077362478, 0.833792485142927 ], [ -75.498624881747389, 0.830742724780925 ], [ -75.499994650153894, 0.832708215934356 ], [ -75.50555945187233, 0.83388105999883 ], [ -75.507676684767887, 0.836139508169536 ], [ -75.508964392906137, 0.835596530046489 ], [ -75.511832429331321, 0.829702828789472 ], [ -75.508593897743253, 0.821259341109943 ], [ -75.508642900881057, 0.817456226000828 ], [ -75.514798885257449, 0.812866166312885 ], [ -75.514609858011454, 0.810091473005002 ], [ -75.519918362988619, 0.800219563172435 ], [ -75.508671553568206, 0.797670433418899 ], [ -75.502588436094186, 0.792054418705473 ], [ -75.499410809432618, 0.786629323989799 ], [ -75.497224222948603, 0.787901637686673 ], [ -75.487461292321257, 0.787551026748541 ], [ -75.484326433586148, 0.785450921145888 ], [ -75.484057186721373, 0.783112371035811 ], [ -75.489258828027118, 0.781630694913675 ], [ -75.495847573441552, 0.773150440058567 ], [ -75.502877668693316, 0.767318298600332 ], [ -75.508044281963294, 0.768164221217963 ], [ -75.520906521368431, 0.775730243710196 ], [ -75.524689532165496, 0.782329500319923 ], [ -75.535534164614376, 0.78577624089537 ], [ -75.538392439937923, 0.788592483114854 ], [ -75.539064974991106, 0.799184916939648 ], [ -75.537425669563788, 0.806330603002505 ], [ -75.538812773672419, 0.817385403665745 ], [ -75.535702297030184, 0.823101953414298 ], [ -75.537930072201164, 0.826800898003363 ], [ -75.547219466328897, 0.832685581964428 ], [ -75.569070213409134, 0.833380756377408 ], [ -75.577788960382748, 0.835352333621722 ], [ -75.582944265650951, 0.839069117868193 ], [ -75.600683582096053, 0.836625338123593 ], [ -75.607771519915048, 0.838261016150833 ], [ -75.612990110647104, 0.844414282222836 ], [ -75.615093125895328, 0.86154995277327 ], [ -75.62077905384831, 0.869338895974217 ], [ -75.62841221558034, 0.874012261894732 ], [ -75.636356939352368, 0.876738391341317 ], [ -75.64180919824571, 0.876972061299245 ], [ -75.659645875975514, 0.873544923775584 ], [ -75.674873259237643, 0.860238003577878 ], [ -75.681927120337491, 0.856908230932157 ], [ -75.693362260808954, 0.857565422748024 ], [ -75.710755942986566, 0.862297206158064 ], [ -75.7206138229202, 0.861596199877573 ], [ -75.741600154649632, 0.854104211200114 ], [ -75.75272860644543, 0.841267060863061 ], [ -75.757197512051277, 0.837586785975423 ], [ -75.760308221357377, 0.837236282835152 ], [ -75.763024613956929, 0.838112538889091 ], [ -75.765741008353075, 0.841398503358438 ], [ -75.766617264407103, 0.844991150215253 ], [ -75.764689500728991, 0.849460054922656 ], [ -75.764952377635041, 0.853534647415121 ], [ -75.771261420684709, 0.864663097413903 ], [ -75.776256080102655, 0.868781500777682 ], [ -75.777570463734435, 0.873031341247017 ], [ -75.784580512166372, 0.877040212042586 ], [ -75.79223314759264, 0.885627521910364 ], [ -75.797315433244762, 0.894039582004686 ], [ -75.801346211272801, 0.895908927294917 ], [ -75.808902135795165, 0.89551866738347 ], [ -75.809528896258257, 0.904751993117776 ], [ -75.812136898947529, 0.911271996696732 ], [ -75.819141250259349, 0.912520113353862 ], [ -75.819299592827406, 0.911169541061978 ], [ -75.820817823224274, 0.911067082732331 ], [ -75.82377045496554, 0.913442229337939 ], [ -75.823463082671367, 0.914792799833118 ], [ -75.821730623671499, 0.914587886767003 ], [ -75.820445251154865, 0.922840355634016 ], [ -75.819280964448524, 0.922942808573828 ], [ -75.819746679310754, 0.930664363701691 ], [ -75.821581594843735, 0.931269790058065 ], [ -75.819979536292692, 0.932545849732667 ], [ -75.820706051154332, 0.933989564817253 ], [ -75.718571205948251, 0.967769336623213 ], [ -75.718637905012883, 0.971369401773502 ], [ -75.716589467851577, 0.973683677588624 ], [ -75.716756258183295, 0.977410491533305 ], [ -75.715089793070035, 0.979377564621184 ], [ -75.717563592738827, 0.981330591640063 ], [ -75.686217437129301, 0.992091454324996 ], [ -75.683480568314792, 0.998148817079087 ], [ -75.680571617189059, 1.000150433112131 ], [ -75.673530313648598, 1.001688052761492 ], [ -75.671034761257829, 1.003593109705994 ], [ -75.662203163336756, 1.003840055876069 ], [ -75.660517481447584, 1.008615314187235 ], [ -75.657761253923297, 1.011387253258208 ], [ -75.651180087601006, 1.010768097040096 ], [ -75.63939362562337, 1.013381934291725 ], [ -75.634037709324389, 1.011068592725254 ] ] ] ] } },
{ "type": "Feature", "properties": { "dpto_ccdgo": "18", "mpio_ccdgo": "860", "mpio_cdpmp": "18860", "dpto_cnmbr": "CAQUETÁ", "mpio_cnmbr": "VALPARAÍSO", "mpio_crslc": "Ordenanza 3 de Noviembre 12 de 1985", "mpio_tipo": "MUNICIPIO", "mpio_narea": 1330.2100149600001, "mpio_nano": 2024, "shape_Leng": 2.3138481340900001, "shape_Area": 0.10800551113 }, "geometry": { "type": "MultiPolygon", "coordinates": [ [ [ [ -75.738702974158457, 1.326609115240934 ], [ -75.728158822123362, 1.327312255920176 ], [ -75.723236337904495, 1.322061374321392 ], [ -75.715759641260036, 1.320436034114619 ], [ -75.709253240880059, 1.322354107657989 ], [ -75.701894364667282, 1.321501630028507 ], [ -75.702619277831445, 1.312779153247202 ], [ -75.707046462048993, 1.30271420428934 ], [ -75.704572179984496, 1.295244748970432 ], [ -75.700112221606048, 1.29420884240036 ], [ -75.696742332862584, 1.295729016752968 ], [ -75.694348565962855, 1.294468815949025 ], [ -75.69048609911556, 1.295076680335053 ], [ -75.683939652706613, 1.292597250919942 ], [ -75.677639946753402, 1.295296818959042 ], [ -75.670711807672717, 1.295496284636988 ], [ -75.663036902094461, 1.29232249108989 ], [ -75.662218794035141, 1.288985096232947 ], [ -75.65826363714632, 1.285394779607852 ], [ -75.65896512672083, 1.284713436566272 ], [ -75.656077807942665, 1.284137725604875 ], [ -75.658492167838403, 1.280407454041912 ], [ -75.658815917331538, 1.27512116891122 ], [ -75.66070701803875, 1.272072327526481 ], [ -75.659388052096972, 1.271940036122444 ], [ -75.658522800414005, 1.267861085000767 ], [ -75.659772876298348, 1.263556052894736 ], [ -75.655329332848112, 1.262142290360481 ], [ -75.654201400990303, 1.260359586750154 ], [ -75.655569528173487, 1.2574659420308 ], [ -75.654428639903983, 1.257668638951347 ], [ -75.654500631846531, 1.256388924028967 ], [ -75.650970487121981, 1.257965747985187 ], [ -75.648832235428642, 1.256660898181119 ], [ -75.647313516347879, 1.252390244628406 ], [ -75.648384223679841, 1.250118381006581 ], [ -75.646302070922445, 1.250291183767263 ], [ -75.643968688824202, 1.24746069964592 ], [ -75.645692594059142, 1.245870929159503 ], [ -75.646229970283628, 1.240967512596239 ], [ -75.648215289067878, 1.239377876857201 ], [ -75.647610128612996, 1.237750952919331 ], [ -75.645958183879486, 1.23813278213514 ], [ -75.646422961798123, 1.235633340036163 ], [ -75.647932449783696, 1.234976341358258 ], [ -75.646851906789777, 1.233468761395927 ], [ -75.648148250439704, 1.231412294187961 ], [ -75.647341488111465, 1.229007847209356 ], [ -75.645081929622165, 1.232367460115951 ], [ -75.641101014420371, 1.232592546664479 ], [ -75.634710479736384, 1.22807223762065 ], [ -75.627513224046709, 1.229530226048199 ], [ -75.622705242778466, 1.227041958101966 ], [ -75.619998325616052, 1.227280144792706 ], [ -75.619143672265238, 1.223559610975222 ], [ -75.62243300721633, 1.220247572883992 ], [ -75.619204737091991, 1.217062626743772 ], [ -75.613894589094855, 1.220561537919258 ], [ -75.607875051732378, 1.218301626391814 ], [ -75.602198077294986, 1.225436774309639 ], [ -75.596418658002676, 1.222117084362714 ], [ -75.594167691905852, 1.222413604101232 ], [ -75.59335948328885, 1.227041031938161 ], [ -75.596685968996439, 1.231138467708205 ], [ -75.595956328893465, 1.232595407800949 ], [ -75.590414127907252, 1.231578571581202 ], [ -75.588832650674078, 1.224062768546619 ], [ -75.576820078966023, 1.227311946077419 ], [ -75.573094934092353, 1.218857286041782 ], [ -75.568635138309105, 1.217228476538647 ], [ -75.546953344705514, 1.138327969210177 ], [ -75.549496323689482, 1.135270221920651 ], [ -75.546573534904041, 1.130770892148637 ], [ -75.5502762676918, 1.116480945650461 ], [ -75.548542612135009, 1.114327285142886 ], [ -75.548556619576402, 1.110189218540198 ], [ -75.544269053428195, 1.106670822890696 ], [ -75.54004715687455, 1.100238692582867 ], [ -75.542365555061906, 1.097429359311749 ], [ -75.541452339592695, 1.094116047408381 ], [ -75.543080717005921, 1.093004631090257 ], [ -75.543605246413279, 1.08959638066045 ], [ -75.400346853879284, 1.031348662126605 ], [ -75.323986964757751, 0.924531571149699 ], [ -75.469563169777018, 0.842831151189955 ], [ -75.477572241720736, 0.848010790041774 ], [ -75.480310882014351, 0.862004395566312 ], [ -75.479311073374333, 0.866381103407631 ], [ -75.480842403015117, 0.869431394674369 ], [ -75.487967035246072, 0.878475739875194 ], [ -75.495104068729404, 0.883534709735356 ], [ -75.517453199729857, 0.891249297524329 ], [ -75.52157824703886, 0.894047333573457 ], [ -75.544883178178452, 0.893844962741615 ], [ -75.553899638752569, 0.897413258048257 ], [ -75.565904042073214, 0.89740694378511 ], [ -75.565089172443095, 0.903441530635344 ], [ -75.558488609681717, 0.90976193199238 ], [ -75.549206166723138, 0.91194429818773 ], [ -75.541632389966935, 0.918705170829018 ], [ -75.520238443759183, 0.928688346979713 ], [ -75.514527380026266, 0.93337645785906 ], [ -75.513401116341242, 0.938843642272582 ], [ -75.516508873780936, 0.94956279704395 ], [ -75.517415660002484, 0.961248040367503 ], [ -75.526601903198923, 0.964250207049509 ], [ -75.529442405340433, 0.968496488390837 ], [ -75.533509623556995, 0.970811544842596 ], [ -75.540031159663215, 0.971349303749633 ], [ -75.541797275868703, 0.974900972125478 ], [ -75.546032041697345, 0.978010187531919 ], [ -75.559407965140736, 0.982704202144075 ], [ -75.563613895924107, 0.982069089138823 ], [ -75.56596194842092, 0.980029662985347 ], [ -75.569321051982456, 0.983789884403697 ], [ -75.577835025128934, 0.983466760138554 ], [ -75.582685371878085, 0.985678503063765 ], [ -75.59031920105889, 0.985421152597742 ], [ -75.595924188943627, 0.982307275829564 ], [ -75.599299614008544, 0.983387414581192 ], [ -75.608013545110111, 0.987905662888119 ], [ -75.609013812789556, 0.990181618339347 ], [ -75.61809383461059, 0.993393890353946 ], [ -75.623690328019222, 0.998247990267198 ], [ -75.63097775756728, 1.008448161834171 ], [ -75.63939362562337, 1.013381934291725 ], [ -75.651180087601006, 1.010768097040096 ], [ -75.657761253923297, 1.011387253258208 ], [ -75.660517481447584, 1.008615314187235 ], [ -75.662203163336756, 1.003840055876069 ], [ -75.671034761257829, 1.003593109705994 ], [ -75.673530313648598, 1.001688052761492 ], [ -75.680571617189059, 1.000150433112131 ], [ -75.683480568314792, 0.998148817079087 ], [ -75.686217437129301, 0.992091454324996 ], [ -75.717563592738827, 0.981330591640063 ], [ -75.715089793070035, 0.979377564621184 ], [ -75.716756258183295, 0.977410491533305 ], [ -75.716589467851577, 0.973683677588624 ], [ -75.718637905012883, 0.971369401773502 ], [ -75.718571205948251, 0.967769336623213 ], [ -75.820706051154332, 0.933989564817253 ], [ -75.824420903123212, 0.937201446064445 ], [ -75.828270812411176, 0.935748414544556 ], [ -75.82841984123894, 0.934345060797852 ], [ -75.830940910295681, 0.935276495013762 ], [ -75.831152031623674, 0.941982784178299 ], [ -75.834008415992002, 0.940554592892474 ], [ -75.83729947031992, 0.944143698587559 ], [ -75.845272507215611, 0.94811780096069 ], [ -75.850029006892214, 0.95530843606121 ], [ -75.851221236616084, 0.962101664248161 ], [ -75.855218103215066, 0.966400727942721 ], [ -75.858805114935706, 0.967327760410278 ], [ -75.864400886996577, 0.975560360323991 ], [ -75.865853207948533, 0.980342194308284 ], [ -75.86424203688, 0.981954821546955 ], [ -75.863953999041144, 0.986265355838492 ], [ -75.862152077756491, 0.987815151262907 ], [ -75.863971302403911, 0.98864566865942 ], [ -75.863060247384738, 0.990990226706921 ], [ -75.86884701580027, 1.008297846617902 ], [ -75.868083634948277, 1.013086337123718 ], [ -75.87179534370955, 1.016943841673314 ], [ -75.874821426258507, 1.017953209293833 ], [ -75.875724394637075, 1.02206787476474 ], [ -75.873651669706021, 1.02913771600771 ], [ -75.863497712903666, 1.037242004955562 ], [ -75.861358294297872, 1.046751959915513 ], [ -75.857130536232319, 1.051004169244174 ], [ -75.853176708851208, 1.051963167388223 ], [ -75.852628446833421, 1.059510117733478 ], [ -75.853717976580583, 1.062254983356913 ], [ -75.848614336160495, 1.06915225809626 ], [ -75.852834366911793, 1.074486427961331 ], [ -75.858105581893426, 1.074083432623976 ], [ -75.862551007315687, 1.079330103815665 ], [ -75.86063124493819, 1.083200085076194 ], [ -75.860159779955268, 1.0916652518158 ], [ -75.857035208734999, 1.09521805117144 ], [ -75.858023129061053, 1.097920041070504 ], [ -75.813549408330971, 1.112005882986919 ], [ -75.816159937084876, 1.12105529289333 ], [ -75.814794447357542, 1.125512336236236 ], [ -75.819160097827364, 1.136547653323746 ], [ -75.817176493030104, 1.141275232614877 ], [ -75.817973470900426, 1.143494577988392 ], [ -75.816821537835722, 1.147692605387491 ], [ -75.818331748067351, 1.150016721356047 ], [ -75.81665748557117, 1.153379137008587 ], [ -75.818854442215127, 1.157997679601994 ], [ -75.814810185853844, 1.160739478374566 ], [ -75.810026836410316, 1.168515103142465 ], [ -75.810197760792278, 1.172554295696321 ], [ -75.808110260359683, 1.174073890635156 ], [ -75.807485486971586, 1.173094134204949 ], [ -75.806312836044981, 1.175654747131893 ], [ -75.805111077883339, 1.174224895758121 ], [ -75.803179949113485, 1.174636702677145 ], [ -75.803978561020642, 1.172746272113711 ], [ -75.796262830573482, 1.176696748776038 ], [ -75.794394354853068, 1.173817997237685 ], [ -75.791320399247809, 1.173275107149633 ], [ -75.791480647144112, 1.17093122822904 ], [ -75.78721384197695, 1.172156171028297 ], [ -75.789572639231437, 1.169818441979057 ], [ -75.787424236567347, 1.170296847351334 ], [ -75.78497005611996, 1.168776357689811 ], [ -75.78679584386407, 1.166143975602642 ], [ -75.785174532604515, 1.167469071652749 ], [ -75.784602960184884, 1.165648127628562 ], [ -75.782139545947359, 1.165998791567385 ], [ -75.781477981129171, 1.168859679193762 ], [ -75.780015277440896, 1.166108370847982 ], [ -75.777740645209064, 1.165882838734702 ], [ -75.776817800690708, 1.168842362356205 ], [ -75.775249844909979, 1.167587588279259 ], [ -75.777488589417601, 1.172636956937982 ], [ -75.778959784886979, 1.173079346126918 ], [ -75.77793591844619, 1.176362884244763 ], [ -75.779059756678009, 1.177009889157225 ], [ -75.773310051882333, 1.18129104132901 ], [ -75.772092493240564, 1.181515565531736 ], [ -75.770902836293772, 1.179450627203883 ], [ -75.769159486110652, 1.180096726613811 ], [ -75.768364744148812, 1.185241728197269 ], [ -75.764154445753093, 1.186613550154094 ], [ -75.762222016221642, 1.184959005694207 ], [ -75.76203590221445, 1.188532033329558 ], [ -75.760085583618263, 1.189069138262556 ], [ -75.761222336040873, 1.187085479566377 ], [ -75.757006739377346, 1.185009827023558 ], [ -75.755430958365935, 1.186927094777476 ], [ -75.756456887340278, 1.189450770747163 ], [ -75.750610938764964, 1.193768397243477 ], [ -75.744873390879661, 1.190883360188097 ], [ -75.741608921315503, 1.190771017687458 ], [ -75.740074725148361, 1.187108796256465 ], [ -75.733949210752371, 1.191318720952669 ], [ -75.732529177972424, 1.196864117248699 ], [ -75.727363112675221, 1.196345571524208 ], [ -75.724683418080872, 1.200224135295787 ], [ -75.720637257289695, 1.20025356502628 ], [ -75.719892398815318, 1.205739028373764 ], [ -75.716265137148014, 1.205950370687475 ], [ -75.717802743322636, 1.208149609952283 ], [ -75.721298868820327, 1.208295860288681 ], [ -75.72304888271151, 1.21011199293236 ], [ -75.718623379243184, 1.210954607950421 ], [ -75.720038906968398, 1.214231724905498 ], [ -75.719740313018235, 1.219273034771436 ], [ -75.717521174257286, 1.225193113281159 ], [ -75.720799403327703, 1.226250563265569 ], [ -75.722607848183088, 1.229116079914325 ], [ -75.727126701955171, 1.229210752539247 ], [ -75.727039728796683, 1.234315354157222 ], [ -75.728956086556536, 1.23727286016102 ], [ -75.731142420613764, 1.237107112774164 ], [ -75.732769741607342, 1.233550457846238 ], [ -75.7344597596678, 1.233398409778405 ], [ -75.735327546398537, 1.235020175585743 ], [ -75.735775666843551, 1.242653127111638 ], [ -75.733404752204592, 1.244746118051524 ], [ -75.733356668942349, 1.247188479355185 ], [ -75.734646097355721, 1.250013463986017 ], [ -75.738411058289387, 1.25077763266106 ], [ -75.740284640936295, 1.256635232394679 ], [ -75.742637362879634, 1.257130663550116 ], [ -75.744728844648762, 1.262698744121828 ], [ -75.73981000669454, 1.266743764051585 ], [ -75.739819076092886, 1.276425737542389 ], [ -75.741892454099627, 1.278236886328878 ], [ -75.748534645722771, 1.278594345129898 ], [ -75.748928270725969, 1.283530914045204 ], [ -75.745727834922889, 1.286317819959091 ], [ -75.749040321273924, 1.294303129647703 ], [ -75.753721233049021, 1.297760384113603 ], [ -75.754293959804727, 1.29998488582095 ], [ -75.751795525616274, 1.302756960537661 ], [ -75.750641273997928, 1.307388455051164 ], [ -75.752071303238381, 1.311593045546899 ], [ -75.748614362284627, 1.315259842101295 ], [ -75.748176047857044, 1.323414051367617 ], [ -75.742725530798452, 1.321954542989392 ], [ -75.738702974158457, 1.326609115240934 ] ] ] ] } }
]
}
